stop_id,lat,lon
busStop_-11176_0_217,-85.25019469411431,35.071794553242746
busStop_-11176_0_2228,-85.24913779944939,35.0714015550108
busStop_-11176_0_289,-85.24927559184549,35.07145306032845
busStop_-11237_0_405,-85.29519379794206,35.04488501214881
busStop_-11239_0_418,-85.29896201083396,35.04893675453146
busStop_-11239_0_419,-85.2976638721438,35.04844647327941
busStop_-11394_0_760,-85.31742632030029,35.04493596607591
busStop_-1198_0_570,-85.24660698427411,35.12836100742362
busStop_-1198_0_571,-85.24696329808748,35.1272355318345
busStop_-1201_1_572,-85.24819638216096,35.12326875749964
busStop_-1204_0_573,-85.24858245865497,35.12201493414977
busStop_-1207_0_574,-85.24980269683323,35.11846287183304
busStop_-1215_0_578,-85.26120681422854,35.113517559629265
busStop_-1217_0_2028,-85.26158886991864,35.11340626569753
busStop_-1217_0_579,-85.26224781176275,35.113262951158944
busStop_-1219_0_2026,-85.26337303916947,35.11309456388733
busStop_-1219_0_580,-85.26332659475837,35.11310075237292
busStop_-1223_0_584,-85.27128958067486,35.109402108386085
busStop_-1224_0_585,-85.27162669171291,35.10850141343451
busStop_-1225_0_586,-85.27224930957121,35.10692206906829
busStop_-1231_0_590,-85.27713139737428,35.10070804362757
busStop_-1235_0_592,-85.27878499489641,35.09975008007589
busStop_-1253_0_1371,-85.19688926268174,35.084945180998474
busStop_-1256_0_1372,-85.20311893831048,35.083857413540784
busStop_-1263_0_226,-85.21347922524721,35.08099224351758
busStop_-1270_0_227,-85.22684510164825,35.079569515634255
busStop_-1279_1_601,-85.28927839592521,35.078131590292536
busStop_-1282_0_2238,-85.17056716019934,35.074538823936344
busStop_-1296_0_228,-85.2345837703936,35.074096924255706
busStop_-1298_0_603,-85.28841556902647,35.07460951879618
busStop_-1301_0_229,-85.23791360917681,35.073430491474994
busStop_-1316_0_605,-85.28943069529183,35.06872205665432
busStop_-13652_0_1055,-85.23107889954676,35.06827841034465
busStop_-13668_0_732,-85.30877109660943,35.07035557443088
busStop_-13948_0_1756,-85.15375430032898,35.07681430052699
busStop_-13948_0_1760,-85.15386390520453,35.07685002842786
busStop_-13986_0_2239,-85.1301615050032,35.075243068094544
busStop_-14119_0_1757,-85.14218682807636,35.07065511288443
busStop_-14125_0_2240,-85.13404933450849,35.07137743394652
busStop_-14129_0_709,-85.20379139550283,35.066494541330144
busStop_-14173_0_404,-85.2945927782874,35.04599210314993
busStop_-14183_0_256,-85.26373160010412,35.054006858435514
busStop_-14249_0_291,-85.24652393111428,35.070429615709784
busStop_-1426_0_361,-85.24975414973353,35.064079227880256
busStop_-14311_0_254,-85.26222123573368,35.05673777465715
busStop_-1436_0_364,-85.25222141631738,35.059587543710265
busStop_-1438_0_365,-85.25299142781671,35.058154536395264
busStop_-1443_0_1992,-85.25361587113449,35.05704623654604
busStop_-14500_0_564,-85.24118044660837,35.13280474046916
busStop_-1450_0_367,-85.2545136603054,35.0553690405407
busStop_-14532_0_559,-85.2420259308384,35.130964571390614
busStop_-1455_1_803,-85.30977053765213,35.05494482394576
busStop_-1456_0_616,-85.26505554381481,35.05414665691235
busStop_-1457_0_368,-85.25513407673716,35.054239041764625
busStop_-1464_0_369,-85.2557738631164,35.05307240574189
busStop_-1465_0_619,-85.26115882363946,35.05272709853003
busStop_-1467_0_1515,-85.25881586394782,35.052323155476124
busStop_-1469_0_621,-85.25763928272937,35.05210070439107
busStop_-1470_0_370,-85.25635012417976,35.052038353565045
busStop_-1481_0_173,-85.3001192691037,35.050756272187314
busStop_-1481_0_2163,-85.30158801052589,35.05131691913488
busStop_-1483_0_1472,-85.15376215440057,35.0503097165507
busStop_-1485_0_1395,-85.2576957566402,35.04959658012066
busStop_-1488_0_1360,-85.29536694951385,35.049829784491315
busStop_-1488_0_175,-85.29478868280826,35.04960707289314
busStop_-1489_0_12,-85.30963369197234,35.05063143199786
busStop_-1489_0_1872,-85.3096211592091,35.04981541515299
busStop_-1490_0_1473,-85.15826828408157,35.04751781723338
busStop_-1496_0_176,-85.29213215595487,35.048344399586675
busStop_-1502_0_177,-85.29078405130574,35.0478403578765
busStop_-15053_0_411,-85.29979069493722,35.04424391834083
busStop_-1506_0_628,-85.23364897284173,35.04621714717442
busStop_-1507_0_178,-85.28859974242701,35.04700714364883
busStop_-15106_0_1571,-85.29469892637748,35.04731104139873
busStop_-1510_0_1579,-85.30954683440459,35.04814254466261
busStop_-1510_0_2176,-85.309547201412,35.04818932824116
busStop_-1510_1_2078,-85.30954592642945,35.04802680262872
busStop_-1513_0_892,-85.16189231369219,35.04464426885882
busStop_-1514_0_179,-85.28708870795096,35.046450227682016
busStop_-15155_0_733,-85.30897150714017,35.06847471972201
busStop_-1515_1_359,-85.27853080220405,35.04646714785303
busStop_-1517_0_1875,-85.1604199872231,35.04410685256162
busStop_-1521_0_928,-85.16328158479429,35.044429101300146
busStop_-1524_0_1354,-85.30949824578352,35.04602566839543
busStop_-1524_0_2068,-85.30953614071385,35.04702625049787
busStop_-1527_1_894,-85.15917157292841,35.04365781635375
busStop_-1531_0_630,-85.22863963757322,35.04379976008237
busStop_-1535_0_1474,-85.30505874967767,35.044548575669154
busStop_-1538_0_374,-85.25722780931861,35.04372519520569
busStop_-1539_0_712,-85.27974057246293,35.04420484026047
busStop_-1540_0_17,-85.30938531298831,35.04426143075417
busStop_-1540_0_2076,-85.30941328774102,35.04468663692656
busStop_-1541_0_493,-85.31041337996417,35.044064011367304
busStop_-1604_0_358,-85.27709715621963,35.04906507422238
busStop_-1610_0_1471,-85.1473542314366,35.05354139719646
busStop_-1612_0_780,-85.24250696450264,35.09652080360499
busStop_-1614_0_362,-85.25030803230044,35.06307621476881
busStop_-16160_0_833,-85.26090543016237,35.03079609748493
busStop_-1621_0_357,-85.27486275196483,35.05232538879155
busStop_-16481_0_930,-85.16636370770848,35.04250310792338
busStop_-16485_0_811,-85.30317577183656,35.04381335009094
busStop_-16486_0_812,-85.30191081924025,35.04334269220333
busStop_-16488_0_183,-85.2768373892082,35.04264336948927
busStop_-16489_0_931,-85.16870540747206,35.04103637878346
busStop_-16498_0_184,-85.27368430246337,35.04147928176183
busStop_-16500_1_814,-85.29739911411953,35.04173674382338
busStop_-16501_0_815,-85.29639492780267,35.04135747193953
busStop_-16502_0_816,-85.29512877489209,35.040877122280875
busStop_-16503_0_19,-85.30833738859454,35.04101675913053
busStop_-16506_0_817,-85.29399859724161,35.04044938060271
busStop_-16507_0_1396,-85.25848583122036,35.04159147618003
busStop_-16507_0_376,-85.25937291266771,35.039937388136025
busStop_-16508_0_818,-85.29244032839297,35.0398747650908
busStop_-16510_0_2129,-85.26045515954968,35.0392796239445
busStop_-16517_0_1557,-85.30750322321191,35.038628018678004
busStop_-16526_0_820,-85.28570092898038,35.03716578073693
busStop_-16528_0_821,-85.2845795615258,35.036620198755
busStop_-16529_0_428,-85.31168443544043,35.03689295743464
busStop_-16530_0_379,-85.26146291427443,35.036219820419454
busStop_-16532_1_21,-85.30737410615596,35.03642381186449
busStop_-16534_0_823,-85.28184269207183,35.035552364119035
busStop_-16535_0_429,-85.31215320150002,35.036061702825094
busStop_-16536_0_380,-85.26192021771766,35.03539355836955
busStop_-16539_0_381,-85.26237413043198,35.034582250590894
busStop_-16540_0_825,-85.2790712829582,35.03452425022338
busStop_-16542_0_22,-85.30815845126148,35.03466092079598
busStop_-16543_0_826,-85.27773809288813,35.03402297429618
busStop_-16544_0_1409,-85.31306748859397,35.034423456299024
busStop_-16545_0_382,-85.26284628259098,35.0337270262645
busStop_-16547_0_827,-85.27629883373062,35.03348067527952
busStop_-16560_0_23,-85.30860517220573,35.03280095496559
busStop_-16561_0_321,-85.27185455611347,35.03182028188839
busStop_-16565_0_322,-85.27045190615368,35.0312951403809
busStop_-16571_0_830,-85.26896049011249,35.030727667621946
busStop_-16579_0_2131,-85.26473714930651,35.03034375950597
busStop_-16591_0_1578,-85.1905066723645,35.02739471642702
busStop_-16593_0_431,-85.31623477348656,35.02861770177067
busStop_-16599_0_835,-85.25418416550151,35.02725636801016
busStop_-16601_0_432,-85.31670690883416,35.02776226573137
busStop_-16609_0_836,-85.25160957204822,35.02615895681561
busStop_-16615_0_837,-85.24884279731373,35.025700540437086
busStop_-16616_0_27,-85.3109981967558,35.02677759042385
busStop_-16624_0_433,-85.31773787140807,35.02589256498974
busStop_-16625_0_28,-85.31143806912952,35.02595073232193
busStop_-16634_0_838,-85.24778333296376,35.02495787431732
busStop_-16639_0_1592,-85.29700688578042,35.02418395357669
busStop_-16641_0_839,-85.24613636357333,35.023978681620804
busStop_-16641_0_840,-85.24455409268748,35.02329389081304
busStop_-16651_0_1215,-85.29387501881554,35.02301209097709
busStop_-16655_0_1216,-85.29272328984148,35.022575959390714
busStop_-16663_0_1218,-85.28990513009167,35.021557852848545
busStop_-16664_0_1860,-85.20175488805253,35.02034330242196
busStop_-16671_0_1107,-85.27043827178959,35.0208850146252
busStop_-16672_0_1219,-85.28848946247798,35.021069406450636
busStop_-16676_0_1220,-85.28701815887007,35.020561223937705
busStop_-16678_0_435,-85.32038454829456,35.02107907363598
busStop_-16682_0_1108,-85.27100428173293,35.02006029099454
busStop_-16686_0_1221,-85.28472522702023,35.01975744536238
busStop_-16689_0_902,-85.16889248499162,35.017818405844444
busStop_-16690_1_1023,-85.17192435143595,35.01821338215953
busStop_-16693_0_1109,-85.27146940533599,35.01937521769782
busStop_-16694_0_844,-85.23997218720856,35.019048988798815
busStop_-16705_0_1477,-85.20574741749547,35.017847816152745
busStop_-16707_0_1399,-85.28272621544961,35.01903338068927
busStop_-16709_0_1110,-85.2721630414161,35.01817020917714
busStop_-16710_0_845,-85.23807285251681,35.01745932299691
busStop_-16711_0_1224,-85.2799785477696,35.01800735925699
busStop_-16712_0_903,-85.16548754338346,35.01634686207769
busStop_-16726_0_1411,-85.32213391064855,35.01792229769429
busStop_-16730_0_1111,-85.27285961161733,35.016938944503295
busStop_-16732_0_1548,-85.277027759747,35.01690262873168
busStop_-16735_0_38,-85.32253369631634,35.01716578729535
busStop_-16736_0_848,-85.23470971203297,35.01562561239023
busStop_-16739_0_1112,-85.27343507593694,35.015977193081845
busStop_-16743_0_849,-85.23386094960775,35.01527551188248
busStop_-16743_0_850,-85.23252372767719,35.01471550908848
busStop_-16748_1_1909,-85.15991552915317,35.013106571098554
busStop_-16749_0_851,-85.23117292536935,35.01414775518875
busStop_-16751_0_1355,-85.32393004627026,35.015299569606384
busStop_-16753_1_907,-85.1589073133232,35.012648804349126
busStop_-16766_0_856,-85.2250582247878,35.01158993084365
busStop_-16770_0_857,-85.22300605908075,35.01082182288356
busStop_-16772_0_858,-85.22225411532486,35.010549846616314
busStop_-16774_0_859,-85.22137914743486,35.01022569559667
busStop_-16777_0_861,-85.21771465246555,35.01065857144247
busStop_-16777_0_953,-85.21894870178608,35.010285697748344
busStop_-16777_1_952,-85.21769603811016,35.01066419871258
busStop_-16785_0_1122,-85.2776598762592,35.00826071592597
busStop_-16787_0_1910,-85.15326783658315,35.00831194622001
busStop_-16791_0_1123,-85.27829199636291,35.00710999500553
busStop_-16796_1_1124,-85.27891651873965,35.005971275310536
busStop_-16805_1_1125,-85.2795304011143,35.00485245619188
busStop_-16886_0_1128,-85.2817804352398,35.00068222381713
busStop_-16888_0_1238,-85.29200579253849,35.000328216772054
busStop_-16889_0_1239,-85.29175196801138,34.999056219701
busStop_-16890_0_1130,-85.28268203053125,34.99838151867833
busStop_-16891_0_1240,-85.29151265724349,34.99782578843387
busStop_-16895_0_1241,-85.29126557342066,34.9965844332152
busStop_-16898_0_1242,-85.29102141757727,34.99536360482415
busStop_-16900_0_1132,-85.28489110479074,34.99430492855481
busStop_-16903_0_1133,-85.28562379734366,34.99296238521055
busStop_-16907_0_1134,-85.28630563039897,34.99162031999417
busStop_-16908_0_1244,-85.29024525698934,34.99154023408965
busStop_-16912_0_1498,-85.28726578921186,34.98987316333879
busStop_-16915_0_1246,-85.2887981735553,34.987917357879105
busStop_-16926_0_935,-85.18531031766575,35.03062340333189
busStop_-1692_0_355,-85.26935974135307,35.055152632650724
busStop_-1692_0_356,-85.27037177064322,35.05475736605577
busStop_-16930_0_1243,-85.29061963259215,34.99329371456029
busStop_-16936_0_939,-85.19412026673982,35.025140930658104
busStop_-16942_0_1214,-85.29514745437962,35.02348716592738
busStop_-16944_0_1217,-85.29194890304451,35.02228693826472
busStop_-16951_1_1485,-85.15742913766094,35.04302247976506
busStop_-16974_1_829,-85.27350130128002,35.032428353784695
busStop_-16975_1_828,-85.27448301322897,35.032794709314025
busStop_-16980_1_2198,-85.2148196579987,35.0115233486961
busStop_-16987_0_1559,-85.28837131342951,34.98784032642542
busStop_-17060_0_813,-85.29908974347192,35.04237420992684
busStop_-17063_0_934,-85.17847987439545,35.0347999978981
busStop_-17067_0_375,-85.25770171711298,35.042861162438285
busStop_-17069_0_378,-85.26103086695835,35.03718770911926
busStop_-17070_0_377,-85.26103485154547,35.03879460014337
busStop_-17073_1_313,-85.26940835793947,35.03990307091164
busStop_-17075_0_312,-85.27219676505376,35.040912268695315
busStop_-17079_0_631,-85.22443835350033,35.04304923851431
busStop_-17080_0_669,-85.22197430171228,35.04295061016832
busStop_-17087_0_1836,-85.21951912181922,35.03784167888972
busStop_-17101_0_852,-85.22978997170182,35.01356718529376
busStop_-17109_0_434,-85.31822312511164,35.02498737509328
busStop_-17147_0_854,-85.22735934075304,35.012469921628586
busStop_-17157_0_1407,-85.31115848884843,35.03792150042527
busStop_-17159_0_24,-85.3088094241029,35.03183288291123
busStop_-17162_0_25,-85.30899439433462,35.03085325557823
busStop_-17163_0_26,-85.31056060859729,35.027562614352114
busStop_-17167_0_1129,-85.28244355716865,34.999483804276444
busStop_-17169_1_1127,-85.280785870404,35.00253062642725
busStop_-17189_1_905,-85.16162047901757,35.01388956935105
busStop_-17209_0_1245,-85.2899608675094,34.99013756116132
busStop_-17223_0_1004,-85.15641503370335,35.028758900038554
busStop_-17226_0_1015,-85.15546992192179,35.01088903914951
busStop_-17226_0_908,-85.15507741764908,35.01066507948673
busStop_-17239_0_1003,-85.15550716746944,35.03041368971051
busStop_-17251_0_824,-85.28044967158006,35.03503728724416
busStop_-17280_0_430,-85.31346807054508,35.0337017370745
busStop_-17289_0_822,-85.28306273119337,35.03600454973983
busStop_-17297_0_437,-85.32143111955689,35.019171350935686
busStop_-17298_0_436,-85.321016599984,35.01992976750897
busStop_-17301_0_1357,-85.3073915140271,35.0371573612635
busStop_-17302_0_1459,-85.30746133739002,35.03803853267275
busStop_-17307_0_933,-85.17407930495736,35.03768993835176
busStop_-17308_0_932,-85.17139709656637,35.03936600522259
busStop_-17309_0_18,-85.30904713779371,35.042407044192444
busStop_-17309_0_2055,-85.3089915646048,35.04230030186773
busStop_-17310_0_742,-85.30936358039247,35.04351512490902
busStop_-17341_0_946,-85.20913305738074,35.01573420317869
busStop_-17814_0_1136,-85.28847823361711,34.986955089074016
busStop_-1956_0_1431,-85.24885946963306,35.12110659058938
busStop_-1957_0_583,-85.27091462613153,35.11018190991928
busStop_-1958_0_2027,-85.26899724479468,35.11168399356974
busStop_-1979_0_181,-85.2805660594489,35.04402893995802
busStop_-1996_0_222,-85.1803916656518,35.091639051424984
busStop_-2002_0_372,-85.2568264778737,35.04637782639597
busStop_-2003_0_1369,-85.29333405279941,35.04879339700885
busStop_-2014_0_1516,-85.23529835420611,35.046940122261226
busStop_-2015_0_675,-85.23588374167666,35.04697137257686
busStop_-2027_0_679,-85.24259402206363,35.04803649777254
busStop_-2028_0_1547,-85.24175056149859,35.04813701581424
busStop_-2074_0_1351,-85.30969895555509,35.05270557986859
busStop_-2074_0_2063,-85.30970865341035,35.052992481750614
busStop_-2074_1_1939,-85.30970865341035,35.052992481750614
busStop_-2083_0_1573,-85.25612592324842,35.09295438370764
busStop_-2102_0_577,-85.25647156489923,35.11460445983806
busStop_-2103_0_576,-85.25559139215655,35.11475918621001
busStop_-2105_0_575,-85.25327018156273,35.114932241909564
busStop_-2114_0_225,-85.19165764324154,35.08641230006043
busStop_-2120_1_597,-85.2884494165727,35.08829552456107
busStop_-2121_1_596,-85.28687143196144,35.09056598518308
busStop_-2122_0_595,-85.28654115629509,35.09166399224302
busStop_-2127_0_2030,-85.27499215523753,35.102234996934314
busStop_-2127_0_589,-85.2757037198668,35.10157382322231
busStop_-2127_1_588,-85.27494173872336,35.10229345174853
busStop_-2131_0_2022,-85.28930125791277,35.07018416830507
busStop_-2131_0_604,-85.28929870638815,35.07027158712129
busStop_-2195_0_223,-85.18229882085346,35.088270031033915
busStop_-2210_0_1926,-85.15614554391435,35.07258222038504
busStop_-2210_0_2243,-85.15478120751469,35.076034814431814
busStop_-2239_1_1866,-85.3091280487792,35.062888649107755
busStop_-2260_0_617,-85.26409791263941,35.05380150181748
busStop_-2264_0_610,-85.29736859918643,35.06395418307437
busStop_-2286_0_587,-85.27349702364297,35.10447817046156
busStop_-2294_0_363,-85.25136821992149,35.06112311294641
busStop_-2297_0_2062,-85.30972865315105,35.05361802119024
busStop_-22994_0_1710,-85.28807327028235,34.98471591983461
busStop_-2370_0_782,-85.26216197275444,35.08500570991572
busStop_-24806_0_796,-85.3121259081738,35.04386854357711
busStop_-24816_0_266,-85.27075468334293,35.043379403816445
busStop_-24832_0_1072,-85.23857741960428,35.042570880496314
busStop_-24851_0_761,-85.3158902834337,35.04369045920529
busStop_-24876_0_1197,-85.30695845002707,35.042986126920205
busStop_-24907_0_1198,-85.30614150965133,35.04268035405892
busStop_-24929_0_1199,-85.3053179699357,35.042372844451904
busStop_-24935_0_1073,-85.23907911247923,35.04140645282687
busStop_-24956_0_1200,-85.30452398695783,35.042070093716276
busStop_-24963_0_1713,-85.3086259545521,35.042026984753306
busStop_-25008_0_1583,-85.27183956271105,35.04115731368815
busStop_-25019_0_1855,-85.31347516246794,35.04241880522784
busStop_-25098_0_1202,-85.29965558002816,35.040139177189204
busStop_-25102_0_1074,-85.23986529397973,35.039379516678835
busStop_-25104_0_1856,-85.31411442900493,35.0412596641971
busStop_-25145_0_1203,-85.29783647699321,35.03939039774726
busStop_-25178_0_1857,-85.31479298664364,35.040020879853124
busStop_-25183_0_1075,-85.24005427905907,35.03842929243396
busStop_-25193_0_1204,-85.29625231566534,35.038794215192645
busStop_-25211_0_315,-85.27003337471521,35.038383631230914
busStop_-25239_0_1205,-85.29485679572142,35.038267087307496
busStop_-25278_0_316,-85.27043527583656,35.037505007847145
busStop_-25288_0_1076,-85.24076033340054,35.03684043052816
busStop_-25315_0_767,-85.31043620394237,35.037281720474574
busStop_-25335_0_768,-85.30941866670133,35.036896477675036
busStop_-25348_0_1858,-85.31348852859055,35.0382273054554
busStop_-25433_0_1084,-85.30572801965626,35.035460207951104
busStop_-25460_0_1085,-85.30409877680819,35.03485083132074
busStop_-25483_1_319,-85.27228405406935,35.03421460619238
busStop_-25495_0_1086,-85.30276035665159,35.03433816684968
busStop_-25525_0_1087,-85.30151612705167,35.03384816140532
busStop_-25572_1_1088,-85.30025891942991,35.03338295472123
busStop_-25608_1_1089,-85.29894083040362,35.03287951966615
busStop_-25628_0_1079,-85.24216968439005,35.03196050265038
busStop_-25666_0_1397,-85.29628800196099,35.03218756257136
busStop_-25667_0_1090,-85.29687798441351,35.03209212956332
busStop_-25702_1_1091,-85.29516115374906,35.03145754907324
busStop_-25733_0_1080,-85.24298785045805,35.03053124721809
busStop_-25743_0_1209,-85.29671997803769,35.031265267038734
busStop_-25756_1_1092,-85.29354430064895,35.030853046125266
busStop_-25819_0_1210,-85.2971767713653,35.030412365263246
busStop_-25852_1_1093,-85.29022616060423,35.0296383112871
busStop_-25924_0_1095,-85.28740529003312,35.02865388813341
busStop_-25982_0_1096,-85.28535771130105,35.02791040271477
busStop_-26081_0_1558,-85.2820189107986,35.02673062960946
busStop_-26133_1_1099,-85.2802587984514,35.026104413316915
busStop_-26185_1_1100,-85.27841113504043,35.02545711663096
busStop_-26223_1_1101,-85.2774472502971,35.02510513674083
busStop_-26330_0_1103,-85.2743000857691,35.023948221403806
busStop_-26350_0_1664,-85.19845372153652,35.02255581408612
busStop_-26364_0_1104,-85.27289704929827,35.023433764022364
busStop_-26395_0_1105,-85.27176533550067,35.02301714435855
busStop_-26466_0_1106,-85.26984957963575,35.02230000612308
busStop_-26570_0_1665,-85.19965471565502,35.02030203606092
busStop_-26653_0_1666,-85.1973869870303,35.019265816330886
busStop_-2675_1_998,-85.30828678925256,35.04842275215183
busStop_-2677_0_773,-85.31022111198564,35.048372745737566
busStop_-26890_0_125,-85.32137311351576,35.017302188424225
busStop_-26942_0_127,-85.31907712758883,35.01651341433183
busStop_-26942_0_128,-85.31800861454496,35.016140537592754
busStop_-26954_0_1225,-85.2809937761937,35.01550685926691
busStop_-26959_0_129,-85.31701338247483,35.01578076280126
busStop_-27020_0_130,-85.31464271885525,35.01496281119835
busStop_-27027_0_1115,-85.28152276187839,35.01454208196596
busStop_-2710_1_999,-85.30925748605111,35.048394379741026
busStop_-2716_0_171,-85.30313058386244,35.051843858354204
busStop_-27173_0_41,-85.32541868572461,35.01377430170287
busStop_-27248_0_1119,-85.28257671170977,35.01111947588256
busStop_-27323_0_1227,-85.28402692986583,35.00983091171291
busStop_-27373_0_1228,-85.28448326176087,35.008969676410906
busStop_-27388_0_439,-85.32798927210138,35.009826166269484
busStop_-27423_0_1229,-85.28483175499095,35.00827255684548
busStop_-27439_0_115,-85.32100355285921,35.00926367729105
busStop_-27462_0_1850,-85.21145837342921,35.007230914226874
busStop_-27530_0_440,-85.32866710863323,35.00678446183728
busStop_-27551_0_1231,-85.28618355395682,35.005682603381935
busStop_-27586_0_1232,-85.28663106140087,35.004837640872985
busStop_-27608_0_441,-85.32884593147942,35.00494452769785
busStop_-27658_0_442,-85.32892403759429,35.0041742940179
busStop_-2772_0_1925,-85.12739252258743,35.0766393882315
busStop_-29029_0_1233,-85.28724249181988,35.00350251177443
busStop_-29093_0_1234,-85.2878586023833,35.002351194225284
busStop_-29110_0_1748,-85.28706772604417,35.00179115337199
busStop_-29136_0_443,-85.3291332410376,35.00202416615217
busStop_-29161_0_1236,-85.2897501313842,35.00109813044279
busStop_-29161_0_1751,-85.28898198419722,35.00080481587046
busStop_-29175_0_1749,-85.28756673752494,35.00047322082909
busStop_-29176_0_1752,-85.28786319913098,35.000401432050445
busStop_-29199_0_444,-85.32929094466911,35.00051554766921
busStop_-29272_0_445,-85.32945566444529,34.998722602441475
busStop_-29302_0_100,-85.31483091325885,34.99771133009679
busStop_-29345_0_446,-85.32964618396117,34.99689691338749
busStop_-29381_0_447,-85.33001731988806,34.99574926457626
busStop_-29407_0_448,-85.33039567995344,34.99476586241172
busStop_-29518_0_1412,-85.33100834364963,34.99167510195088
busStop_-29571_0_161,-85.31465963962366,34.99041316453862
busStop_-29611_0_450,-85.33109913402741,34.98990862288391
busStop_-29618_0_74,-85.31335157525284,34.98993260483543
busStop_-29618_0_75,-85.31190438258945,34.98940159662961
busStop_-29660_0_95,-85.31949059555032,34.989003566474096
busStop_-29679_0_451,-85.33122049935216,34.988583564583344
busStop_-29737_0_453,-85.33321438541742,34.98704540509553
busStop_-29743_0_1247,-85.28812161426121,34.98610310041254
busStop_-29830_0_1207,-85.2953015430679,35.03411555990732
busStop_-29904_0_1116,-85.28191004547355,35.01379803302837
busStop_-29905_0_1226,-85.28315031327378,35.011479146007986
busStop_-30055_0_1078,-85.24143199061095,35.033490651325984
busStop_-30056_0_1077,-85.24184214673014,35.03536744285443
busStop_-30068_0_1661,-85.19458453989542,35.032259567025974
busStop_-30076_0_1201,-85.30155025479755,35.040918591950714
busStop_-30289_0_1877,-85.16066260618071,35.03718687292758
busStop_-30289_0_1884,-85.16065096544791,35.0371953133547
busStop_-30383_0_766,-85.311751677598,35.037769241749565
busStop_-30399_0_1114,-85.27986443985614,35.01767975352502
busStop_-30427_0_1919,-85.20683363768735,35.00841365137102
busStop_-30431_0_948,-85.20792391844138,35.010243142712824
busStop_-30433_0_1709,-85.19569150442534,35.038369705061314
busStop_-30487_0_1551,-85.24596261203178,35.025045811957305
busStop_-30890_1_1102,-85.27640440131427,35.02471316730364
busStop_-30924_0_1082,-85.2449599621985,35.026865792117064
busStop_-30948_0_43,-85.32718222735369,35.011362183913285
busStop_-30953_0_116,-85.32656822660982,35.008078231981
busStop_-30953_0_118,-85.32521507927918,35.008131455367156
busStop_-30953_0_1912,-85.32408539464068,35.00817587765593
busStop_-30953_0_1913,-85.32724492402367,35.008057431443355
busStop_-30978_1_1499,-85.30708562200677,35.03596930898194
busStop_-30979_0_769,-85.30847441312187,35.03653021870428
busStop_-31047_0_1891,-85.31714024554631,34.988144488282124
busStop_-31312_0_897,-85.15496675923848,35.04076041018445
busStop_-31315_0_898,-85.15561741514693,35.039750626772
busStop_-31400_0_454,-85.33228103030542,34.98678329644278
busStop_-31558_1_320,-85.27272498101274,35.03340152104575
busStop_-31666_1_349,-85.2718061309732,35.035071463219055
busStop_-31688_0_1584,-85.27112760026299,35.042641305092275
busStop_-31702_0_763,-85.31357596178108,35.042507898747154
busStop_-31769_0_1211,-85.29878616495436,35.02746584360407
busStop_-31773_0_1094,-85.28843659645544,35.02901492598085
busStop_-31884_0_1195,-85.30821990659905,35.04348463030714
busStop_-31946_0_1849,-85.21222280388369,35.0085260956043
busStop_-31994_0_1819,-85.2123059384919,35.00634244377287
busStop_-31994_0_1820,-85.2123059384919,35.00634244377287
busStop_-32224_0_947,-85.21042594194503,35.013339212373566
busStop_-33100_0_1118,-85.28271079415131,35.01232396611372
busStop_-38553_0_783,-85.27588681763741,35.05845353760393
busStop_-38555_0_841,-85.24287950599167,35.02268416938014
busStop_-38635_0_793,-85.31079717079017,35.053388410977696
busStop_-5672_0_563,-85.23957794673395,35.135909150055085
busStop_-600_0_169,-85.30668767113983,35.05220967081162
busStop_-6900_0_730,-85.30855595058807,35.07440247322803
busStop_-7042_0_2229,-85.24777356467686,35.0708987478602
busStop_-7042_0_290,-85.2478417260445,35.07092381079206
busStop_-7049_0_233,-85.2508608876442,35.070911553736345
busStop_-7099_0_234,-85.25146300117704,35.06982444114032
busStop_-7104_0_1054,-85.23461566257076,35.06948640313431
busStop_-7123_0_353,-85.24634608892839,35.070260620152126
busStop_-7173_0_352,-85.24692508379702,35.0692099691539
busStop_-7190_0_351,-85.24734371245408,35.0684589563482
busStop_-7235_0_1821,-85.31416120788971,35.068589870593414
busStop_-7255_0_236,-85.25268975380044,35.06760837807994
busStop_-7275_0_294,-85.24802530567179,35.06722379489029
busStop_-78739_0_1443,-85.19721065967273,35.06088804123004
busStop_-78747_0_2080,-85.24437749142493,35.138630184581224
busStop_-78747_0_2081,-85.24698655402787,35.138387682092855
busStop_-78747_0_561,-85.24715273628225,35.13834901025638
busStop_-78747_0_562,-85.24435834094591,35.13862812226201
busStop_-78835_0_784,-85.29945111661114,35.051621956793184
busStop_-8835_0_237,-85.25330104997111,35.066526325265556
busStop_-8861_0_734,-85.30910850124428,35.066994865093314
busStop_-8893_0_360,-85.2488577885328,35.06570852841338
busStop_-8929_0_1825,-85.31232096954741,35.06601667806022
busStop_-8955_0_1058,-85.22800675054643,35.064726584039306
busStop_-8962_0_238,-85.25436785451802,35.064531242541854
busStop_-9005_0_1059,-85.22848464008952,35.062908583118336
busStop_-9034_0_1840,-85.30860922038731,35.062968813504774
busStop_-9040_0_1923,-85.30840225993832,35.06260958898689
busStop_-9040_1_739,-85.30799138744294,35.0625434056417
busStop_-9045_0_740,-85.30681200677175,35.06239283486947
busStop_-9054_0_1997,-85.2549428706783,35.063628291349424
busStop_-9054_0_2187,-85.25910785813154,35.06224365873808
busStop_-9068_0_1655,-85.30446919221438,35.06234007765274
busStop_-9069_0_1596,-85.30514985512083,35.061832963014226
busStop_-9106_0_641,-85.21000729180011,35.05960991248116
busStop_-9205_0_1061,-85.2314101317327,35.05742477957879
busStop_-9211_0_253,-85.26154800321854,35.057966422313974
busStop_-9260_0_1493,-85.23203987342653,35.055965517027104
busStop_-9275_0_1047,-85.24313424300871,35.055381890686
busStop_-9282_0_354,-85.26864696254299,35.0561952521537
busStop_-9285_0_255,-85.26281770343773,35.05564638963424
busStop_-9310_0_1048,-85.24178559347605,35.0549764008889
busStop_-9383_0_286,-85.30718985037522,35.05361985344612
busStop_-9385_0_287,-85.30825602319423,35.05358077966421
busStop_-9408_0_1064,-85.23456441572442,35.052175358892235
busStop_-9425_0_257,-85.26465165255573,35.05234671421861
busStop_-9465_0_258,-85.26508285002033,35.05153527469774
busStop_-9473_0_220,-85.26399194670836,35.05180295562877
busStop_-9486_0_259,-85.26554533073343,35.05068895684348
busStop_-9528_0_260,-85.26598925993507,35.04990269131893
busStop_-9549_0_1065,-85.23592087852823,35.049883251824234
busStop_-9589_0_261,-85.2671185548241,35.049324134088266
busStop_-9589_0_262,-85.26788873692763,35.0486496939011
busStop_-958_0_1537,-85.31074932453193,35.05207666707267
busStop_-9596_0_1660,-85.24298992088114,35.048173113149836
busStop_-959_0_794,-85.31070879898117,35.05077611754469
busStop_-960_0_423,-85.31066925574726,35.049445425778146
busStop_-961_0_424,-85.31063856269674,35.048226212046444
busStop_-962_0_425,-85.3105911967647,35.046997042621804
busStop_-9651_0_1611,-85.29605644935188,35.047827229116365
busStop_-9666_0_263,-85.2686106644574,35.04733341377494
busStop_-9689_0_402,-85.29369654842975,35.04767911662441
busStop_-9732_0_403,-85.29407170984666,35.04697183827743
busStop_-9748_0_264,-85.26924792553245,35.04616360284446
busStop_-9804_0_2177,-85.30472965622748,35.04605242438954
busStop_-9815_0_1844,-85.237691283401,35.04583756066959
busStop_-9821_0_756,-85.32023180598328,35.0469622246013
busStop_-9843_0_410,-85.30201228230558,35.04533868950324
busStop_-9853_0_400,-85.28767452936054,35.04497795071212
busStop_-9872_0_1569,-85.30101108048892,35.04469786774315
busStop_-9891_0_1071,-85.23800731944857,35.0435683107121
busStop_-9910_0_406,-85.29566589425515,35.04401026537157
busStop_-9923_0_757,-85.31990308666484,35.04507948948873
busStop_-9923_0_758,-85.31920658734987,35.043408494913336
busStop_11176_0_288,-85.25010459830791,35.071792726053225
busStop_11192_0_639,-85.21450621348164,35.060483588585726
busStop_11193_0_1609,-85.21178725197856,35.05952837982733
busStop_11193_0_638,-85.21334442738672,35.059727343774014
busStop_11240_0_417,-85.29977607569734,35.049076383120344
busStop_11391_0_1310,-85.30866690779024,35.04463852960519
busStop_1198_0_557,-85.2464828060637,35.12840954540818
busStop_1200_0_556,-85.24754287171835,35.12505516369768
busStop_1207_0_553,-85.24975485599568,35.118329474386876
busStop_1219_0_546,-85.26268016382208,35.113099199294524
busStop_1225_0_541,-85.27167203982036,35.10809823793863
busStop_122_0_703,-85.19395079295548,35.054679099245554
busStop_1231_0_537,-85.27676093495701,35.10080447264371
busStop_1234_0_536,-85.27787750814939,35.100040879984725
busStop_1243_1_534,-85.28247027492482,35.09610048461711
busStop_1244_0_310,-85.1827036624527,35.09200483030266
busStop_1247_0_309,-85.19197527033538,35.08609963348797
busStop_1249_0_308,-85.19300856237487,35.08566872034849
busStop_1250_0_530,-85.28900795730058,35.08795629045909
busStop_1252_0_307,-85.19479625428919,35.08514321054327
busStop_1254_0_306,-85.19894579844328,35.084626760057645
busStop_1256_0_305,-85.20016700998883,35.08450165998407
busStop_1262_0_1387,-85.21254984274947,35.081114615755986
busStop_1262_0_1388,-85.21069397629529,35.08143151992979
busStop_1265_0_778,-85.26365299281488,35.08209767855101
busStop_1269_0_1386,-85.22437601054303,35.079528520063505
busStop_1275_0_525,-85.28971018503114,35.07954402949835
busStop_1279_0_524,-85.28912465172682,35.0780932788482
busStop_1283_0_303,-85.23111437027642,35.07573966521085
busStop_1293_0_2274,-85.16335681051696,35.073650393844424
busStop_1296_0_302,-85.23334514897026,35.07449927448266
busStop_1298_0_522,-85.28819838355372,35.07509857005629
busStop_1303_0_777,-85.26622912443494,35.07744630686796
busStop_1308_0_776,-85.26866639621186,35.073038845492896
busStop_1309_0_775,-85.26984502525545,35.07089277663261
busStop_1310_0_297,-85.24373807450064,35.06946660308142
busStop_1310_0_298,-85.24331243744305,35.07030737153222
busStop_1313_0_518,-85.28925495063366,35.06933114603849
busStop_1318_0_296,-85.24366446007446,35.06711683859316
busStop_1319_0_295,-85.24469632870311,35.06679805975574
busStop_1320_1_1827,-85.31641166048385,35.06827949443244
busStop_13553_0_701,-85.18100596016936,35.0503172435571
busStop_13630_0_285,-85.30522534201731,35.05347721608781
busStop_13948_0_1746,-85.15362263251946,35.076802427217046
busStop_13986_0_1759,-85.12798733005873,35.07620607062118
busStop_13987_0_2242,-85.1510904658207,35.07606370999703
busStop_14119_0_2241,-85.14188709106914,35.07069737306864
busStop_14124_0_1758,-85.13467146039923,35.0710370774353
busStop_1416_0_1694,-85.31541944761678,35.06739865854893
busStop_14184_0_194,-85.26301521337813,35.05521093505833
busStop_1422_0_514,-85.29324199888292,35.06563331620941
busStop_14249_0_2222,-85.24634071485568,35.07039296893373
busStop_1425_0_347,-85.24915571173814,35.06510051869567
busStop_1426_0_346,-85.24979774826846,35.063927217899504
busStop_1430_0_774,-85.27039171429067,35.06991366005586
busStop_1436_0_344,-85.2515428643202,35.060736619242356
busStop_14372_0_1916,-85.31447301394013,35.06224858639463
busStop_1441_0_342,-85.25319223995965,35.057718744321
busStop_1444_0_705,-85.19973858213926,35.05529106822669
busStop_1445_0_340,-85.25406891089463,35.05611636164447
busStop_1446_0_1441,-85.19722618695313,35.05502503500884
busStop_14500_0_2085,-85.24094969865506,35.132744495891615
busStop_14569_0_1423,-85.24211362801425,35.12894587787924
busStop_14569_0_2086,-85.24211826508163,35.128876925901274
busStop_14569_0_509,-85.24211813795591,35.12887881622967
busStop_1456_0_689,-85.26668826483909,35.05484476180017
busStop_14576_0_560,-85.24196144154328,35.12824111204599
busStop_14586_0_558,-85.24191841255096,35.132233315912174
busStop_1462_0_687,-85.26342657517657,35.0536588046877
busStop_1466_0_1383,-85.25594355600853,35.05269694197741
busStop_1467_0_685,-85.2605466898701,35.052603216820906
busStop_1469_0_684,-85.25831708920232,35.052372036703694
busStop_1471_0_683,-85.25727544056632,35.0520597629375
busStop_1478_0_338,-85.25665341333934,35.05140822572226
busStop_1480_0_167,-85.30956870546372,35.05207439224336
busStop_1483_0_1465,-85.15380766552796,35.05024730904541
busStop_1485_0_337,-85.25722348125214,35.05035191914277
busStop_1488_0_2134,-85.29594406587137,35.05014767435965
busStop_1488_0_281,-85.2952583872039,35.049883617297326
busStop_1489_0_166,-85.30952940010172,35.05069665254185
busStop_1496_1_279,-85.29295823038956,35.048733830901206
busStop_14982_0_407,-85.29665207350442,35.04408497051015
busStop_14983_0_408,-85.29872361875991,35.044861284889514
busStop_1501_0_1842,-85.2380156702088,35.04733363033739
busStop_1501_0_677,-85.23967182035841,35.0479520445647
busStop_1502_0_278,-85.29165349798765,35.048264071947294
busStop_1503_0_1524,-85.237106543123,35.04705071719952
busStop_1507_0_277,-85.2903298485389,35.04776335809188
busStop_1510_0_1361,-85.30943492026857,35.047294736846666
busStop_1514_0_276,-85.28771529620964,35.04677275080078
busStop_1515_0_1029,-85.27723337829127,35.04861586868345
busStop_1515_0_1575,-85.27802868790637,35.047178511886244
busStop_1518_0_673,-85.23334435266538,35.046018728717705
busStop_15194_0_2133,-85.27420634593237,35.04413324429519
busStop_1519_0_275,-85.28644942860427,35.046315585582505
busStop_1520_0_672,-85.2315960325346,35.04501981836845
busStop_1521_0_891,-85.16282708188635,35.04460553405451
busStop_1524_0_165,-85.30939385864401,35.04604961365618
busStop_1527_0_927,-85.15931187438925,35.04380258579724
busStop_1538_0_333,-85.25692998955317,35.04507705815741
busStop_1539_0_1028,-85.27960966454279,35.04423358674699
busStop_1541_0_1535,-85.31032486163849,35.04455368465982
busStop_1604_0_1550,-85.27700403447652,35.049024457022114
busStop_1613_0_299,-85.24150102921207,35.072332566777426
busStop_1621_0_613,-85.27482960393996,35.05222889603954
busStop_1621_1_614,-85.27079871165411,35.05453191054951
busStop_16489_0_887,-85.16745382695963,35.04171204314902
busStop_1648_0_1918,-85.21306360962977,35.05071010646193
busStop_16492_0_270,-85.27632493565245,35.04255093939172
busStop_16497_1_886,-85.1696616217198,35.0403296970765
busStop_16498_0_2132,-85.27401089406487,35.041690973942806
busStop_16503_0_145,-85.30861415878842,35.04163997835104
busStop_16504_0_399,-85.2716186953725,35.04079529114013
busStop_16507_0_1593,-85.25840437819186,35.041612184895804
busStop_1650_0_926,-85.15797477726291,35.04332318351676
busStop_16510_0_330,-85.25967646719165,35.03950391280092
busStop_16512_0_483,-85.30958239723667,35.04153668855931
busStop_16513_0_144,-85.30788629096257,35.04020894190404
busStop_16517_0_143,-85.30746311098483,35.03855336787377
busStop_16529_0_481,-85.3112911659533,35.037426128098595
busStop_16532_0_1462,-85.30727527178912,35.03654429478888
busStop_16535_0_480,-85.31177125764619,35.03652509203546
busStop_16536_1_327,-85.2615661744153,35.03582254282936
busStop_16538_0_479,-85.31224158249557,35.03569657982676
busStop_16539_0_326,-85.2620178309373,35.03501087829149
busStop_16542_0_140,-85.30781627776972,35.03506512799546
busStop_16544_0_478,-85.31269231830153,35.03488102997377
busStop_16545_0_325,-85.26278259230232,35.03363264757785
busStop_16552_0_139,-85.30823920499826,35.03409905106954
busStop_16563_0_476,-85.31406397854633,35.03234264283753
busStop_16568_0_881,-85.18564408606231,35.03032264770604
busStop_16570_1_831,-85.26701779127104,35.03081137721506
busStop_16579_0_323,-85.26431174562427,35.0308800857343
busStop_16591_0_879,-85.189364300955,35.027991231478836
busStop_16599_0_975,-85.25467567710251,35.02760345341197
busStop_16601_0_1415,-85.3162988671221,35.02829248151747
busStop_16607_0_1911,-85.25310313148512,35.02682672181247
busStop_16620_0_972,-85.2484850148206,35.02568991385436
busStop_16623_0_1880,-85.15739993922917,35.02668464983942
busStop_16624_0_475,-85.31678344267328,35.0274141424761
busStop_16634_1_971,-85.24674934588758,35.0243430533049
busStop_16639_0_1288,-85.29762053920206,35.02449997074661
busStop_16641_1_969,-85.24404827031303,35.0231808565855
busStop_16641_1_970,-85.24510754897263,35.02363121419689
busStop_16654_1_968,-85.24233690225898,35.022521879850416
busStop_16657_0_967,-85.24130000620602,35.02161202235905
busStop_16659_1_1284,-85.29148017799774,35.02220955486769
busStop_16663_0_1283,-85.29051527518263,35.021860935761
busStop_16664_0_874,-85.1994062727241,35.0217064048302
busStop_16667_0_1282,-85.28948693288882,35.021507435009134
busStop_16679_0_1401,-85.28645666565646,35.02045886611676
busStop_16682_1_1169,-85.2705468400385,35.02055146232565
busStop_16690_0_900,-85.17325678904616,35.01790945406696
busStop_16691_1_1279,-85.28433700185349,35.01971625046008
busStop_16694_0_966,-85.24028695157904,35.020138654275726
busStop_16705_0_872,-85.20564463929058,35.01780385722119
busStop_16707_0_1400,-85.28252922757159,35.0190549083473
busStop_16707_1_1278,-85.28347532187107,35.01940805461299
busStop_16709_1_1168,-85.27162855686693,35.018935468174746
busStop_16710_0_2223,-85.23829826765586,35.01771278722807
busStop_16710_0_964,-85.23841239488051,35.01778564599874
busStop_16711_1_1276,-85.2805213653197,35.01830533061672
busStop_16712_0_1021,-85.16640485737761,35.01688753870994
busStop_16712_0_1022,-85.16834336601843,35.017707252375004
busStop_16722_0_963,-85.23682520998256,35.016789631517845
busStop_16729_0_1020,-85.16458901733034,35.015908185991705
busStop_16735_0_124,-85.32229493915463,35.01740717918289
busStop_16736_0_2245,-85.23456281662901,35.01566241001227
busStop_16739_0_1503,-85.27308554621365,35.01636174060022
busStop_1673_0_1425,-85.24654608046572,35.13521778588813
busStop_16743_1_962,-85.23358453448523,35.01525683954388
busStop_16745_0_1018,-85.1610373754818,35.013719485262826
busStop_16747_0_1582,-85.3230405368343,35.016061457878564
busStop_16749_1_961,-85.23200071175432,35.01459614876692
busStop_16751_0_1358,-85.32391152709243,35.015201627208874
busStop_16753_0_1017,-85.15945822538622,35.012998065726684
busStop_16757_0_959,-85.22946674964635,35.013526348724945
busStop_16769_1_956,-85.22465505413595,35.01159869293454
busStop_16777_0_860,-85.21865462834846,35.01022073932934
busStop_16778_2_954,-85.22070578731211,35.0101390230953
busStop_1677_0_702,-85.18597100626485,35.05371279657808
busStop_16789_0_110,-85.31764253467585,35.00811904905932
busStop_16791_0_1157,-85.27785093073165,35.00770447107592
busStop_16794_0_108,-85.3144563750429,35.00694151103957
busStop_16796_1_1156,-85.27847650451386,35.00656288853693
busStop_16797_0_106,-85.31258524109055,35.00624492556851
busStop_16805_0_1155,-85.27909025624858,35.00544435862605
busStop_16813_0_1154,-85.27968695813291,35.00435670200996
busStop_16890_0_1150,-85.28250249963942,34.998636371208
busStop_16891_0_1262,-85.29155032421806,34.99857036696854
busStop_16893_0_1149,-85.28285424480244,34.99798945404245
busStop_16894_0_1148,-85.28327292362866,34.99720283315502
busStop_16895_0_1261,-85.29130430049044,34.99731098017426
busStop_16897_0_1501,-85.2843037147867,34.99529937014951
busStop_16903_0_1147,-85.28505097775444,34.99394206292786
busStop_16906_0_1257,-85.29028498965623,34.992193407337346
busStop_16907_0_1146,-85.28577445503905,34.992599791467576
busStop_16910_0_1145,-85.28648571836315,34.9912161222689
busStop_16912_0_1144,-85.28691206069533,34.99045788218754
busStop_16914_0_1143,-85.28735306437629,34.98964903122408
busStop_16915_0_1253,-85.28902162055407,34.98844255960302
busStop_16915_0_1254,-85.28958338499883,34.98929390244555
busStop_16930_0_1258,-85.29044599542105,34.99295222186135
busStop_16930_0_1259,-85.29072390978668,34.9943825713851
busStop_16932_0_832,-85.26611396751191,35.03147130761307
busStop_16933_0_133,-85.31215368250149,35.01882713400869
busStop_16934_2_871,-85.20722057034209,35.01674819526259
busStop_1693_0_615,-85.26902691475007,35.05540710032792
busStop_16943_0_1287,-85.29645847598574,35.02407427019404
busStop_16947_0_324,-85.2634943031011,35.03233673582647
busStop_16947_0_384,-85.2636934837667,35.03196556862978
busStop_16956_0_750,-85.31948209042855,35.04197192652076
busStop_16968_0_1016,-85.15755310998264,35.01212672634304
busStop_16971_0_1706,-85.28713688571693,34.985455503492986
busStop_16980_2_1873,-85.21516480776191,35.011269464218564
busStop_16988_0_1142,-85.28781833023086,34.988790976568346
busStop_16997_0_105,-85.31140822866791,35.005789108042556
busStop_1699_0_1442,-85.19902603747026,35.05744083692291
busStop_17049_0_1917,-85.15562469833131,35.02999340783297
busStop_17052_0_1113,-85.27451980970649,35.01609563893205
busStop_17070_0_329,-85.26105070981939,35.038650292375785
busStop_17074_1_398,-85.27025476182791,35.040304241167604
busStop_17076_1_269,-85.27305738000759,35.04133676415697
busStop_17077_0_271,-85.27846167262815,35.043323704829774
busStop_17078_1_272,-85.27957865618664,35.04373920103526
busStop_17079_0_1834,-85.22469022947313,35.04318298826745
busStop_17095_0_977,-85.2642560754475,35.03176843888565
busStop_17102_0_960,-85.23081778634986,35.01409494513026
busStop_17110_0_474,-85.3177812835662,35.02559918606173
busStop_17114_0_111,-85.31738035227924,35.00924934606818
busStop_17116_0_136,-85.31158106588929,35.025421292753045
busStop_17158_0_482,-85.31014904082093,35.03955505689642
busStop_17160_0_138,-85.30861887913845,35.03223453705781
busStop_17162_0_1487,-85.3089024268272,35.03077753899968
busStop_17166_0_141,-85.30738147372577,35.03583287428284
busStop_17168_1_1151,-85.2819517678218,35.000163598770385
busStop_17170_0_1153,-85.28030711374595,35.00322686152144
busStop_17172_1_1152,-85.2809137769504,35.00206814849433
busStop_17190_0_1019,-85.16337977964676,35.015069519892705
busStop_17209_0_1255,-85.28991413935151,34.99041213816949
busStop_17238_0_2148,-85.15424189745411,35.03246992398504
busStop_17238_1_923,-85.15410689635493,35.032719425859455
busStop_17241_1_924,-85.1528387954338,35.03502744744699
busStop_17242_1_925,-85.15193525332299,35.03667512430951
busStop_17250_0_107,-85.31372197104345,35.00666976591728
busStop_17258_0_134,-85.31154523581208,35.019914590786506
busStop_17261_0_473,-85.31833892393693,35.02456627280794
busStop_17280_0_477,-85.31315706120019,35.034056966863616
busStop_17296_0_132,-85.31303645597323,35.01723386442288
busStop_17298_0_472,-85.32079414990001,35.020127829818406
busStop_17301_0_142,-85.3073774442395,35.0374143966533
busStop_17307_0_884,-85.17412462155922,35.037553370774965
busStop_17308_0_885,-85.17140467771425,35.039253376063336
busStop_17310_0_1560,-85.30920280635691,35.04280156177245
busStop_17310_0_163,-85.30932846847745,35.04340499039648
busStop_17341_2_870,-85.20861550646008,35.01588146940148
busStop_17487_0_2045,-85.30623485064129,35.04350134553334
busStop_17637_0_806,-85.30678689282726,35.04265226054279
busStop_1947_0_1466,-85.15011432984453,35.052127415381484
busStop_1956_0_554,-85.24867327763822,35.121350279684656
busStop_1958_0_543,-85.26919521624822,35.11153308991269
busStop_1958_0_544,-85.2668019192858,35.11218390555735
busStop_1979_0_273,-85.28074436819884,35.04419645997824
busStop_1980_0_612,-85.27868171534851,35.04597298369073
busStop_1998_0_1754,-85.13464673815746,35.06096355445859
busStop_1999_0_335,-85.25664609374117,35.04818756917684
busStop_1999_0_371,-85.25658444768199,35.04794512793347
busStop_2000_0_336,-85.257514766487,35.049349231994405
busStop_2001_0_334,-85.25677847859424,35.04609633288279
busStop_2004_0_280,-85.29428448701714,35.049498947461096
busStop_2007_0_1922,-85.28096407760835,35.05570959917081
busStop_2007_0_505,-85.28110184260798,35.05566295309905
busStop_2013_0_671,-85.22821208302608,35.04374684148791
busStop_2028_0_626,-85.24063019198582,35.04809551923825
busStop_2031_0_632,-85.21923349468089,35.04341905982018
busStop_2083_0_507,-85.25592904333952,35.09288670129324
busStop_2095_0_304,-85.21428093950729,35.08083434570841
busStop_2099_0_348,-85.22743861822065,35.0794518983654
busStop_209_0_1532,-85.31041845088195,35.04620488056126
busStop_2100_0_549,-85.25720330472576,35.11437663523296
busStop_2104_0_550,-85.25374732323337,35.11481465252318
busStop_2105_0_551,-85.2518866675987,35.11519477975576
busStop_2106_0_552,-85.25039494464971,35.11708282316693
busStop_210_0_1000,-85.31052205791686,35.051003155174335
busStop_210_1_569,-85.3105414710852,35.051535566605054
busStop_2113_0_221,-85.18020107284919,35.09313324266094
busStop_2116_0_526,-85.2897830861722,35.08050376559458
busStop_2121_0_531,-85.28693971233292,35.09020187367188
busStop_2127_1_538,-85.27523789390831,35.10185295984285
busStop_2128_0_539,-85.2736245644567,35.104093089422676
busStop_2132_0_1420,-85.28882389164069,35.0720009342985
busStop_2132_0_519,-85.28909548481064,35.0709055389704
busStop_2132_0_520,-85.28860374466363,35.072912413150725
busStop_2134_0_523,-85.28830594382669,35.07662311929987
busStop_2166_0_517,-85.28942757679069,35.06829652963822
busStop_2210_0_1755,-85.1561237918167,35.072519994194124
busStop_2220_0_274,-85.28517036650993,35.04585293890997
busStop_2239_0_2244,-85.30865323686997,35.0627790700619
busStop_2240_0_1839,-85.31000057822453,35.06348579729887
busStop_2261_0_688,-85.26460659626167,35.054077650884466
busStop_2265_0_512,-85.2966295647716,35.06432936091184
busStop_2287_0_540,-85.27237128790468,35.10630669404002
busStop_2296_0_1595,-85.30965938649598,35.054653495538474
busStop_2296_0_801,-85.30964794511758,35.05431472710343
busStop_2373_0_508,-85.25285117697963,35.093973494552365
busStop_2455_0_997,-85.30720916665064,35.04845421934276
busStop_2456_0_2179,-85.30304773113195,35.04886994918562
busStop_2456_0_415,-85.30308601246115,35.04879998147921
busStop_2460_0_2139,-85.30414545429356,35.04692611420201
busStop_2460_0_414,-85.30372737487546,35.04764067254588
busStop_2461_0_1026,-85.3043152005715,35.04660633034213
busStop_2461_0_2178,-85.30472391404369,35.046176792011686
busStop_2462_0_1025,-85.30495936743829,35.04576185687328
busStop_2467_0_1475,-85.30566600370052,35.04449007657956
busStop_2467_0_808,-85.30577989439652,35.04428780425691
busStop_24785_0_698,-85.18516885005566,35.04269906366914
busStop_24795_0_1309,-85.30730690843745,35.04412001002986
busStop_24815_0_995,-85.29563612770282,35.04371822350143
busStop_24830_0_1308,-85.30598901841645,35.043628180343745
busStop_2483_0_2180,-85.30170653731615,35.05122928799903
busStop_2483_1_1027,-85.30179733759172,35.05107443587371
busStop_2483_1_172,-85.30173156929314,35.051186598165486
busStop_24854_0_1307,-85.30525724330198,35.04334780184589
busStop_24887_0_2111,-85.27287234212788,35.04234677715112
busStop_24939_0_1305,-85.30325037699822,35.04259299167344
busStop_24944_1_993,-85.29129228581783,35.04206512605704
busStop_24944_1_994,-85.29253083589744,35.042537637655435
busStop_24964_0_2112,-85.27333311317135,35.041502714592895
busStop_24970_0_697,-85.18855560645578,35.04078866229225
busStop_24981_0_1304,-85.30197383542408,35.04210699793446
busStop_24996_1_992,-85.28945885099556,35.04139043158233
busStop_25008_0_185,-85.27166693900867,35.041420365137824
busStop_25026_0_1302,-85.29922534258533,35.04110172438295
busStop_25034_0_1835,-85.22641540728432,35.040127349237785
busStop_25120_0_1301,-85.29663752196464,35.04015166922047
busStop_25141_0_1300,-85.29528995608922,35.03964470176691
busStop_25148_0_1406,-85.30982279573509,35.0396925005789
busStop_25218_0_747,-85.31503806620896,35.039031101163495
busStop_25245_1_989,-85.28122901542802,35.03837080038884
busStop_25246_0_745,-85.31332008010953,35.038460178582476
busStop_25247_0_746,-85.31409188858217,35.03868016875267
busStop_25277_1_988,-85.28005173842178,35.03792672842704
busStop_25278_0_396,-85.27014954110939,35.0379666086726
busStop_25288_0_1843,-85.2402621544275,35.0376788497625
busStop_25303_1_987,-85.27864814312667,35.037412736259334
busStop_25314_0_744,-85.31016450219971,35.03731817340859
busStop_25315_0_1460,-85.3109908434623,35.03751996658157
busStop_25330_1_986,-85.27728755712467,35.036904063726915
busStop_25366_1_985,-85.2759007039918,35.03638833426987
busStop_25376_0_318,-85.27136034266054,35.03576467918692
busStop_25376_0_394,-85.27107239322518,35.03629308518536
busStop_25384_0_1832,-85.2410070188578,35.036528973130565
busStop_25395_1_984,-85.27437867249496,35.03582699593154
busStop_2542_0_282,-85.29925747452691,35.051251641198604
busStop_25435_0_983,-85.27306313203916,35.03534345590482
busStop_25453_0_1193,-85.30513104674354,35.035329662237075
busStop_25459_1_982,-85.27158675873045,35.03479290413675
busStop_25462_1_981,-85.2703943867218,35.03434863936073
busStop_25483_0_1391,-85.27193650283361,35.0346377790699
busStop_25495_1_1192,-85.30361247135893,35.03476421487
busStop_25559_0_1296,-85.29536878949715,35.03372958574604
busStop_25572_0_1190,-85.30019809316984,35.033454925255946
busStop_25608_0_1189,-85.29874994899846,35.03290160345479
busStop_25615_0_391,-85.27287249774135,35.032918767238975
busStop_25647_0_1735,-85.24509749700296,35.032488399493275
busStop_25667_0_1188,-85.29694925768528,35.032215050317774
busStop_25678_0_390,-85.27348059842761,35.03181581587575
busStop_25702_0_1187,-85.2960527339509,35.03187640531456
busStop_25715_0_389,-85.27348906375956,35.031494922520615
busStop_25743_0_1294,-85.29649954669365,35.03163462805667
busStop_25756_1_1186,-85.29428126177639,35.03122696355459
busStop_25758_0_388,-85.2720119687896,35.03094148415693
busStop_25808_0_387,-85.27048815197219,35.0303720464555
busStop_25818_1_1185,-85.29258112386746,35.03059782566951
busStop_25844_0_386,-85.26893360991924,35.02978930166081
busStop_25852_0_1184,-85.29140945248744,35.03016255140212
busStop_25886_0_1489,-85.24313186599946,35.03018595334087
busStop_25924_0_1505,-85.28768365331656,35.028845061653996
busStop_25982_1_1181,-85.28524952413446,35.02796453810127
busStop_26029_1_1180,-85.28391251362632,35.02748705985804
busStop_26101_0_1178,-85.28111351312748,35.02650458835251
busStop_26122_0_1733,-85.24771913789658,35.02746865181887
busStop_26152_0_1177,-85.27970415250277,35.02600736328433
busStop_26185_0_1504,-85.2787973028051,35.02568755495577
busStop_26221_0_1290,-85.29911789773051,35.02600106904092
busStop_26305_0_1289,-85.2985129952915,35.025204796760725
busStop_26330_0_1173,-85.27411080076989,35.02397234917714
busStop_26364_0_1172,-85.27275314933964,35.023475250144394
busStop_26466_0_1171,-85.27080515316979,35.02275561469445
busStop_26996_0_1164,-85.28119375029142,35.0150220800612
busStop_27173_0_1684,-85.32510381964228,35.01427023694448
busStop_27248_0_1159,-85.28296478518114,35.011287293421326
busStop_27303_0_113,-85.31997786041926,35.010557107991765
busStop_27323_0_1275,-85.28330469808887,35.01111329273664
busStop_27352_0_1502,-85.27736030057633,35.00916290933209
busStop_27388_0_1683,-85.3277826613829,35.01081735927487
busStop_27423_0_1273,-85.28458028750661,35.00870486278588
busStop_27492_0_1272,-85.28508199645202,35.007702709789825
busStop_27512_0_1271,-85.28568143975195,35.006549352664834
busStop_27513_0_1230,-85.28616272969089,35.00647453504899
busStop_27643_0_104,-85.3107155755415,35.005273727364596
busStop_29029_0_1269,-85.286752072258,35.00433634701443
busStop_29031_0_103,-85.3115332902877,35.00376605614735
busStop_29093_0_1268,-85.2874462808371,35.00305188171494
busStop_29110_0_1267,-85.28772618907846,35.00206441141473
busStop_29144_0_1237,-85.29063746235339,35.00146893798965
busStop_29175_0_1753,-85.28690776323829,35.00161383736835
busStop_29176_0_1750,-85.2884933284932,35.00065618377902
busStop_29177_0_1265,-85.28994945692367,35.00086561652058
busStop_29189_0_1264,-85.2909574299735,35.00025620497469
busStop_29290_0_152,-85.31270211763794,34.9982486718333
busStop_29443_0_1797,-85.30717839708497,34.99391100747523
busStop_29466_0_1731,-85.30757483227138,34.99316705272456
busStop_29478_0_148,-85.30771786723366,34.992468512684596
busStop_29500_0_1899,-85.30628307262303,34.99194706958936
busStop_29508_0_1486,-85.30573874399286,34.991749192638814
busStop_29581_0_157,-85.30914438550184,34.99024880650332
busStop_29604_0_146,-85.30491561275646,34.99131076082704
busStop_29604_0_81,-85.30486369713566,34.990259565368056
busStop_29604_0_90,-85.30497775255922,34.99120311557549
busStop_29622_0_155,-85.30476327215145,34.98944493587798
busStop_29641_0_158,-85.30933919032525,34.9898861418008
busStop_29676_0_452,-85.33258252838132,34.98838857501912
busStop_29683_0_1892,-85.31551654865791,34.990623987081555
busStop_29683_0_1915,-85.3163404912709,34.989118071186404
busStop_29683_0_72,-85.31593475255569,34.98985964581666
busStop_29904_0_1163,-85.28170211214596,35.01412880419447
busStop_29905_0_1160,-85.28290375857796,35.011885427966654
busStop_29924_0_112,-85.31860804395497,35.01004522326915
busStop_29936_0_1410,-85.31411445750011,35.03263322551622
busStop_30068_0_1671,-85.19454992697987,35.03225461110596
busStop_30078_0_1194,-85.30897579134022,35.0437874157012
busStop_30079_0_759,-85.31846073634779,35.04340549535854
busStop_30289_0_1876,-85.1607840979128,35.03706045740701
busStop_30289_0_1878,-85.16079614980178,35.03705172109765
busStop_30289_0_1882,-85.1607840979128,35.03706045740701
busStop_30289_0_1883,-85.1607840979128,35.03706045740701
busStop_30289_0_1885,-85.16080098695377,35.03704821468741
busStop_30302_0_1297,-85.29333609945816,35.03754599002641
busStop_30320_1_980,-85.26839513448677,35.03360813770569
busStop_30386_0_749,-85.31957265673523,35.040764071832655
busStop_30395_0_397,-85.26960867009622,35.03915589470373
busStop_30426_0_867,-85.20700670388106,35.009054433085275
busStop_30431_0_868,-85.20785774206276,35.01021650660624
busStop_30891_0_1175,-85.2768122777836,35.02496412833799
busStop_30893_0_1174,-85.27546880812405,35.02446401044596
busStop_30895_0_395,-85.27061946922913,35.03710406548096
busStop_30899_0_2130,-85.26437405738065,35.03109443960956
busStop_30900_0_978,-85.2653443430329,35.03238901273042
busStop_30905_1_979,-85.26650011955778,35.03290533557648
busStop_30948_0_1914,-85.32754070236659,35.01111795616009
busStop_30950_0_1488,-85.32601446710102,35.01263422579219
busStop_30965_0_449,-85.33094843527034,34.99251491904479
busStop_30973_0_748,-85.31826012493102,35.04025003556756
busStop_30978_0_1461,-85.30711166815249,35.0360740364582
busStop_30980_0_743,-85.3088875377431,35.03671961452483
busStop_31186_0_151,-85.31161412733856,34.99785331003574
busStop_31199_0_695,-85.18947976471911,35.0391009552626
busStop_31229_0_1567,-85.29807825272172,35.04068906244847
busStop_31360_0_1669,-85.1982681939065,35.022880769783036
busStop_31559_0_392,-85.27235426744885,35.03387318813487
busStop_31667_0_393,-85.27146935921911,35.0354858817918
busStop_31689_0_1366,-85.27095097931364,35.04292525700934
busStop_31730_0_150,-85.30625899923996,34.99565212554652
busStop_31769_0_1291,-85.29883904830936,35.02729868841766
busStop_31770_0_1292,-85.29735587186731,35.030014911311234
busStop_31774_0_1183,-85.28986374247786,35.02960371593965
busStop_31785_1_990,-85.2825427595813,35.03886216065752
busStop_31821_0_1874,-85.30683373997113,35.03784871582737
busStop_31945_0_2197,-85.21181587317737,35.00804769495585
busStop_32225_0_869,-85.21088895896636,35.013718605404556
busStop_326_1_789,-85.31057192629906,35.052465877040696
busStop_327_0_170,-85.30572653488561,35.052147388181375
busStop_33031_0_991,-85.28457499535065,35.0396025264109
busStop_33115_0_1162,-85.28203187641164,35.01349498392512
busStop_337_0_755,-85.31868252329578,35.0484055159773
busStop_38553_0_2010,-85.27587994451382,35.05833578605337
busStop_38559_0_880,-85.18739292417408,35.02921870008901
busStop_38636_0_1975,-85.31060477360545,35.0534076764954
busStop_38638_0_1417,-85.30961736270017,35.0533832514263
busStop_38639_0_568,-85.31009457385625,35.050923288389804
busStop_52_0_2280,-85.19565260852093,35.07460446947958
busStop_64_0_168,-85.30880865180937,35.052224910238664
busStop_66_0_503,-85.30771163469461,35.052294616786675
busStop_67_0_1867,-85.31205917963925,35.05217861566693
busStop_67_0_1868,-85.31205917963925,35.05217861566693
busStop_6808_0_2275,-85.16798337856218,35.074737211477455
busStop_6811_0_2276,-85.16956391285005,35.07469026192353
busStop_6829_0_2277,-85.17581413006361,35.07433546053078
busStop_6839_0_2278,-85.1787166529254,35.074208292758435
busStop_6849_0_2279,-85.18269751597344,35.073960704639
busStop_6937_0_729,-85.3095478442572,35.07435429872096
busStop_7034_0_728,-85.3096193144612,35.07347552087047
busStop_7042_0_232,-85.24880624192946,35.07131000512826
busStop_7099_0_216,-85.25102725371192,35.07053677602978
busStop_7116_0_727,-85.30978245184008,35.07173653467273
busStop_7174_0_215,-85.25164186884497,35.069432368069194
busStop_71_0_1823,-85.31051315988726,35.050541026479564
busStop_71_0_489,-85.31050210420543,35.04985434997137
busStop_72_0_1976,-85.31049190160726,35.04946301854044
busStop_72_0_488,-85.31045106906701,35.048418991520805
busStop_73_1_487,-85.31042216208046,35.04723535096504
busStop_78746_0_412,-85.3028979441503,35.046417112169145
busStop_78746_0_413,-85.30399466984603,35.04681563462944
busStop_8859_0_1052,-85.24316025655217,35.06700375634957
busStop_8913_0_1458,-85.31184591521973,35.0659807944773
busStop_8962_0_212,-85.2535262907287,35.06604457172038
busStop_8988_0_211,-85.2545704759322,35.06407819139693
busStop_9045_0_716,-85.30672037191972,35.06246874526185
busStop_9045_1_2001,-85.30669394018744,35.06246537891742
busStop_9069_0_2145,-85.30540356201537,35.06203928451845
busStop_9076_0_1060,-85.22961199337418,35.060445379193325
busStop_9089_0_802,-85.30455055134861,35.06164252471163
busStop_9092_0_1429,-85.30353304340959,35.061231179209614
busStop_9099_0_643,-85.20739564892398,35.0602205793698
busStop_9105_0_637,-85.21100066879448,35.05976375652242
busStop_9106_0_1435,-85.20988746881599,35.05961349506034
busStop_9107_0_642,-85.20917144093717,35.059639010713525
busStop_9117_0_1492,-85.24091330313907,35.064022798977135
busStop_9188_0_1470,-85.14052072769452,35.056720324703825
busStop_9217_0_1870,-85.26767685053476,35.057805809131665
busStop_9282_0_690,-85.26881218919694,35.05584266241997
busStop_9285_0_195,-85.26239374209594,35.056352334074674
busStop_9309_0_1049,-85.24078076719172,35.05430263842333
busStop_9390_0_1565,-85.31180976076936,35.05401958971586
busStop_9390_0_1566,-85.3118089159054,35.053980017412144
busStop_9425_0_193,-85.26394023365752,35.053574286874415
busStop_9441_0_311,-85.26457732544635,35.052049666657695
busStop_9455_0_284,-85.30239402092512,35.05247719755187
busStop_9465_0_192,-85.26482564286752,35.05195287992299
busStop_9479_0_1044,-85.24248039120506,35.051057278339115
busStop_9503_0_219,-85.26205672989904,35.05034667129067
busStop_9528_0_191,-85.26572215240503,35.050304846145025
busStop_9629_0_190,-85.26808943749946,35.04821407141951
busStop_9640_0_1591,-85.29320575843225,35.048536402266464
busStop_9681_0_1490,-85.2374227418283,35.04670828446677
busStop_9689_0_1449,-85.29383411071566,35.04734946650896
busStop_9708_0_189,-85.26895964451593,35.04662779334856
busStop_9715_0_996,-85.3053871282418,35.04736028348456
busStop_9788_0_188,-85.26945802283193,35.04569839614543
busStop_9813_0_409,-85.30134810993277,35.04584733100033
busStop_9820_0_754,-85.31877061892837,35.04684478533172
busStop_9846_0_1365,-85.27002661061809,35.0446439611826
busStop_9923_0_752,-85.31911479423191,35.04338222192751
busStop_9923_0_753,-85.31993117224307,35.04542869663421
busStop_gneE33_0_2071,-85.30943503346613,35.04519828273884
busStop_gneE34_0_164,-85.30939102465716,35.044921495838096
busStop_gneE46_0_484,-85.30996569548665,35.04274318128116
busStop_gneE48_0_1555,-85.30958441129165,35.04902723197403
busStop_gneE4_0_44,-85.32566691721507,35.010910702990465
busStop_gneE71_0_1539,-85.31083159116022,35.04484133585443
