time,time_ms,speed,acceleration,vehicle_ref,actorConfig_id,actorConfig_emissionClass,actorConfig_fuel,actorConfig_ref,actorConfig_vehicleClass,Power
06:55:00,24900000,0,0,Route1_trip151687020_06:55:00,8,Euro4,Gasoline,Gillig_105,Passenger,0.36096466
06:55:01,24901000,0,0,Route1_trip151687020_06:55:00,8,Euro4,Gasoline,Gillig_105,Passenger,0.36096466
06:55:02,24902000,0,0,Route1_trip151687020_06:55:00,8,Euro4,Gasoline,Gillig_105,Passenger,0.36096466
06:55:03,24903000,0,0,Route1_trip151687020_06:55:00,8,Euro4,Gasoline,Gillig_105,Passenger,0.36096466
06:55:04,24904000,0,0,Route1_trip151687020_06:55:00,8,Euro4,Gasoline,Gillig_105,Passenger,0.36096466
06:55:05,24905000,0,0,Route1_trip151687020_06:55:00,8,Euro4,Gasoline,Gillig_105,Passenger,0.36096466
06:55:06,24906000,0,0,Route1_trip151687020_06:55:00,8,Euro4,Gasoline,Gillig_105,Passenger,0.36096466
06:55:07,24907000,0,0,Route1_trip151687020_06:55:00,8,Euro4,Gasoline,Gillig_105,Passenger,0.36096466
06:55:08,24908000,0,0,Route1_trip151687020_06:55:00,8,Euro4,Gasoline,Gillig_105,Passenger,0.36096466
06:55:09,24909000,0,0,Route1_trip151687020_06:55:00,8,Euro4,Gasoline,Gillig_105,Passenger,0.36096466
06:55:10,24910000,0,0,Route1_trip151687020_06:55:00,8,Euro4,Gasoline,Gillig_105,Passenger,0.36096466
06:55:11,24911000,0,0,Route1_trip151687020_06:55:00,8,Euro4,Gasoline,Gillig_105,Passenger,0.36096466
06:55:12,24912000,0,0,Route1_trip151687020_06:55:00,8,Euro4,Gasoline,Gillig_105,Passenger,0.36096466
06:55:13,24913000,0,0,Route1_trip151687020_06:55:00,8,Euro4,Gasoline,Gillig_105,Passenger,0.36096466
06:55:14,24914000,0,0,Route1_trip151687020_06:55:00,8,Euro4,Gasoline,Gillig_105,Passenger,0.36096466
06:55:15,24915000,0,0,Route1_trip151687020_06:55:00,8,Euro4,Gasoline,Gillig_105,Passenger,0.36096466
06:55:16,24916000,0,0,Route1_trip151687020_06:55:00,8,Euro4,Gasoline,Gillig_105,Passenger,0.36096466
06:55:17,24917000,0,0,Route1_trip151687020_06:55:00,8,Euro4,Gasoline,Gillig_105,Passenger,0.36096466
06:55:18,24918000,0,0,Route1_trip151687020_06:55:00,8,Euro4,Gasoline,Gillig_105,Passenger,0.36096466
06:55:19,24919000,0,0,Route1_trip151687020_06:55:00,8,Euro4,Gasoline,Gillig_105,Passenger,0.36096466
06:55:20,24920000,0,0,Route1_trip151687020_06:55:00,8,Euro4,Gasoline,Gillig_105,Passenger,0.36096466
06:55:21,24921000,0,0,Route1_trip151687020_06:55:00,8,Euro4,Gasoline,Gillig_105,Passenger,0.36096466
06:55:22,24922000,0,0,Route1_trip151687020_06:55:00,8,Euro4,Gasoline,Gillig_105,Passenger,0.36096466
06:55:23,24923000,0,0,Route1_trip151687020_06:55:00,8,Euro4,Gasoline,Gillig_105,Passenger,0.36096466
06:55:24,24924000,0,0,Route1_trip151687020_06:55:00,8,Euro4,Gasoline,Gillig_105,Passenger,0.36096466
06:55:25,24925000,0,0,Route1_trip151687020_06:55:00,8,Euro4,Gasoline,Gillig_105,Passenger,0.36096466
06:55:26,24926000,0,0,Route1_trip151687020_06:55:00,8,Euro4,Gasoline,Gillig_105,Passenger,0.36096466
06:55:27,24927000,0,0,Route1_trip151687020_06:55:00,8,Euro4,Gasoline,Gillig_105,Passenger,0.36096466
06:55:28,24928000,0,0,Route1_trip151687020_06:55:00,8,Euro4,Gasoline,Gillig_105,Passenger,0.36096466
06:55:29,24929000,0,0,Route1_trip151687020_06:55:00,8,Euro4,Gasoline,Gillig_105,Passenger,0.36096466
06:55:30,24930000,0,0,Route1_trip151687020_06:55:00,8,Euro4,Gasoline,Gillig_105,Passenger,0.36096466
06:55:31,24931000,0,0,Route1_trip151687020_06:55:00,8,Euro4,Gasoline,Gillig_105,Passenger,0.36096466
06:55:32,24932000,76,764,Route1_trip151687020_06:55:00,8,Euro4,Gasoline,Gillig_105,Passenger,27.797935
06:55:33,24933000,215,1386,Route1_trip151687020_06:55:00,8,Euro4,Gasoline,Gillig_105,Passenger,93.25003
06:55:34,24934000,8,-2073,Route1_trip151687020_06:55:00,8,Euro4,Gasoline,Gillig_105,Passenger,5.7247233
06:55:35,24935000,0,-71,Route1_trip151687020_06:55:00,8,Euro4,Gasoline,Gillig_105,Passenger,0.36096466
06:55:36,24936000,0,-3,Route1_trip151687020_06:55:00,8,Euro4,Gasoline,Gillig_105,Passenger,0.36096466
06:55:37,24937000,73,731,Route1_trip151687020_06:55:00,8,Euro4,Gasoline,Gillig_105,Passenger,26.254402
06:55:38,24938000,182,1088,Route1_trip151687020_06:55:00,8,Euro4,Gasoline,Gillig_105,Passenger,68.304474
06:55:39,24939000,256,737,Route1_trip151687020_06:55:00,8,Euro4,Gasoline,Gillig_105,Passenger,64.252846
06:55:40,24940000,379,1236,Route1_trip151687020_06:55:00,8,Euro4,Gasoline,Gillig_105,Passenger,110.29367
06:55:41,24941000,475,954,Route1_trip151687020_06:55:00,8,Euro4,Gasoline,Gillig_105,Passenger,104.74341
06:55:42,24942000,183,-2917,Route1_trip151687020_06:55:00,8,Euro4,Gasoline,Gillig_105,Passenger,-54.37085
06:55:43,24943000,45,-1375,Route1_trip151687020_06:55:00,8,Euro4,Gasoline,Gillig_105,Passenger,5.6076345
06:55:44,24944000,158,1125,Route1_trip151687020_06:55:00,8,Euro4,Gasoline,Gillig_105,Passenger,62.920433
06:55:45,24945000,248,900,Route1_trip151687020_06:55:00,8,Euro4,Gasoline,Gillig_105,Passenger,73.174934
06:55:46,24946000,354,1059,Route1_trip151687020_06:55:00,8,Euro4,Gasoline,Gillig_105,Passenger,93.81802
06:55:47,24947000,474,1203,Route1_trip151687020_06:55:00,8,Euro4,Gasoline,Gillig_105,Passenger,124.67643
06:55:48,24948000,586,1117,Route1_trip151687020_06:55:00,8,Euro4,Gasoline,Gillig_105,Passenger,132.53026
06:55:49,24949000,682,961,Route1_trip151687020_06:55:00,8,Euro4,Gasoline,Gillig_105,Passenger,137.49805
06:55:50,24950000,767,852,Route1_trip151687020_06:55:00,8,Euro4,Gasoline,Gillig_105,Passenger,138.25435
06:55:51,24951000,887,1197,Route1_trip151687020_06:55:00,8,Euro4,Gasoline,Gillig_105,Passenger,181.04509
06:55:52,24952000,1021,1344,Route1_trip151687020_06:55:00,8,Euro4,Gasoline,Gillig_105,Passenger,203.86453
06:55:53,24953000,1098,769,Route1_trip151687020_06:55:00,8,Euro4,Gasoline,Gillig_105,Passenger,165.1265
06:55:54,24954000,1218,1197,Route1_trip151687020_06:55:00,8,Euro4,Gasoline,Gillig_105,Passenger,215.92212
06:55:55,24955000,1311,934,Route1_trip151687020_06:55:00,8,Euro4,Gasoline,Gillig_105,Passenger,194.81934
06:55:56,24956000,1420,1086,Route1_trip151687020_06:55:00,8,Euro4,Gasoline,Gillig_105,Passenger,212.1284
06:55:57,24957000,1534,1143,Route1_trip151687020_06:55:00,8,Euro4,Gasoline,Gillig_105,Passenger,213.90059
06:55:58,24958000,1639,1047,Route1_trip151687020_06:55:00,8,Euro4,Gasoline,Gillig_105,Passenger,190.34303
06:55:59,24959000,1744,1050,Route1_trip151687020_06:55:00,8,Euro4,Gasoline,Gillig_105,Passenger,171.56265
06:56:00,24960000,1354,-3899,Route1_trip151687020_06:55:00,8,Euro4,Gasoline,Gillig_105,Passenger,-200.0
06:56:01,24961000,1427,737,Route1_trip151687020_06:55:00,8,Euro4,Gasoline,Gillig_105,Passenger,172.4858
06:56:02,24962000,1095,-3322,Route1_trip151687020_06:55:00,8,Euro4,Gasoline,Gillig_105,Passenger,-200.0
06:56:03,24963000,744,-3514,Route1_trip151687020_06:55:00,8,Euro4,Gasoline,Gillig_105,Passenger,-200.0
06:56:04,24964000,377,-3666,Route1_trip151687020_06:55:00,8,Euro4,Gasoline,Gillig_105,Passenger,-179.30719
06:56:05,24965000,2,-3752,Route1_trip151687020_06:55:00,8,Euro4,Gasoline,Gillig_105,Passenger,5.7247233
06:56:06,24966000,0,-14,Route1_trip151687020_06:55:00,8,Euro4,Gasoline,Gillig_105,Passenger,0.36096466
06:56:07,24967000,0,0,Route1_trip151687020_06:55:00,8,Euro4,Gasoline,Gillig_105,Passenger,0.36096466
06:56:08,24968000,0,0,Route1_trip151687020_06:55:00,8,Euro4,Gasoline,Gillig_105,Passenger,0.36096466
06:56:09,24969000,0,0,Route1_trip151687020_06:55:00,8,Euro4,Gasoline,Gillig_105,Passenger,0.36096466
06:56:10,24970000,0,0,Route1_trip151687020_06:55:00,8,Euro4,Gasoline,Gillig_105,Passenger,0.36096466
06:56:11,24971000,0,0,Route1_trip151687020_06:55:00,8,Euro4,Gasoline,Gillig_105,Passenger,0.36096466
06:56:12,24972000,0,0,Route1_trip151687020_06:55:00,8,Euro4,Gasoline,Gillig_105,Passenger,0.36096466
06:56:13,24973000,0,0,Route1_trip151687020_06:55:00,8,Euro4,Gasoline,Gillig_105,Passenger,0.36096466
06:56:14,24974000,0,0,Route1_trip151687020_06:55:00,8,Euro4,Gasoline,Gillig_105,Passenger,0.36096466
06:56:15,24975000,0,0,Route1_trip151687020_06:55:00,8,Euro4,Gasoline,Gillig_105,Passenger,0.36096466
06:56:16,24976000,0,0,Route1_trip151687020_06:55:00,8,Euro4,Gasoline,Gillig_105,Passenger,0.36096466
06:56:17,24977000,0,0,Route1_trip151687020_06:55:00,8,Euro4,Gasoline,Gillig_105,Passenger,0.36096466
06:56:18,24978000,0,0,Route1_trip151687020_06:55:00,8,Euro4,Gasoline,Gillig_105,Passenger,0.36096466
06:56:19,24979000,0,0,Route1_trip151687020_06:55:00,8,Euro4,Gasoline,Gillig_105,Passenger,0.36096466
06:56:20,24980000,0,0,Route1_trip151687020_06:55:00,8,Euro4,Gasoline,Gillig_105,Passenger,0.36096466
06:56:21,24981000,0,0,Route1_trip151687020_06:55:00,8,Euro4,Gasoline,Gillig_105,Passenger,0.36096466
06:56:22,24982000,0,0,Route1_trip151687020_06:55:00,8,Euro4,Gasoline,Gillig_105,Passenger,0.36096466
06:56:23,24983000,0,0,Route1_trip151687020_06:55:00,8,Euro4,Gasoline,Gillig_105,Passenger,0.36096466
06:56:24,24984000,0,0,Route1_trip151687020_06:55:00,8,Euro4,Gasoline,Gillig_105,Passenger,0.36096466
06:56:25,24985000,0,0,Route1_trip151687020_06:55:00,8,Euro4,Gasoline,Gillig_105,Passenger,0.36096466
06:56:26,24986000,0,0,Route1_trip151687020_06:55:00,8,Euro4,Gasoline,Gillig_105,Passenger,0.36096466
06:56:27,24987000,0,0,Route1_trip151687020_06:55:00,8,Euro4,Gasoline,Gillig_105,Passenger,0.36096466
06:56:28,24988000,0,0,Route1_trip151687020_06:55:00,8,Euro4,Gasoline,Gillig_105,Passenger,0.36096466
06:56:29,24989000,0,0,Route1_trip151687020_06:55:00,8,Euro4,Gasoline,Gillig_105,Passenger,0.36096466
06:56:30,24990000,0,0,Route1_trip151687020_06:55:00,8,Euro4,Gasoline,Gillig_105,Passenger,0.36096466
06:56:31,24991000,0,0,Route1_trip151687020_06:55:00,8,Euro4,Gasoline,Gillig_105,Passenger,0.36096466
06:56:32,24992000,0,0,Route1_trip151687020_06:55:00,8,Euro4,Gasoline,Gillig_105,Passenger,0.36096466
06:56:33,24993000,0,0,Route1_trip151687020_06:55:00,8,Euro4,Gasoline,Gillig_105,Passenger,0.36096466
06:56:34,24994000,0,0,Route1_trip151687020_06:55:00,8,Euro4,Gasoline,Gillig_105,Passenger,0.36096466
06:56:35,24995000,0,0,Route1_trip151687020_06:55:00,8,Euro4,Gasoline,Gillig_105,Passenger,0.36096466
06:56:36,24996000,0,0,Route1_trip151687020_06:55:00,8,Euro4,Gasoline,Gillig_105,Passenger,0.36096466
06:56:37,24997000,0,0,Route1_trip151687020_06:55:00,8,Euro4,Gasoline,Gillig_105,Passenger,0.36096466
06:56:38,24998000,0,0,Route1_trip151687020_06:55:00,8,Euro4,Gasoline,Gillig_105,Passenger,0.36096466
06:56:39,24999000,0,0,Route1_trip151687020_06:55:00,8,Euro4,Gasoline,Gillig_105,Passenger,0.36096466
06:56:40,25000000,0,0,Route1_trip151687020_06:55:00,8,Euro4,Gasoline,Gillig_105,Passenger,0.36096466
06:56:41,25001000,0,0,Route1_trip151687020_06:55:00,8,Euro4,Gasoline,Gillig_105,Passenger,0.36096466
06:56:42,25002000,0,0,Route1_trip151687020_06:55:00,8,Euro4,Gasoline,Gillig_105,Passenger,0.36096466
06:56:43,25003000,0,0,Route1_trip151687020_06:55:00,8,Euro4,Gasoline,Gillig_105,Passenger,0.36096466
06:56:44,25004000,0,0,Route1_trip151687020_06:55:00,8,Euro4,Gasoline,Gillig_105,Passenger,0.36096466
06:56:45,25005000,0,0,Route1_trip151687020_06:55:00,8,Euro4,Gasoline,Gillig_105,Passenger,0.36096466
06:56:46,25006000,0,0,Route1_trip151687020_06:55:00,8,Euro4,Gasoline,Gillig_105,Passenger,0.36096466
06:56:47,25007000,0,0,Route1_trip151687020_06:55:00,8,Euro4,Gasoline,Gillig_105,Passenger,0.36096466
06:56:48,25008000,0,0,Route1_trip151687020_06:55:00,8,Euro4,Gasoline,Gillig_105,Passenger,0.36096466
06:56:49,25009000,0,0,Route1_trip151687020_06:55:00,8,Euro4,Gasoline,Gillig_105,Passenger,0.36096466
06:56:50,25010000,0,0,Route1_trip151687020_06:55:00,8,Euro4,Gasoline,Gillig_105,Passenger,0.36096466
06:56:51,25011000,0,0,Route1_trip151687020_06:55:00,8,Euro4,Gasoline,Gillig_105,Passenger,0.36096466
06:56:52,25012000,0,0,Route1_trip151687020_06:55:00,8,Euro4,Gasoline,Gillig_105,Passenger,0.36096466
06:56:53,25013000,0,0,Route1_trip151687020_06:55:00,8,Euro4,Gasoline,Gillig_105,Passenger,0.36096466
06:56:54,25014000,0,0,Route1_trip151687020_06:55:00,8,Euro4,Gasoline,Gillig_105,Passenger,0.36096466
06:56:55,25015000,0,0,Route1_trip151687020_06:55:00,8,Euro4,Gasoline,Gillig_105,Passenger,0.36096466
06:56:56,25016000,0,0,Route1_trip151687020_06:55:00,8,Euro4,Gasoline,Gillig_105,Passenger,0.36096466
06:56:57,25017000,0,0,Route1_trip151687020_06:55:00,8,Euro4,Gasoline,Gillig_105,Passenger,0.36096466
06:56:58,25018000,0,0,Route1_trip151687020_06:55:00,8,Euro4,Gasoline,Gillig_105,Passenger,0.36096466
06:56:59,25019000,0,0,Route1_trip151687020_06:55:00,8,Euro4,Gasoline,Gillig_105,Passenger,0.36096466
06:57:00,25020000,0,0,Route1_trip151687020_06:55:00,8,Euro4,Gasoline,Gillig_105,Passenger,0.36096466
06:57:01,25021000,0,0,Route1_trip151687020_06:55:00,8,Euro4,Gasoline,Gillig_105,Passenger,0.36096466
06:57:02,25022000,0,0,Route1_trip151687020_06:55:00,8,Euro4,Gasoline,Gillig_105,Passenger,0.36096466
06:57:03,25023000,0,0,Route1_trip151687020_06:55:00,8,Euro4,Gasoline,Gillig_105,Passenger,0.36096466
06:57:04,25024000,0,0,Route1_trip151687020_06:55:00,8,Euro4,Gasoline,Gillig_105,Passenger,0.36096466
06:57:05,25025000,0,0,Route1_trip151687020_06:55:00,8,Euro4,Gasoline,Gillig_105,Passenger,0.36096466
06:57:06,25026000,0,0,Route1_trip151687020_06:55:00,8,Euro4,Gasoline,Gillig_105,Passenger,0.36096466
06:57:07,25027000,0,0,Route1_trip151687020_06:55:00,8,Euro4,Gasoline,Gillig_105,Passenger,0.36096466
06:57:08,25028000,0,0,Route1_trip151687020_06:55:00,8,Euro4,Gasoline,Gillig_105,Passenger,0.36096466
06:57:09,25029000,0,0,Route1_trip151687020_06:55:00,8,Euro4,Gasoline,Gillig_105,Passenger,0.36096466
06:57:10,25030000,0,0,Route1_trip151687020_06:55:00,8,Euro4,Gasoline,Gillig_105,Passenger,0.36096466
06:57:11,25031000,0,0,Route1_trip151687020_06:55:00,8,Euro4,Gasoline,Gillig_105,Passenger,0.36096466
06:57:12,25032000,0,0,Route1_trip151687020_06:55:00,8,Euro4,Gasoline,Gillig_105,Passenger,0.36096466
06:57:13,25033000,0,0,Route1_trip151687020_06:55:00,8,Euro4,Gasoline,Gillig_105,Passenger,0.36096466
06:57:14,25034000,0,0,Route1_trip151687020_06:55:00,8,Euro4,Gasoline,Gillig_105,Passenger,0.36096466
06:57:15,25035000,0,0,Route1_trip151687020_06:55:00,8,Euro4,Gasoline,Gillig_105,Passenger,0.36096466
06:57:16,25036000,0,0,Route1_trip151687020_06:55:00,8,Euro4,Gasoline,Gillig_105,Passenger,0.36096466
06:57:17,25037000,0,0,Route1_trip151687020_06:55:00,8,Euro4,Gasoline,Gillig_105,Passenger,0.36096466
06:57:18,25038000,0,0,Route1_trip151687020_06:55:00,8,Euro4,Gasoline,Gillig_105,Passenger,0.36096466
06:57:19,25039000,0,0,Route1_trip151687020_06:55:00,8,Euro4,Gasoline,Gillig_105,Passenger,0.36096466
06:57:20,25040000,0,0,Route1_trip151687020_06:55:00,8,Euro4,Gasoline,Gillig_105,Passenger,0.36096466
06:57:21,25041000,0,0,Route1_trip151687020_06:55:00,8,Euro4,Gasoline,Gillig_105,Passenger,0.36096466
06:57:22,25042000,0,0,Route1_trip151687020_06:55:00,8,Euro4,Gasoline,Gillig_105,Passenger,0.36096466
06:57:23,25043000,0,0,Route1_trip151687020_06:55:00,8,Euro4,Gasoline,Gillig_105,Passenger,0.36096466
06:57:24,25044000,0,0,Route1_trip151687020_06:55:00,8,Euro4,Gasoline,Gillig_105,Passenger,0.36096466
06:57:25,25045000,0,0,Route1_trip151687020_06:55:00,8,Euro4,Gasoline,Gillig_105,Passenger,0.36096466
06:57:26,25046000,0,0,Route1_trip151687020_06:55:00,8,Euro4,Gasoline,Gillig_105,Passenger,0.36096466
06:57:27,25047000,0,0,Route1_trip151687020_06:55:00,8,Euro4,Gasoline,Gillig_105,Passenger,0.36096466
06:57:28,25048000,0,0,Route1_trip151687020_06:55:00,8,Euro4,Gasoline,Gillig_105,Passenger,0.36096466
06:57:29,25049000,0,0,Route1_trip151687020_06:55:00,8,Euro4,Gasoline,Gillig_105,Passenger,0.36096466
06:57:30,25050000,0,0,Route1_trip151687020_06:55:00,8,Euro4,Gasoline,Gillig_105,Passenger,0.36096466
06:57:31,25051000,0,0,Route1_trip151687020_06:55:00,8,Euro4,Gasoline,Gillig_105,Passenger,0.36096466
06:57:32,25052000,0,0,Route1_trip151687020_06:55:00,8,Euro4,Gasoline,Gillig_105,Passenger,0.36096466
06:57:33,25053000,0,0,Route1_trip151687020_06:55:00,8,Euro4,Gasoline,Gillig_105,Passenger,0.36096466
06:57:34,25054000,0,0,Route1_trip151687020_06:55:00,8,Euro4,Gasoline,Gillig_105,Passenger,0.36096466
06:57:35,25055000,0,0,Route1_trip151687020_06:55:00,8,Euro4,Gasoline,Gillig_105,Passenger,0.36096466
06:57:36,25056000,0,0,Route1_trip151687020_06:55:00,8,Euro4,Gasoline,Gillig_105,Passenger,0.36096466
06:57:37,25057000,0,0,Route1_trip151687020_06:55:00,8,Euro4,Gasoline,Gillig_105,Passenger,0.36096466
06:57:38,25058000,0,0,Route1_trip151687020_06:55:00,8,Euro4,Gasoline,Gillig_105,Passenger,0.36096466
06:57:39,25059000,0,0,Route1_trip151687020_06:55:00,8,Euro4,Gasoline,Gillig_105,Passenger,0.36096466
06:57:40,25060000,0,0,Route1_trip151687020_06:55:00,8,Euro4,Gasoline,Gillig_105,Passenger,0.36096466
06:57:41,25061000,0,0,Route1_trip151687020_06:55:00,8,Euro4,Gasoline,Gillig_105,Passenger,0.36096466
06:57:42,25062000,0,0,Route1_trip151687020_06:55:00,8,Euro4,Gasoline,Gillig_105,Passenger,0.36096466
06:57:43,25063000,0,0,Route1_trip151687020_06:55:00,8,Euro4,Gasoline,Gillig_105,Passenger,0.36096466
06:57:44,25064000,0,0,Route1_trip151687020_06:55:00,8,Euro4,Gasoline,Gillig_105,Passenger,0.36096466
06:57:45,25065000,0,0,Route1_trip151687020_06:55:00,8,Euro4,Gasoline,Gillig_105,Passenger,0.36096466
06:57:46,25066000,0,0,Route1_trip151687020_06:55:00,8,Euro4,Gasoline,Gillig_105,Passenger,0.36096466
06:57:47,25067000,0,0,Route1_trip151687020_06:55:00,8,Euro4,Gasoline,Gillig_105,Passenger,0.36096466
06:57:48,25068000,0,0,Route1_trip151687020_06:55:00,8,Euro4,Gasoline,Gillig_105,Passenger,0.36096466
06:57:49,25069000,0,0,Route1_trip151687020_06:55:00,8,Euro4,Gasoline,Gillig_105,Passenger,0.36096466
06:57:50,25070000,0,0,Route1_trip151687020_06:55:00,8,Euro4,Gasoline,Gillig_105,Passenger,0.36096466
06:57:51,25071000,0,0,Route1_trip151687020_06:55:00,8,Euro4,Gasoline,Gillig_105,Passenger,0.36096466
06:57:52,25072000,0,0,Route1_trip151687020_06:55:00,8,Euro4,Gasoline,Gillig_105,Passenger,0.36096466
06:57:53,25073000,0,0,Route1_trip151687020_06:55:00,8,Euro4,Gasoline,Gillig_105,Passenger,0.36096466
06:57:54,25074000,0,0,Route1_trip151687020_06:55:00,8,Euro4,Gasoline,Gillig_105,Passenger,0.36096466
06:57:55,25075000,0,0,Route1_trip151687020_06:55:00,8,Euro4,Gasoline,Gillig_105,Passenger,0.36096466
06:57:56,25076000,0,0,Route1_trip151687020_06:55:00,8,Euro4,Gasoline,Gillig_105,Passenger,0.36096466
06:57:57,25077000,0,0,Route1_trip151687020_06:55:00,8,Euro4,Gasoline,Gillig_105,Passenger,0.36096466
06:57:58,25078000,0,0,Route1_trip151687020_06:55:00,8,Euro4,Gasoline,Gillig_105,Passenger,0.36096466
06:57:59,25079000,0,0,Route1_trip151687020_06:55:00,8,Euro4,Gasoline,Gillig_105,Passenger,0.36096466
06:58:00,25080000,0,0,Route1_trip151687020_06:55:00,8,Euro4,Gasoline,Gillig_105,Passenger,0.36096466
06:58:01,25081000,0,0,Route1_trip151687020_06:55:00,8,Euro4,Gasoline,Gillig_105,Passenger,0.36096466
06:58:02,25082000,0,0,Route1_trip151687020_06:55:00,8,Euro4,Gasoline,Gillig_105,Passenger,0.36096466
06:58:03,25083000,0,0,Route1_trip151687020_06:55:00,8,Euro4,Gasoline,Gillig_105,Passenger,0.36096466
06:58:04,25084000,0,0,Route1_trip151687020_06:55:00,8,Euro4,Gasoline,Gillig_105,Passenger,0.36096466
06:58:05,25085000,0,0,Route1_trip151687020_06:55:00,8,Euro4,Gasoline,Gillig_105,Passenger,0.36096466
06:58:06,25086000,0,0,Route1_trip151687020_06:55:00,8,Euro4,Gasoline,Gillig_105,Passenger,0.36096466
06:58:07,25087000,0,0,Route1_trip151687020_06:55:00,8,Euro4,Gasoline,Gillig_105,Passenger,0.36096466
06:58:08,25088000,0,0,Route1_trip151687020_06:55:00,8,Euro4,Gasoline,Gillig_105,Passenger,0.36096466
06:58:09,25089000,0,0,Route1_trip151687020_06:55:00,8,Euro4,Gasoline,Gillig_105,Passenger,0.36096466
06:58:10,25090000,0,0,Route1_trip151687020_06:55:00,8,Euro4,Gasoline,Gillig_105,Passenger,0.36096466
06:58:11,25091000,0,0,Route1_trip151687020_06:55:00,8,Euro4,Gasoline,Gillig_105,Passenger,0.36096466
06:58:12,25092000,0,0,Route1_trip151687020_06:55:00,8,Euro4,Gasoline,Gillig_105,Passenger,0.36096466
06:58:13,25093000,0,0,Route1_trip151687020_06:55:00,8,Euro4,Gasoline,Gillig_105,Passenger,0.36096466
06:58:14,25094000,0,0,Route1_trip151687020_06:55:00,8,Euro4,Gasoline,Gillig_105,Passenger,0.36096466
06:58:15,25095000,0,0,Route1_trip151687020_06:55:00,8,Euro4,Gasoline,Gillig_105,Passenger,0.36096466
06:58:16,25096000,0,0,Route1_trip151687020_06:55:00,8,Euro4,Gasoline,Gillig_105,Passenger,0.36096466
06:58:17,25097000,0,0,Route1_trip151687020_06:55:00,8,Euro4,Gasoline,Gillig_105,Passenger,0.36096466
06:58:18,25098000,0,0,Route1_trip151687020_06:55:00,8,Euro4,Gasoline,Gillig_105,Passenger,0.36096466
06:58:19,25099000,0,0,Route1_trip151687020_06:55:00,8,Euro4,Gasoline,Gillig_105,Passenger,0.36096466
06:58:20,25100000,0,0,Route1_trip151687020_06:55:00,8,Euro4,Gasoline,Gillig_105,Passenger,0.36096466
06:58:21,25101000,0,0,Route1_trip151687020_06:55:00,8,Euro4,Gasoline,Gillig_105,Passenger,0.36096466
06:58:22,25102000,0,0,Route1_trip151687020_06:55:00,8,Euro4,Gasoline,Gillig_105,Passenger,0.36096466
06:58:23,25103000,0,0,Route1_trip151687020_06:55:00,8,Euro4,Gasoline,Gillig_105,Passenger,0.36096466
06:58:24,25104000,0,0,Route1_trip151687020_06:55:00,8,Euro4,Gasoline,Gillig_105,Passenger,0.36096466
06:58:25,25105000,0,0,Route1_trip151687020_06:55:00,8,Euro4,Gasoline,Gillig_105,Passenger,0.36096466
06:58:26,25106000,0,0,Route1_trip151687020_06:55:00,8,Euro4,Gasoline,Gillig_105,Passenger,0.36096466
06:58:27,25107000,0,0,Route1_trip151687020_06:55:00,8,Euro4,Gasoline,Gillig_105,Passenger,0.36096466
06:58:28,25108000,0,0,Route1_trip151687020_06:55:00,8,Euro4,Gasoline,Gillig_105,Passenger,0.36096466
06:58:29,25109000,0,0,Route1_trip151687020_06:55:00,8,Euro4,Gasoline,Gillig_105,Passenger,0.36096466
06:58:30,25110000,0,0,Route1_trip151687020_06:55:00,8,Euro4,Gasoline,Gillig_105,Passenger,0.36096466
06:58:31,25111000,0,0,Route1_trip151687020_06:55:00,8,Euro4,Gasoline,Gillig_105,Passenger,0.36096466
06:58:32,25112000,0,0,Route1_trip151687020_06:55:00,8,Euro4,Gasoline,Gillig_105,Passenger,0.36096466
06:58:33,25113000,0,0,Route1_trip151687020_06:55:00,8,Euro4,Gasoline,Gillig_105,Passenger,0.36096466
06:58:34,25114000,0,0,Route1_trip151687020_06:55:00,8,Euro4,Gasoline,Gillig_105,Passenger,0.36096466
06:58:35,25115000,0,0,Route1_trip151687020_06:55:00,8,Euro4,Gasoline,Gillig_105,Passenger,0.36096466
06:58:36,25116000,0,0,Route1_trip151687020_06:55:00,8,Euro4,Gasoline,Gillig_105,Passenger,0.36096466
06:58:37,25117000,0,0,Route1_trip151687020_06:55:00,8,Euro4,Gasoline,Gillig_105,Passenger,0.36096466
06:58:38,25118000,0,0,Route1_trip151687020_06:55:00,8,Euro4,Gasoline,Gillig_105,Passenger,0.36096466
06:58:39,25119000,0,0,Route1_trip151687020_06:55:00,8,Euro4,Gasoline,Gillig_105,Passenger,0.36096466
06:58:40,25120000,0,0,Route1_trip151687020_06:55:00,8,Euro4,Gasoline,Gillig_105,Passenger,0.36096466
06:58:41,25121000,0,0,Route1_trip151687020_06:55:00,8,Euro4,Gasoline,Gillig_105,Passenger,0.36096466
06:58:42,25122000,0,0,Route1_trip151687020_06:55:00,8,Euro4,Gasoline,Gillig_105,Passenger,0.36096466
06:58:43,25123000,0,0,Route1_trip151687020_06:55:00,8,Euro4,Gasoline,Gillig_105,Passenger,0.36096466
06:58:44,25124000,0,0,Route1_trip151687020_06:55:00,8,Euro4,Gasoline,Gillig_105,Passenger,0.36096466
06:58:45,25125000,0,0,Route1_trip151687020_06:55:00,8,Euro4,Gasoline,Gillig_105,Passenger,0.36096466
06:58:46,25126000,0,0,Route1_trip151687020_06:55:00,8,Euro4,Gasoline,Gillig_105,Passenger,0.36096466
06:58:47,25127000,0,0,Route1_trip151687020_06:55:00,8,Euro4,Gasoline,Gillig_105,Passenger,0.36096466
06:58:48,25128000,0,0,Route1_trip151687020_06:55:00,8,Euro4,Gasoline,Gillig_105,Passenger,0.36096466
06:58:49,25129000,0,0,Route1_trip151687020_06:55:00,8,Euro4,Gasoline,Gillig_105,Passenger,0.36096466
06:58:50,25130000,0,0,Route1_trip151687020_06:55:00,8,Euro4,Gasoline,Gillig_105,Passenger,0.36096466
06:58:51,25131000,0,0,Route1_trip151687020_06:55:00,8,Euro4,Gasoline,Gillig_105,Passenger,0.36096466
06:58:52,25132000,0,0,Route1_trip151687020_06:55:00,8,Euro4,Gasoline,Gillig_105,Passenger,0.36096466
06:58:53,25133000,0,0,Route1_trip151687020_06:55:00,8,Euro4,Gasoline,Gillig_105,Passenger,0.36096466
06:58:54,25134000,0,0,Route1_trip151687020_06:55:00,8,Euro4,Gasoline,Gillig_105,Passenger,0.36096466
06:58:55,25135000,0,0,Route1_trip151687020_06:55:00,8,Euro4,Gasoline,Gillig_105,Passenger,0.36096466
06:58:56,25136000,0,0,Route1_trip151687020_06:55:00,8,Euro4,Gasoline,Gillig_105,Passenger,0.36096466
06:58:57,25137000,0,0,Route1_trip151687020_06:55:00,8,Euro4,Gasoline,Gillig_105,Passenger,0.36096466
06:58:58,25138000,0,0,Route1_trip151687020_06:55:00,8,Euro4,Gasoline,Gillig_105,Passenger,0.36096466
06:58:59,25139000,0,0,Route1_trip151687020_06:55:00,8,Euro4,Gasoline,Gillig_105,Passenger,0.36096466
06:59:00,25140000,0,0,Route1_trip151687020_06:55:00,8,Euro4,Gasoline,Gillig_105,Passenger,0.36096466
06:59:01,25141000,0,0,Route1_trip151687020_06:55:00,8,Euro4,Gasoline,Gillig_105,Passenger,0.36096466
06:59:02,25142000,0,0,Route1_trip151687020_06:55:00,8,Euro4,Gasoline,Gillig_105,Passenger,0.36096466
06:59:03,25143000,0,0,Route1_trip151687020_06:55:00,8,Euro4,Gasoline,Gillig_105,Passenger,0.36096466
06:59:04,25144000,0,0,Route1_trip151687020_06:55:00,8,Euro4,Gasoline,Gillig_105,Passenger,0.36096466
06:59:05,25145000,0,0,Route1_trip151687020_06:55:00,8,Euro4,Gasoline,Gillig_105,Passenger,0.36096466
06:59:06,25146000,0,0,Route1_trip151687020_06:55:00,8,Euro4,Gasoline,Gillig_105,Passenger,0.36096466
06:59:07,25147000,0,0,Route1_trip151687020_06:55:00,8,Euro4,Gasoline,Gillig_105,Passenger,0.36096466
06:59:08,25148000,0,0,Route1_trip151687020_06:55:00,8,Euro4,Gasoline,Gillig_105,Passenger,0.36096466
06:59:09,25149000,0,0,Route1_trip151687020_06:55:00,8,Euro4,Gasoline,Gillig_105,Passenger,0.36096466
06:59:10,25150000,0,0,Route1_trip151687020_06:55:00,8,Euro4,Gasoline,Gillig_105,Passenger,0.36096466
06:59:11,25151000,0,0,Route1_trip151687020_06:55:00,8,Euro4,Gasoline,Gillig_105,Passenger,0.36096466
06:59:12,25152000,0,0,Route1_trip151687020_06:55:00,8,Euro4,Gasoline,Gillig_105,Passenger,0.36096466
06:59:13,25153000,0,0,Route1_trip151687020_06:55:00,8,Euro4,Gasoline,Gillig_105,Passenger,0.36096466
06:59:14,25154000,0,0,Route1_trip151687020_06:55:00,8,Euro4,Gasoline,Gillig_105,Passenger,0.36096466
06:59:15,25155000,0,0,Route1_trip151687020_06:55:00,8,Euro4,Gasoline,Gillig_105,Passenger,0.36096466
06:59:16,25156000,0,0,Route1_trip151687020_06:55:00,8,Euro4,Gasoline,Gillig_105,Passenger,0.36096466
06:59:17,25157000,0,0,Route1_trip151687020_06:55:00,8,Euro4,Gasoline,Gillig_105,Passenger,0.36096466
06:59:18,25158000,0,0,Route1_trip151687020_06:55:00,8,Euro4,Gasoline,Gillig_105,Passenger,0.36096466
06:59:19,25159000,0,0,Route1_trip151687020_06:55:00,8,Euro4,Gasoline,Gillig_105,Passenger,0.36096466
06:59:20,25160000,0,0,Route1_trip151687020_06:55:00,8,Euro4,Gasoline,Gillig_105,Passenger,0.36096466
06:59:21,25161000,0,0,Route1_trip151687020_06:55:00,8,Euro4,Gasoline,Gillig_105,Passenger,0.36096466
06:59:22,25162000,0,0,Route1_trip151687020_06:55:00,8,Euro4,Gasoline,Gillig_105,Passenger,0.36096466
06:59:23,25163000,0,0,Route1_trip151687020_06:55:00,8,Euro4,Gasoline,Gillig_105,Passenger,0.36096466
06:59:24,25164000,0,0,Route1_trip151687020_06:55:00,8,Euro4,Gasoline,Gillig_105,Passenger,0.36096466
06:59:25,25165000,0,0,Route1_trip151687020_06:55:00,8,Euro4,Gasoline,Gillig_105,Passenger,0.36096466
06:59:26,25166000,0,0,Route1_trip151687020_06:55:00,8,Euro4,Gasoline,Gillig_105,Passenger,0.36096466
06:59:27,25167000,0,0,Route1_trip151687020_06:55:00,8,Euro4,Gasoline,Gillig_105,Passenger,0.36096466
06:59:28,25168000,0,0,Route1_trip151687020_06:55:00,8,Euro4,Gasoline,Gillig_105,Passenger,0.36096466
06:59:29,25169000,0,0,Route1_trip151687020_06:55:00,8,Euro4,Gasoline,Gillig_105,Passenger,0.36096466
06:59:30,25170000,0,0,Route1_trip151687020_06:55:00,8,Euro4,Gasoline,Gillig_105,Passenger,0.36096466
06:59:31,25171000,0,0,Route1_trip151687020_06:55:00,8,Euro4,Gasoline,Gillig_105,Passenger,0.36096466
06:59:32,25172000,0,0,Route1_trip151687020_06:55:00,8,Euro4,Gasoline,Gillig_105,Passenger,0.36096466
06:59:33,25173000,0,0,Route1_trip151687020_06:55:00,8,Euro4,Gasoline,Gillig_105,Passenger,0.36096466
06:59:34,25174000,0,0,Route1_trip151687020_06:55:00,8,Euro4,Gasoline,Gillig_105,Passenger,0.36096466
06:59:35,25175000,0,0,Route1_trip151687020_06:55:00,8,Euro4,Gasoline,Gillig_105,Passenger,0.36096466
06:59:36,25176000,0,0,Route1_trip151687020_06:55:00,8,Euro4,Gasoline,Gillig_105,Passenger,0.36096466
06:59:37,25177000,0,0,Route1_trip151687020_06:55:00,8,Euro4,Gasoline,Gillig_105,Passenger,0.36096466
06:59:38,25178000,0,0,Route1_trip151687020_06:55:00,8,Euro4,Gasoline,Gillig_105,Passenger,0.36096466
06:59:39,25179000,0,0,Route1_trip151687020_06:55:00,8,Euro4,Gasoline,Gillig_105,Passenger,0.36096466
06:59:40,25180000,0,0,Route1_trip151687020_06:55:00,8,Euro4,Gasoline,Gillig_105,Passenger,0.36096466
06:59:41,25181000,0,0,Route1_trip151687020_06:55:00,8,Euro4,Gasoline,Gillig_105,Passenger,0.36096466
06:59:42,25182000,0,0,Route1_trip151687020_06:55:00,8,Euro4,Gasoline,Gillig_105,Passenger,0.36096466
06:59:43,25183000,0,0,Route1_trip151687020_06:55:00,8,Euro4,Gasoline,Gillig_105,Passenger,0.36096466
06:59:44,25184000,0,0,Route1_trip151687020_06:55:00,8,Euro4,Gasoline,Gillig_105,Passenger,0.36096466
06:59:45,25185000,0,0,Route1_trip151687020_06:55:00,8,Euro4,Gasoline,Gillig_105,Passenger,0.36096466
06:59:46,25186000,0,0,Route1_trip151687020_06:55:00,8,Euro4,Gasoline,Gillig_105,Passenger,0.36096466
06:59:47,25187000,0,0,Route1_trip151687020_06:55:00,8,Euro4,Gasoline,Gillig_105,Passenger,0.36096466
06:59:48,25188000,0,0,Route1_trip151687020_06:55:00,8,Euro4,Gasoline,Gillig_105,Passenger,0.36096466
06:59:49,25189000,0,0,Route1_trip151687020_06:55:00,8,Euro4,Gasoline,Gillig_105,Passenger,0.36096466
06:59:50,25190000,0,0,Route1_trip151687020_06:55:00,8,Euro4,Gasoline,Gillig_105,Passenger,0.36096466
06:59:51,25191000,0,0,Route1_trip151687020_06:55:00,8,Euro4,Gasoline,Gillig_105,Passenger,0.36096466
06:59:52,25192000,0,0,Route1_trip151687020_06:55:00,8,Euro4,Gasoline,Gillig_105,Passenger,0.36096466
06:59:53,25193000,0,0,Route1_trip151687020_06:55:00,8,Euro4,Gasoline,Gillig_105,Passenger,0.36096466
06:59:54,25194000,0,0,Route1_trip151687020_06:55:00,8,Euro4,Gasoline,Gillig_105,Passenger,0.36096466
06:59:55,25195000,0,0,Route1_trip151687020_06:55:00,8,Euro4,Gasoline,Gillig_105,Passenger,0.36096466
06:59:56,25196000,0,0,Route1_trip151687020_06:55:00,8,Euro4,Gasoline,Gillig_105,Passenger,0.36096466
06:59:57,25197000,0,0,Route1_trip151687020_06:55:00,8,Euro4,Gasoline,Gillig_105,Passenger,0.36096466
06:59:58,25198000,0,0,Route1_trip151687020_06:55:00,8,Euro4,Gasoline,Gillig_105,Passenger,0.36096466
06:59:59,25199000,0,0,Route1_trip151687020_06:55:00,8,Euro4,Gasoline,Gillig_105,Passenger,0.36096466
