trip_id,id,type,busStop,started,delay,vid,start_time,gtfs_start_time,gtfs_end_time,first_stop_id,last_stop_id,block_id,block_name,start_diff
204888020,119,Gillig_103,354,51135.0,0.00,119,20220111 08:46,31860,34200,354,95,1002,107,19275.0
204889020,154,Gillig_101,1351,81039.0,39.00,154,20220111 22:30,81000,82800,1351,95,2802,155,39.0
204890020,126,Gillig_103,1351,77402.0,5.00,126,20220111 21:32,77400,79200,1351,95,3002,156,2.0
204891020,154,Gillig_101,1351,73779.0,0.00,154,20220111 20:25,73800,75600,1351,95,2802,155,21.0
204892020,126,Gillig_103,1351,70180.0,0.00,126,20220111 19:25,70200,72000,1351,95,3002,156,20.0
204893020,154,Gillig_101,1351,67385.0,785.00,154,20220111 18:25,66600,68400,1351,95,2802,155,785.0
204894020,506,Gillig_105,1351,68348.0,2958.00,506,20220111 18:10,65400,67200,1351,95,5702,452,2948.0
204895020,126,Gillig_103,1351,63110.0,110.00,126,20220111 17:30,63000,64800,1351,95,3002,156,110.0
204896020,504,Gillig_105,1351,60588.0,6588.00,504,20220111 17:06,61800,63900,1351,95,1102,108,1212.0
204897020,146,Gillig_107,1351,60579.0,8079.00,146,20220111 16:45,60600,62700,1351,95,2602,153,21.0
204898020,154,Gillig_101,354,61293.0,3035.00,154,20220111 16:05,58260,60900,354,95,2802,155,3033.0
204899020,506,Gillig_105,1351,60532.0,5433.00,506,20220111 15:55,57600,59700,1351,95,5702,452,2932.0
204900020,147,Gillig_101,1351,56965.0,1165.00,147,20220111 15:30,55800,57900,1351,95,2702,154,1165.0
204901020,504,Gillig_105,1351,54771.0,8571.00,504,20220111 14:58,54000,56100,1351,95,1102,108,771.0
204902020,146,Gillig_107,1351,51946.0,10005.00,146,20220111 14:30,52500,54600,1351,95,2602,153,554.0
204903020,124,Gillig_103,1351,55063.0,4663.00,124,20220111 13:56,50400,52500,1351,95,302,1016,4663.0
204904020,123,Gillig_103,1351,70731.0,4736.00,123,20220111 13:38,49200,51300,1351,95,2502,152,21531.0
204905020,504,Gillig_105,1351,54771.0,8571.00,504,20220111 12:45,46200,48300,1351,95,1102,108,8571.0
204906020,146,Gillig_107,1351,51946.0,10005.00,146,20220111 12:20,44700,46800,1351,95,2602,153,7246.0
204907020,147,Gillig_101,1351,42954.0,55.00,147,20220111 11:55,42900,44700,1351,95,102,101,54.0
204908020,123,Gillig_103,354,30630.0,0.00,123,20220111 11:20,41160,43500,354,95,2502,152,10530.0
204909020,129,Gillig_103,1351,38747.0,47.00,129,20220111 10:44,38700,40500,1351,95,802,105,47.0
204910020,145,Gillig_107,1351,36881.0,0.00,145,20220111 10:10,36900,38700,1351,95,902,106,19.0
204911020,147,Gillig_101,1351,35462.0,62.00,147,20220111 09:48,35400,37200,1351,95,102,101,62.0
204912020,506,Gillig_105,1351,33936.0,36.00,506,20220111 09:20,33900,35700,1351,95,602,103,36.0
204913020,129,Gillig_103,1351,30972.0,73.00,129,20220111 08:33,30900,32700,1351,95,802,105,72.0
204914020,145,Gillig_107,354,28861.0,2.00,145,20220111 07:58,28860,31200,354,95,902,106,1.0
204915020,147,Gillig_101,1351,27882.0,0.00,147,20220111 07:45,27900,29700,1351,95,102,101,18.0
204916020,506,Gillig_105,1351,26443.0,43.00,506,20220111 07:15,26400,28200,1351,95,602,103,43.0
204917020,146,Gillig_107,1351,24888.0,0.00,146,20220111 06:50,24900,26700,1351,95,702,104,12.0
204918020,129,Gillig_103,1351,23465.0,65.00,129,20220111 06:25,23400,25200,1351,95,802,105,65.0
204919020,123,Gillig_103,1351,21951.0,352.00,123,20220111 06:20,21600,23400,1351,95,502,102,351.0
204920020,147,Gillig_101,1351,20386.0,0.00,147,20220111 05:35,20400,22200,1351,95,102,101,14.0
204921020,119,Gillig_103,1351,46475.0,6576.00,119,20220111 11:00,39900,41700,1351,95,1002,107,6575.0
204922020,123,Gillig_103,354,17472.0,12.00,123,20220111 04:45,17460,19800,354,95,502,102,12.0
204923020,126,Gillig_103,1351,84612.0,12.00,126,20220111 23:37,84600,86100,1351,95,3002,156,12.0
204924020,154,Gillig_101,95,82818.0,18.00,154,20220111 22:57,82800,84600,95,145,2802,155,18.0
204925020,126,Gillig_103,95,79219.0,19.00,126,20220111 22:07,79200,81000,95,145,3002,156,19.0
204926020,154,Gillig_101,95,75620.0,20.00,154,20220111 20:58,75600,77400,95,145,2802,155,20.0
204927020,126,Gillig_103,95,72019.0,19.00,126,20220111 20:08,72000,73800,95,145,3002,156,19.0
204928020,154,Gillig_101,95,68612.0,212.00,154,20220111 19:00,68400,70200,95,145,2802,155,212.0
204929020,506,Gillig_105,95,69634.0,2434.00,506,20220111 18:39,67200,69000,95,145,5702,452,2434.0
204930020,126,Gillig_103,95,64818.0,18.00,126,20220111 18:01,64800,66600,95,145,3002,156,18.0
204931020,504,Gillig_105,95,62001.0,5901.00,504,20220111 17:41,63900,66000,95,145,1102,108,1899.0
204932020,146,Gillig_107,95,61943.0,7343.00,146,20220111 17:21,62700,64800,95,145,2602,153,757.0
204934020,506,Gillig_105,95,63697.0,3998.00,506,20220111 16:35,59700,61800,95,145,5702,452,3997.0
204935020,147,Gillig_101,95,58479.0,579.00,147,20220111 16:00,57900,60000,95,145,2702,154,579.0
204936020,504,Gillig_105,95,55947.0,7647.00,504,20220111 15:35,56100,58200,95,145,1102,108,153.0
204937020,146,Gillig_107,95,55719.0,8920.00,146,20220111 15:09,54600,56700,95,145,2602,153,1119.0
204938020,124,Gillig_103,95,56278.0,3778.00,124,20220111 14:30,52500,54600,95,145,302,1016,3778.0
204939020,123,Gillig_103,95,52925.0,9426.00,123,20220111 14:11,51300,54000,95,690,2502,152,1625.0
204940020,504,Gillig_105,95,55930.0,7630.00,504,20220111 13:25,48300,50400,95,145,1102,108,7630.0
204941020,146,Gillig_107,95,55719.0,8920.00,146,20220111 12:57,46800,48900,95,145,2602,153,8919.0
204942020,506,Gillig_105,95,35717.0,17.00,506,20220111 09:55,35700,37800,95,145,602,103,17.0
204944020,129,Gillig_103,95,32719.0,19.00,129,20220111 09:03,32700,34800,95,145,802,105,19.0
204946020,147,Gillig_101,95,29718.0,18.00,147,20220111 08:10,29700,31800,95,145,102,101,18.0
204947020,506,Gillig_105,95,28218.0,18.00,506,20220111 07:45,28200,30300,95,145,602,103,18.0
204948020,146,Gillig_107,95,26719.0,19.00,146,20220111 07:20,26700,28800,95,145,702,104,19.0
204949020,129,Gillig_103,95,25219.0,19.00,129,20220111 06:55,25200,27300,95,145,802,105,19.0
204950020,123,Gillig_103,95,23419.0,19.00,123,20220111 06:27,23400,25500,95,145,502,102,19.0
204951020,147,Gillig_101,95,22217.0,17.00,147,20220111 06:06,22200,24300,95,145,102,101,17.0
204952020,147,Gillig_101,95,44719.0,19.00,147,20220111 12:20,44700,46500,95,145,102,101,19.0
204953020,123,Gillig_103,95,52925.0,9426.00,123,20220111 12:07,43500,45600,95,145,2502,152,9425.0
204954020,119,Gillig_103,95,42800.0,8601.00,119,20220111 11:30,41700,44700,95,690,1002,107,1100.0
204955020,129,Gillig_103,95,40518.0,18.00,129,20220111 11:10,40500,43200,95,690,802,105,18.0
204956020,145,Gillig_107,95,38719.0,19.00,145,20220111 10:44,38700,40800,95,145,902,106,19.0
204957020,147,Gillig_101,95,37221.0,21.00,147,20220111 10:15,37200,39300,95,145,102,101,21.0
204959020,126,Gillig_103,95,86119.0,19.00,126,20220111 23:57,86100,2400,95,690,3002,156,19.0
205050020,506,Gillig_105,145,61922.0,4626.00,506,20220111 17:10,61800,63600,145,217,5702,452,122.0
205051020,146,Gillig_107,145,57559.0,8661.00,146,20220111 15:44,56700,58500,145,217,2602,153,859.0
205052020,147,Gillig_101,354,50642.0,0.00,147,20220111 14:05,51060,53700,354,217,2702,154,418.0
205053020,124,Gillig_103,354,49878.0,4218.00,124,20220111 12:35,45660,48300,354,217,302,1016,4218.0
205054020,147,Gillig_101,145,60236.0,238.00,147,20220111 16:46,60000,61800,145,217,2702,154,236.0
205056020,145,Gillig_107,145,40841.0,41.00,145,20220111 11:21,40800,42600,145,217,902,106,41.0
205057020,506,Gillig_105,145,37837.0,37.00,506,20220111 10:31,37800,39600,145,217,602,103,37.0
205058020,129,Gillig_103,145,34840.0,40.00,129,20220111 09:41,34800,36600,145,217,802,105,40.0
205059020,147,Gillig_101,145,31838.0,38.00,147,20220111 08:50,31800,33600,145,217,102,101,38.0
205060020,146,Gillig_107,145,28854.0,65.00,146,20220111 08:09,28800,30600,145,217,702,104,54.0
205061020,123,Gillig_103,145,25560.0,78.00,123,20220111 07:05,25500,27300,145,217,502,102,60.0
205062020,506,Gillig_105,354,21661.0,1.00,506,20220111 05:55,21660,24300,354,217,602,103,1.0
205063020,126,Gillig_103,145,81040.0,47.00,126,20220111 22:32,81000,82800,145,217,3002,156,40.0
205064020,126,Gillig_103,145,73791.0,0.00,126,20220111 20:36,73800,75600,145,217,3002,156,9.0
205065020,506,Gillig_105,145,71345.0,2345.00,506,20220111 19:10,69000,70800,145,217,5702,452,2345.0
205066020,504,Gillig_105,145,63770.0,5570.00,504,20220111 18:17,66000,67800,145,217,1102,108,2230.0
205067020,504,Gillig_105,288,59485.0,7285.00,504,20220111 16:44,60000,61800,288,1351,1102,108,515.0
205068020,506,Gillig_105,288,32201.0,101.00,506,20220111 08:58,32100,33900,288,1351,602,103,101.0
205069020,123,Gillig_103,288,56786.0,9388.00,123,20220111 13:19,47400,48600,288,1351,2502,152,9386.0
205070020,124,Gillig_103,288,59931.0,3531.00,124,20220111 15:52,56400,59400,288,690,302,1016,3531.0
205071020,504,Gillig_105,288,53766.0,9366.00,504,20220111 14:40,52200,54000,288,1351,1102,108,1566.0
205072020,146,Gillig_107,288,59403.0,8703.00,146,20220111 14:09,50700,52500,288,1351,2602,153,8703.0
205073020,504,Gillig_105,288,53766.0,9366.00,504,20220111 12:22,44400,46200,288,1351,1102,108,9366.0
205074020,147,Gillig_101,288,41212.0,114.00,147,20220111 11:22,41100,42900,288,1351,102,101,112.0
205075020,119,Gillig_103,288,45407.0,7307.00,119,20220111 10:33,38100,39900,288,1351,1002,107,7307.0
205076020,145,Gillig_107,288,35431.0,332.00,145,20220111 09:43,35100,36900,288,1351,902,106,331.0
205077020,129,Gillig_103,288,29242.0,144.00,129,20220111 08:06,29100,30900,288,1351,802,105,142.0
205078020,147,Gillig_101,288,26221.0,122.00,147,20220111 07:15,26100,27900,288,1351,102,101,121.0
205079020,154,Gillig_101,288,79370.0,170.00,154,20220111 22:00,79200,81000,288,1351,2802,155,170.0
205080020,154,Gillig_101,288,72327.0,327.00,154,20220111 20:05,72000,73800,288,1351,2802,155,327.0
205081020,126,Gillig_103,288,68444.0,44.00,126,20220111 19:01,68400,70200,288,1351,3002,156,44.0
205082020,154,Gillig_101,288,66267.0,1467.00,154,20220111 18:02,64800,66600,288,1351,2802,155,1467.0
205083020,126,Gillig_103,288,61399.0,199.00,126,20220111 17:05,61200,63000,288,1351,3002,156,199.0
205084020,129,Gillig_103,1870,21061.0,3.00,129,20220111 05:45,21060,23400,1870,1351,802,105,1.0
205085020,146,Gillig_107,1870,22561.0,1.00,146,20220111 06:16,22560,24900,1870,1351,702,104,1.0
205087020,154,Gillig_101,288,79391.0,191.00,154,20220111 23:59,86100,2400,288,690,2802,155,6709.0
205136020,123,Gillig_103,1940,71189.0,4892.00,123,20220111 18:25,66300,68700,1940,221,2402,1519,4889.0
205137020,123,Gillig_103,2092,62440.0,2683.00,123,20220111 16:41,59760,63000,2092,221,2402,1519,2680.0
205138020,130,Gillig_103,2092,58676.0,1616.00,130,20220111 15:47,57060,60300,2092,221,3102,159,1616.0
205139020,136,Gillig_102,1940,74569.0,17569.00,136,20220111 15:50,57000,59100,1940,221,7402,905,17569.0
205140020,136,Gillig_102,1940,29067.0,2069.00,136,20220111 07:25,27000,29400,1940,221,402,1018,2067.0
205141020,124,Gillig_103,1940,28925.0,138.00,124,20220111 07:57,28800,31200,1940,221,3702,302,125.0
205142020,150,Gillig_101,2092,48116.0,360.00,150,20220111 13:15,47760,51000,2092,221,2302,1515,356.0
205143020,154,Gillig_101,2092,22861.0,1.00,154,20220111 06:15,22860,26100,2092,221,202,1015,1.0
205144020,136,Gillig_102,2092,20161.0,2.00,136,20220111 05:43,20160,23400,2092,221,402,1018,1.0
205145020,,,,,,134,20220111 04:47,17160,20400,2092,221,5202,405,
205146020,134,Gillig_103,2235,20401.0,1.00,134,20220111 05:42,20400,23400,2235,1351,5202,405,1.0
205147020,136,Gillig_102,2235,24182.0,782.00,136,20220111 06:52,23400,26400,2235,1351,402,1018,782.0
205148020,154,Gillig_101,2235,27054.0,954.00,154,20220111 07:10,26100,30300,2235,2231,202,1015,954.0
205149020,136,Gillig_102,2235,32478.0,3078.00,136,20220111 08:08,29400,33600,2235,2231,402,1018,3078.0
205150020,124,Gillig_103,2235,32059.0,859.00,124,20220111 08:35,31200,34140,2235,1351,3702,302,859.0
205151020,150,Gillig_101,2235,54903.0,3903.00,150,20220111 14:43,51000,55200,2235,2231,2302,1515,3903.0
205152020,136,Gillig_102,2235,77874.0,18774.00,136,20220111 16:27,59100,63300,2235,2231,7402,905,18774.0
205153020,130,Gillig_103,2235,61947.0,1647.00,130,20220111 16:40,60300,64500,2235,2231,3102,159,1647.0
205154020,123,Gillig_103,2235,66533.0,3533.00,123,20220111 17:52,63000,66000,2235,1351,2402,1519,3533.0
205155020,123,Gillig_103,2235,66533.0,3533.00,123,20220111 19:07,68700,72900,2235,2231,2402,1519,2167.0
205156020,154,Gillig_101,145,77384.0,0.00,154,20220111 21:31,77400,79200,145,288,2802,155,16.0
205157020,154,Gillig_101,145,70266.0,66.00,154,20220111 19:25,70200,72000,145,288,2802,155,66.0
205158020,126,Gillig_103,145,66635.0,37.00,126,20220111 18:37,66600,68400,145,288,3002,156,35.0
205159020,154,Gillig_101,145,64365.0,1366.00,154,20220111 17:40,63000,64800,145,288,2802,155,1365.0
205160020,126,Gillig_103,354,48148.0,0.00,126,20220111 16:12,58560,61200,354,288,3002,156,10412.0
205161020,504,Gillig_105,145,57640.0,7240.00,504,20220111 16:14,58200,60000,145,288,1102,108,560.0
205162020,124,Gillig_103,145,58092.0,3492.00,124,20220111 15:14,54600,56400,145,288,302,1016,3492.0
205163020,504,Gillig_105,145,57583.0,7183.00,504,20220111 14:00,50400,52200,145,288,1102,108,7183.0
205164020,146,Gillig_107,145,53270.0,9474.00,146,20220111 13:35,48900,50700,145,288,2602,153,4370.0
205165020,123,Gillig_103,145,54743.0,9147.00,123,20220111 12:42,45600,47400,145,288,2502,152,9143.0
205166020,504,Gillig_105,354,48138.0,6378.00,504,20220111 11:37,41760,44400,354,288,1102,108,6378.0
205167020,147,Gillig_101,145,39338.0,54.00,147,20220111 10:56,39300,41100,145,288,102,101,38.0
205168020,119,Gillig_103,145,43410.0,7111.00,119,20220111 10:20,36300,38100,145,288,1002,107,7110.0
205169020,145,Gillig_107,145,33419.0,121.00,145,20220111 09:17,33300,35100,145,288,902,106,119.0
205170020,506,Gillig_105,145,30330.0,51.00,506,20220111 08:25,30300,32100,145,288,602,103,30.0
205171020,129,Gillig_103,145,27334.0,46.00,129,20220111 07:34,27300,29100,145,288,802,105,34.0
205172020,147,Gillig_101,145,24330.0,53.00,147,20220111 06:45,24300,26100,145,288,102,101,30.0
205173020,154,Gillig_101,145,84629.0,29.00,154,20220111 23:25,84600,86100,145,288,2802,155,29.0
205174020,126,Gillig_103,217,82822.0,22.00,126,20220111 22:55,82800,84600,217,1351,3002,156,22.0
205175020,126,Gillig_103,217,75621.0,21.00,126,20220111 20:56,75600,77400,217,1351,3002,156,21.0
205176020,506,Gillig_105,217,72610.0,1811.00,506,20220111 19:35,70800,74100,217,354,5702,452,1810.0
205177020,504,Gillig_105,217,71022.0,3222.00,504,20220111 18:46,67800,71100,217,354,1102,108,3222.0
205178020,506,Gillig_105,217,66688.0,3090.00,506,20220111 17:35,63600,65400,217,1351,5702,452,3088.0
205179020,147,Gillig_101,217,61822.0,24.00,147,20220111 17:05,61800,65100,217,354,2702,154,22.0
205180020,146,Gillig_107,217,65059.0,6560.00,146,20220111 16:10,58500,60600,217,1351,2602,153,6559.0
205181020,147,Gillig_101,217,55139.0,1440.00,147,20220111 15:06,53700,55800,217,1351,2702,154,1439.0
205182020,124,Gillig_103,217,53347.0,5047.00,124,20220111 13:25,48300,50400,217,1351,302,1016,5047.0
205184020,145,Gillig_107,217,42623.0,24.00,145,20220111 11:45,42600,45900,217,354,902,106,23.0
205185020,506,Gillig_105,217,39619.0,20.00,506,20220111 10:59,39600,42900,217,354,602,103,19.0
205186020,129,Gillig_103,217,36622.0,22.00,129,20220111 10:14,36600,38700,217,1351,802,105,22.0
205187020,147,Gillig_101,217,33621.0,22.00,147,20220111 09:15,33600,35400,217,1351,102,101,21.0
205188020,146,Gillig_107,217,30621.0,21.00,146,20220111 08:25,30600,33600,217,354,702,104,21.0
205189020,123,Gillig_103,217,27320.0,26.00,123,20220111 07:30,27300,30600,217,354,502,102,20.0
205190020,506,Gillig_105,217,24320.0,22.00,506,20220111 06:53,24300,26400,217,1351,602,103,20.0
205191020,133,Gillig_103,217,49801.0,1.00,133,20220111 13:41,49800,51900,217,1351,5902,454,1.0
205192020,147,Gillig_101,217,18301.0,1.00,147,20220111 04:51,18300,20400,217,1351,102,101,1.0
205193020,124,Gillig_103,217,21301.0,1.00,124,20220111 05:43,21300,23400,217,1351,3702,302,1.0
205241020,135,Gillig_102,1555,55585.0,15091.00,135,20220111 13:18,47700,49500,1555,1710,1302,1351,7885.0
205242020,135,Gillig_102,1555,62274.0,14574.00,135,20220111 17:32,62100,63900,1555,1710,1302,1351,174.0
205243020,135,Gillig_102,1555,58852.0,14752.00,135,20220111 16:28,58500,60300,1555,1710,1302,1351,352.0
205244020,135,Gillig_102,1555,55585.0,15091.00,135,20220111 15:25,54900,56700,1555,1710,1302,1351,685.0
205245020,135,Gillig_102,1555,55585.0,15091.00,135,20220111 14:24,51300,53100,1555,1710,1302,1351,4285.0
205246020,135,Gillig_102,1555,34528.0,328.00,135,20220111 12:22,44100,45900,1555,1710,1302,1351,9572.0
205247020,135,Gillig_102,1555,34528.0,328.00,135,20220111 11:16,40500,42300,1555,1710,1302,1351,5972.0
205248020,135,Gillig_102,354,35390.0,0.00,135,20220111 10:03,36360,38700,354,1710,1302,1351,970.0
205249020,150,Gillig_101,1555,33021.0,21.00,150,20220111 09:13,33000,34800,1555,1710,1202,1301,21.0
205250020,150,Gillig_101,1555,29422.0,23.00,150,20220111 08:10,29400,31200,1555,1710,1202,1301,22.0
205251020,150,Gillig_101,1555,25882.0,83.00,150,20220111 07:10,25800,27600,1555,1710,1202,1301,82.0
205252020,150,Gillig_101,1555,22452.0,253.00,150,20220111 06:20,22200,24000,1555,1710,1202,1301,252.0
205253020,150,Gillig_101,354,17461.0,1.00,150,20220111 04:45,17460,19800,354,1710,1202,1301,1.0
205254020,135,Gillig_102,1710,64012.0,14512.00,135,20220111 17:52,63900,66300,1710,690,1302,1351,112.0
205255020,135,Gillig_102,1710,60633.0,14733.00,135,20220111 16:52,60300,62100,1710,1589,1302,1351,333.0
205256020,135,Gillig_102,1710,57189.0,14889.00,135,20220111 16:00,56700,58500,1710,1589,1302,1351,489.0
205257020,135,Gillig_102,1710,53873.0,15173.00,135,20220111 14:50,53100,54900,1710,1589,1302,1351,773.0
205258020,135,Gillig_102,1710,53873.0,15173.00,135,20220111 13:47,49500,51300,1710,1589,1302,1351,4373.0
205259020,135,Gillig_102,1710,53873.0,15173.00,135,20220111 12:46,45900,47700,1710,1589,1302,1351,7973.0
205260020,135,Gillig_102,1710,53873.0,15173.00,135,20220111 11:47,42300,44100,1710,1589,1302,1351,11573.0
205261020,135,Gillig_102,1710,28888.0,88.00,135,20220111 10:45,38700,40500,1710,1589,1302,1351,9812.0
205262020,150,Gillig_101,1710,34830.0,30.00,150,20220111 09:40,34800,37200,1710,690,1202,1301,30.0
205263020,150,Gillig_101,1710,31187.0,0.00,150,20220111 08:40,31200,33000,1710,1589,1202,1301,13.0
205264020,150,Gillig_101,1710,27612.0,12.00,150,20220111 07:40,27600,29400,1710,1589,1202,1301,12.0
205265020,150,Gillig_101,1710,24167.0,167.00,150,20220111 06:43,24000,25800,1710,1589,1202,1301,167.0
205296020,140,Gillig_102,400,61069.0,49.00,140,20220111 16:58,61020,61620,400,413,1602,1403,49.0
205297020,140,Gillig_102,400,59807.0,0.00,140,20220111 16:37,59820,60420,400,413,1602,1403,13.0
205298020,140,Gillig_102,400,58606.0,0.00,140,20220111 16:16,58620,59220,400,413,1602,1403,14.0
205300020,140,Gillig_102,400,56208.0,0.00,140,20220111 15:53,56220,56820,400,413,1602,1403,12.0
205301020,140,Gillig_102,400,55027.0,7.00,140,20220111 15:37,55020,55620,400,413,1602,1403,7.0
205302020,140,Gillig_102,400,53807.0,0.00,140,20220111 14:53,53820,54420,400,413,1602,1403,13.0
205303020,140,Gillig_102,400,52608.0,0.00,140,20220111 14:36,52620,53220,400,413,1602,1403,12.0
205304020,140,Gillig_102,400,51417.0,0.00,140,20220111 14:17,51420,52020,400,413,1602,1403,3.0
205305020,140,Gillig_102,400,50228.0,8.00,140,20220111 13:54,50220,50820,400,413,1602,1403,8.0
205306020,143,Gillig_102,400,71447.0,0.00,143,20220111 20:14,71460,72060,400,413,1502,1402,13.0
205307020,143,Gillig_102,400,70247.0,0.00,143,20220111 19:27,70260,70860,400,413,1502,1402,13.0
205308020,143,Gillig_102,400,69047.0,0.00,143,20220111 19:07,69060,69660,400,413,1502,1402,13.0
205309020,143,Gillig_102,400,67848.0,0.00,143,20220111 18:48,67860,68460,400,413,1502,1402,12.0
205310020,143,Gillig_102,400,66646.0,0.00,143,20220111 18:29,66660,67260,400,413,1502,1402,14.0
205311020,143,Gillig_102,400,65447.0,0.00,143,20220111 18:13,65460,66060,400,413,1502,1402,13.0
205312020,143,Gillig_102,400,64247.0,0.00,143,20220111 17:48,64260,64860,400,413,1502,1402,13.0
205313020,143,Gillig_102,400,63047.0,0.00,143,20220111 17:30,63060,63660,400,413,1502,1402,13.0
205314020,143,Gillig_102,400,61846.0,0.00,143,20220111 17:12,61860,62460,400,413,1502,1402,14.0
205315020,143,Gillig_102,400,60648.0,0.00,143,20220111 16:51,60660,61260,400,413,1502,1402,12.0
205316020,143,Gillig_102,400,59447.0,0.00,143,20220111 16:30,59460,60060,400,413,1502,1402,13.0
205317020,143,Gillig_102,400,58246.0,0.00,143,20220111 16:10,58260,58860,400,413,1502,1402,14.0
205318020,143,Gillig_102,400,57046.0,0.00,143,20220111 15:49,57060,57660,400,413,1502,1402,14.0
205319020,143,Gillig_102,400,55847.0,0.00,143,20220111 15:32,55860,56460,400,413,1502,1402,13.0
205320020,143,Gillig_102,400,54647.0,0.00,143,20220111 15:10,54660,55260,400,413,1502,1402,13.0
205321020,143,Gillig_102,400,53445.0,0.00,143,20220111 14:49,53460,54060,400,413,1502,1402,15.0
205322020,143,Gillig_102,400,52247.0,0.00,143,20220111 14:27,52260,52860,400,413,1502,1402,13.0
205323020,143,Gillig_102,400,51067.0,7.00,143,20220111 14:09,51060,51660,400,413,1502,1402,7.0
205324020,143,Gillig_102,400,49874.0,14.00,143,20220111 13:49,49860,50460,400,413,1502,1402,14.0
205325020,140,Gillig_102,400,49007.0,0.00,140,20220111 13:37,49020,49620,400,413,1602,1403,13.0
205326020,140,Gillig_102,400,47808.0,0.00,140,20220111 13:14,47820,48420,400,413,1602,1403,12.0
205327020,140,Gillig_102,400,46606.0,0.00,140,20220111 12:56,46620,47220,400,413,1602,1403,14.0
205328020,140,Gillig_102,400,45407.0,0.00,140,20220111 12:36,45420,46020,400,413,1602,1403,13.0
205329020,143,Gillig_102,400,48647.0,0.00,143,20220111 13:29,48660,49260,400,413,1502,1402,13.0
205330020,143,Gillig_102,400,47445.0,0.00,143,20220111 13:07,47460,48060,400,413,1502,1402,15.0
205331020,143,Gillig_102,400,46246.0,0.00,143,20220111 12:47,46260,46860,400,413,1502,1402,14.0
205332020,144,Gillig_102,400,71026.0,0.00,144,20220111 19:39,71040,71640,400,413,1402,1401,14.0
205333020,144,Gillig_102,400,69826.0,0.00,144,20220111 19:21,69840,70440,400,413,1402,1401,14.0
205334020,144,Gillig_102,400,68626.0,0.00,144,20220111 19:00,68640,69240,400,413,1402,1401,14.0
205335020,144,Gillig_102,400,67435.0,0.00,144,20220111 18:41,67440,68040,400,413,1402,1401,5.0
205336020,144,Gillig_102,400,66226.0,0.00,144,20220111 18:22,66240,66840,400,413,1402,1401,14.0
205337020,144,Gillig_102,400,65028.0,0.00,144,20220111 17:59,65040,65640,400,413,1402,1401,12.0
205338020,144,Gillig_102,400,63833.0,0.00,144,20220111 17:40,63840,64440,400,413,1402,1401,7.0
205339020,144,Gillig_102,400,62626.0,0.00,144,20220111 17:23,62640,63240,400,413,1402,1401,14.0
205340020,144,Gillig_102,400,61427.0,0.00,144,20220111 17:00,61440,62040,400,413,1402,1401,13.0
205341020,144,Gillig_102,400,60227.0,0.00,144,20220111 16:45,60240,60840,400,413,1402,1401,13.0
205342020,144,Gillig_102,400,59027.0,0.00,144,20220111 16:29,59040,59640,400,413,1402,1401,13.0
205343020,144,Gillig_102,400,57826.0,0.00,144,20220111 16:04,57840,58440,400,413,1402,1401,14.0
205344020,144,Gillig_102,400,56626.0,0.00,144,20220111 15:47,56640,57240,400,413,1402,1401,14.0
205345020,144,Gillig_102,400,55426.0,0.00,144,20220111 15:21,55440,56040,400,413,1402,1401,14.0
205346020,144,Gillig_102,400,54226.0,0.00,144,20220111 15:05,54240,54840,400,413,1402,1401,14.0
205347020,144,Gillig_102,400,53026.0,0.00,144,20220111 14:45,53040,53640,400,413,1402,1401,14.0
205348020,144,Gillig_102,400,51838.0,0.00,144,20220111 14:27,51840,52440,400,413,1402,1401,2.0
205349020,144,Gillig_102,400,50645.0,5.00,144,20220111 14:04,50640,51240,400,413,1402,1401,5.0
205350020,144,Gillig_102,400,49457.0,17.00,144,20220111 13:44,49440,50040,400,413,1402,1401,17.0
205351020,144,Gillig_102,400,48227.0,0.00,144,20220111 13:27,48240,48840,400,413,1402,1401,13.0
205352020,144,Gillig_102,400,47026.0,0.00,144,20220111 13:01,47040,47640,400,413,1402,1401,14.0
205353020,144,Gillig_102,400,45827.0,0.00,144,20220111 12:39,45840,46440,400,413,1402,1401,13.0
205354020,140,Gillig_102,400,44205.0,0.00,140,20220111 12:20,44220,44820,400,413,1602,1403,15.0
205355020,140,Gillig_102,400,42944.0,0.00,140,20220111 11:55,42960,43560,400,413,1602,1403,16.0
205356020,140,Gillig_102,400,41686.0,0.00,140,20220111 11:33,41700,42300,400,413,1602,1403,14.0
205357020,140,Gillig_102,400,40425.0,0.00,140,20220111 11:13,40440,41040,400,413,1602,1403,15.0
205358020,140,Gillig_102,400,39164.0,0.00,140,20220111 10:56,39180,39780,400,413,1602,1403,16.0
205359020,140,Gillig_102,400,37904.0,0.00,140,20220111 10:35,37920,38520,400,413,1602,1403,16.0
205360020,140,Gillig_102,400,36644.0,0.00,140,20220111 10:09,36660,37260,400,413,1602,1403,16.0
205361020,140,Gillig_102,400,35385.0,0.00,140,20220111 09:52,35400,36000,400,413,1602,1403,15.0
205362020,140,Gillig_102,400,34124.0,0.00,140,20220111 09:33,34140,34740,400,413,1602,1403,16.0
205363020,140,Gillig_102,400,32866.0,0.00,140,20220111 09:09,32880,33480,400,413,1602,1403,14.0
205364020,140,Gillig_102,400,31604.0,0.00,140,20220111 08:49,31620,32220,400,413,1602,1403,16.0
205365020,140,Gillig_102,400,30345.0,0.00,140,20220111 08:25,30360,30960,400,413,1602,1403,15.0
205366020,140,Gillig_102,400,29084.0,0.00,140,20220111 08:03,29100,29700,400,413,1602,1403,16.0
205367020,143,Gillig_102,400,37483.0,0.00,143,20220111 10:26,37500,38100,400,413,1502,1402,17.0
205368020,143,Gillig_102,400,45044.0,0.00,143,20220111 12:30,45060,45660,400,413,1502,1402,16.0
205369020,143,Gillig_102,400,43784.0,0.00,143,20220111 12:12,43800,44400,400,413,1502,1402,16.0
205370020,143,Gillig_102,400,42522.0,0.00,143,20220111 11:46,42540,43140,400,413,1502,1402,18.0
205371020,143,Gillig_102,400,41266.0,0.00,143,20220111 11:26,41280,41880,400,413,1502,1402,14.0
205372020,143,Gillig_102,400,40004.0,0.00,143,20220111 11:07,40020,40620,400,413,1502,1402,16.0
205373020,143,Gillig_102,400,38743.0,0.00,143,20220111 10:46,38760,39360,400,413,1502,1402,17.0
205374020,143,Gillig_102,400,36225.0,0.00,143,20220111 10:02,36240,36840,400,413,1502,1402,15.0
205375020,143,Gillig_102,400,34963.0,0.00,143,20220111 09:40,34980,35580,400,413,1502,1402,17.0
205376020,143,Gillig_102,400,33704.0,0.00,143,20220111 09:24,33720,34320,400,413,1502,1402,16.0
205377020,143,Gillig_102,400,32445.0,0.00,143,20220111 09:04,32460,33060,400,413,1502,1402,15.0
205378020,143,Gillig_102,400,31184.0,0.00,143,20220111 08:41,31200,31800,400,413,1502,1402,16.0
205379020,143,Gillig_102,400,29923.0,0.00,143,20220111 08:19,29940,30540,400,413,1502,1402,17.0
205380020,143,Gillig_102,400,28663.0,0.00,143,20220111 07:57,28680,29280,400,413,1502,1402,17.0
205381020,144,Gillig_102,400,44623.0,0.00,144,20220111 12:22,44640,45240,400,413,1402,1401,17.0
205382020,144,Gillig_102,400,43364.0,0.00,144,20220111 12:06,43380,43980,400,413,1402,1401,16.0
205383020,144,Gillig_102,400,42104.0,0.00,144,20220111 11:41,42120,42720,400,413,1402,1401,16.0
205384020,144,Gillig_102,400,40843.0,0.00,144,20220111 11:16,40860,41460,400,413,1402,1401,17.0
205385020,144,Gillig_102,400,39584.0,0.00,144,20220111 11:00,39600,40200,400,413,1402,1401,16.0
205386020,144,Gillig_102,400,38323.0,0.00,144,20220111 10:43,38340,38940,400,413,1402,1401,17.0
205387020,144,Gillig_102,400,37062.0,0.00,144,20220111 10:25,37080,37680,400,413,1402,1401,18.0
205388020,144,Gillig_102,400,35804.0,0.00,144,20220111 09:53,35820,36420,400,413,1402,1401,16.0
205389020,144,Gillig_102,400,34543.0,0.00,144,20220111 09:38,34560,35160,400,413,1402,1401,17.0
205390020,144,Gillig_102,400,33284.0,0.00,144,20220111 09:13,33300,33900,400,413,1402,1401,16.0
205391020,144,Gillig_102,400,32024.0,0.00,144,20220111 08:54,32040,32640,400,413,1402,1401,16.0
205392020,144,Gillig_102,400,30765.0,0.00,144,20220111 08:29,30780,31380,400,413,1402,1401,15.0
205393020,144,Gillig_102,400,29503.0,0.00,144,20220111 08:13,29520,30120,400,413,1402,1401,17.0
205394020,144,Gillig_102,400,28244.0,0.00,144,20220111 07:47,28260,28860,400,413,1402,1401,16.0
205395020,140,Gillig_102,354,27237.0,0.00,140,20220111 07:29,27300,28440,354,413,1602,1403,63.0
205396020,143,Gillig_102,354,26881.0,2.00,143,20220111 07:22,26880,28020,354,413,1502,1402,1.0
205397020,144,Gillig_102,354,26461.0,1.00,144,20220111 07:15,26460,27600,354,413,1402,1401,1.0
205398020,143,Gillig_102,413,72079.0,0.00,143,20220111 20:21,73260,74160,413,690,1502,1402,1181.0
205402020,140,Gillig_102,413,61640.0,24.00,140,20220111 17:09,61620,62220,413,400,1602,1403,20.0
205403020,140,Gillig_102,413,60441.0,22.00,140,20220111 16:49,60420,61020,413,400,1602,1403,21.0
205404020,140,Gillig_102,413,59240.0,21.00,140,20220111 16:27,59220,59820,413,400,1602,1403,20.0
205405020,140,Gillig_102,413,58197.0,178.00,140,20220111 16:06,58020,58620,413,400,1602,1403,177.0
205407020,140,Gillig_102,413,55639.0,21.00,140,20220111 15:47,55620,56220,413,400,1602,1403,19.0
205408020,140,Gillig_102,413,54440.0,21.00,140,20220111 15:08,54420,55020,413,400,1602,1403,20.0
205409020,140,Gillig_102,413,53238.0,19.00,140,20220111 14:46,53220,53820,413,400,1602,1403,18.0
205410020,140,Gillig_102,413,52040.0,21.00,140,20220111 14:26,52020,52620,413,400,1602,1403,20.0
205411020,140,Gillig_102,413,50838.0,19.00,140,20220111 14:07,50820,51420,413,400,1602,1403,18.0
205412020,140,Gillig_102,413,49639.0,19.00,140,20220111 13:47,49620,50220,413,400,1602,1403,19.0
205413020,143,Gillig_102,413,70828.0,0.00,143,20220111 19:43,70860,71460,413,400,1502,1402,32.0
205414020,143,Gillig_102,413,69679.0,22.00,143,20220111 19:21,69660,70260,413,400,1502,1402,19.0
205415020,143,Gillig_102,413,68480.0,21.00,143,20220111 19:01,68460,69060,413,400,1502,1402,20.0
205416020,143,Gillig_102,413,67280.0,20.00,143,20220111 18:42,67260,67860,413,400,1502,1402,20.0
205417020,143,Gillig_102,413,66080.0,20.00,143,20220111 18:21,66060,66660,413,400,1502,1402,20.0
205418020,143,Gillig_102,413,64880.0,23.00,143,20220111 18:06,64860,65460,413,400,1502,1402,20.0
205419020,143,Gillig_102,413,63678.0,18.00,143,20220111 17:42,63660,64260,413,400,1502,1402,18.0
205420020,143,Gillig_102,413,62480.0,22.00,143,20220111 17:24,62460,63060,413,400,1502,1402,20.0
205421020,143,Gillig_102,413,61281.0,23.00,143,20220111 17:00,61260,61860,413,400,1502,1402,21.0
205422020,143,Gillig_102,413,60080.0,20.00,143,20220111 16:44,60060,60660,413,400,1502,1402,20.0
205423020,143,Gillig_102,413,58879.0,20.00,143,20220111 16:23,58860,59460,413,400,1502,1402,19.0
205424020,143,Gillig_102,413,57679.0,23.00,143,20220111 16:04,57660,58260,413,400,1502,1402,19.0
205425020,143,Gillig_102,413,56479.0,23.00,143,20220111 15:43,56460,57060,413,400,1502,1402,19.0
205426020,143,Gillig_102,413,55279.0,20.00,143,20220111 15:23,55260,55860,413,400,1502,1402,19.0
205427020,143,Gillig_102,413,54080.0,20.00,143,20220111 15:03,54060,54660,413,400,1502,1402,20.0
205428020,143,Gillig_102,413,52881.0,23.00,143,20220111 14:41,52860,53460,413,400,1502,1402,21.0
205429020,143,Gillig_102,413,51679.0,20.00,143,20220111 14:22,51660,52260,413,400,1502,1402,19.0
205430020,143,Gillig_102,413,50478.0,20.00,143,20220111 14:01,50460,51060,413,400,1502,1402,18.0
205431020,143,Gillig_102,413,49279.0,19.00,143,20220111 13:44,49260,49860,413,400,1502,1402,19.0
205432020,140,Gillig_102,413,48441.0,21.00,140,20220111 13:29,48420,49020,413,400,1602,1403,21.0
205433020,140,Gillig_102,413,47239.0,19.00,140,20220111 13:07,47220,47820,413,400,1602,1403,19.0
205458020,140,Gillig_102,413,46040.0,22.00,140,20220111 12:46,46020,46620,413,400,1602,1403,20.0
205459020,143,Gillig_102,413,48079.0,19.00,143,20220111 13:22,48060,48660,413,400,1502,1402,19.0
205460020,143,Gillig_102,413,46879.0,20.00,143,20220111 12:58,46860,47460,413,400,1502,1402,19.0
205461020,144,Gillig_102,413,71658.0,21.00,144,20220111 19:56,71640,72840,413,690,1402,1401,18.0
205462020,144,Gillig_102,413,70408.0,0.00,144,20220111 19:33,70440,71040,413,400,1402,1401,32.0
205463020,144,Gillig_102,413,69259.0,21.00,144,20220111 19:15,69240,69840,413,400,1402,1401,19.0
205464020,144,Gillig_102,413,68059.0,19.00,144,20220111 18:53,68040,68640,413,400,1402,1401,19.0
205465020,144,Gillig_102,413,66858.0,19.00,144,20220111 18:35,66840,67440,413,400,1402,1401,18.0
205466020,144,Gillig_102,413,65658.0,19.00,144,20220111 18:12,65640,66240,413,400,1402,1401,18.0
205467020,144,Gillig_102,413,64411.0,0.00,144,20220111 17:54,64440,65040,413,400,1402,1401,29.0
205468020,144,Gillig_102,413,63258.0,19.00,144,20220111 17:33,63240,63840,413,400,1402,1401,18.0
205469020,144,Gillig_102,413,62059.0,24.00,144,20220111 17:18,62040,62640,413,400,1402,1401,19.0
205470020,144,Gillig_102,413,60861.0,23.00,144,20220111 16:54,60840,61440,413,400,1402,1401,21.0
205471020,144,Gillig_102,413,59659.0,20.00,144,20220111 16:39,59640,60240,413,400,1402,1401,19.0
205472020,144,Gillig_102,413,58459.0,21.00,144,20220111 16:15,58440,59040,413,400,1402,1401,19.0
205473020,144,Gillig_102,413,57261.0,23.00,144,20220111 15:57,57240,57840,413,400,1402,1401,21.0
205474020,144,Gillig_102,413,56059.0,24.00,144,20220111 15:35,56040,56640,413,400,1402,1401,19.0
205475020,144,Gillig_102,413,54860.0,21.00,144,20220111 15:15,54840,55440,413,400,1402,1401,20.0
205476020,144,Gillig_102,413,53661.0,21.00,144,20220111 14:56,53640,54240,413,400,1402,1401,21.0
205477020,144,Gillig_102,413,52460.0,21.00,144,20220111 14:36,52440,53040,413,400,1402,1401,20.0
205478020,144,Gillig_102,413,51260.0,21.00,144,20220111 14:13,51240,51840,413,400,1402,1401,20.0
205479020,144,Gillig_102,413,50061.0,21.00,144,20220111 13:55,50040,50640,413,400,1402,1401,21.0
205480020,144,Gillig_102,413,48859.0,19.00,144,20220111 13:38,48840,49440,413,400,1402,1401,19.0
205481020,144,Gillig_102,413,47659.0,19.00,144,20220111 13:14,47640,48240,413,400,1402,1401,19.0
205482020,144,Gillig_102,413,46459.0,19.00,144,20220111 12:55,46440,47040,413,400,1402,1401,19.0
205483020,140,Gillig_102,413,44841.0,22.00,140,20220111 12:28,44820,45420,413,400,1602,1403,21.0
205484020,140,Gillig_102,413,43579.0,20.00,140,20220111 12:12,43560,44220,413,400,1602,1403,19.0
205485020,140,Gillig_102,413,42318.0,18.00,140,20220111 11:49,42300,42960,413,400,1602,1403,18.0
205486020,140,Gillig_102,413,41060.0,20.00,140,20220111 11:25,41040,41700,413,400,1602,1403,20.0
205487020,140,Gillig_102,413,39800.0,20.00,140,20220111 11:07,39780,40440,413,400,1602,1403,20.0
205488020,140,Gillig_102,413,38540.0,20.00,140,20220111 10:49,38520,39180,413,400,1602,1403,20.0
205489020,140,Gillig_102,413,37279.0,19.00,140,20220111 10:22,37260,37920,413,400,1602,1403,19.0
205490020,140,Gillig_102,413,36019.0,23.00,140,20220111 10:02,36000,36660,413,400,1602,1403,19.0
205491020,140,Gillig_102,413,34760.0,23.00,140,20220111 09:42,34740,35400,413,400,1602,1403,20.0
205492020,140,Gillig_102,413,33501.0,21.00,140,20220111 09:20,33480,34140,413,400,1602,1403,21.0
205493020,140,Gillig_102,413,32240.0,22.00,140,20220111 09:00,32220,32880,413,400,1602,1403,20.0
205494020,140,Gillig_102,413,30981.0,21.00,140,20220111 08:37,30960,31620,413,400,1602,1403,21.0
205495020,140,Gillig_102,413,29719.0,24.00,140,20220111 08:17,29700,30360,413,400,1602,1403,19.0
205496020,140,Gillig_102,413,28570.0,130.00,140,20220111 07:56,28440,29100,413,400,1602,1403,130.0
205497020,143,Gillig_102,413,36860.0,20.00,143,20220111 10:16,36840,37500,413,400,1502,1402,20.0
205498020,143,Gillig_102,413,29298.0,20.00,143,20220111 08:13,29280,29940,413,400,1502,1402,18.0
205499020,143,Gillig_102,413,45680.0,20.00,143,20220111 12:41,45660,46260,413,400,1502,1402,20.0
205500020,143,Gillig_102,413,44419.0,19.00,143,20220111 12:24,44400,45060,413,400,1502,1402,19.0
205501020,143,Gillig_102,413,43160.0,20.00,143,20220111 12:01,43140,43800,413,400,1502,1402,20.0
205502020,143,Gillig_102,413,41898.0,19.00,143,20220111 11:39,41880,42540,413,400,1502,1402,18.0
205503020,143,Gillig_102,413,40638.0,20.00,143,20220111 11:19,40620,41280,413,400,1502,1402,18.0
205504020,143,Gillig_102,413,39380.0,24.00,143,20220111 10:58,39360,40020,413,400,1502,1402,20.0
205505020,143,Gillig_102,413,38118.0,18.00,143,20220111 10:38,38100,38760,413,400,1502,1402,18.0
205506020,143,Gillig_102,413,35600.0,20.00,143,20220111 09:55,35580,36240,413,400,1502,1402,20.0
205507020,143,Gillig_102,413,34339.0,21.00,143,20220111 09:33,34320,34980,413,400,1502,1402,19.0
205508020,143,Gillig_102,413,33080.0,22.00,143,20220111 09:16,33060,33720,413,400,1502,1402,20.0
205509020,143,Gillig_102,413,31818.0,21.00,143,20220111 08:51,31800,32460,413,400,1502,1402,18.0
205510020,143,Gillig_102,413,30559.0,20.00,143,20220111 08:31,30540,31200,413,400,1502,1402,19.0
205511020,143,Gillig_102,413,28039.0,19.00,143,20220111 07:50,28020,28680,413,400,1502,1402,19.0
205512020,144,Gillig_102,413,45258.0,18.00,144,20220111 12:34,45240,45840,413,400,1402,1401,18.0
205513020,144,Gillig_102,413,43999.0,19.00,144,20220111 12:16,43980,44640,413,400,1402,1401,19.0
205514020,144,Gillig_102,413,42739.0,19.00,144,20220111 11:52,42720,43380,413,400,1402,1401,19.0
205515020,144,Gillig_102,413,41479.0,19.00,144,20220111 11:32,41460,42120,413,400,1402,1401,19.0
205516020,144,Gillig_102,413,40218.0,18.00,144,20220111 11:09,40200,40860,413,400,1402,1401,18.0
205517020,144,Gillig_102,413,38958.0,18.00,144,20220111 10:53,38940,39600,413,400,1402,1401,18.0
205518020,144,Gillig_102,413,37700.0,22.00,144,20220111 10:36,37680,38340,413,400,1402,1401,20.0
205519020,144,Gillig_102,413,36438.0,18.00,144,20220111 10:08,36420,37080,413,400,1402,1401,18.0
205520020,144,Gillig_102,413,35178.0,18.00,144,20220111 09:47,35160,35820,413,400,1402,1401,18.0
205521020,144,Gillig_102,413,33921.0,21.00,144,20220111 09:25,33900,34560,413,400,1402,1401,21.0
205522020,144,Gillig_102,413,32660.0,20.00,144,20220111 09:03,32640,33300,413,400,1402,1401,20.0
205523020,144,Gillig_102,413,31407.0,32.00,144,20220111 08:46,31380,32040,413,400,1402,1401,27.0
205524020,144,Gillig_102,413,30140.0,26.00,144,20220111 08:23,30120,30780,413,400,1402,1401,20.0
205525020,144,Gillig_102,413,28880.0,24.00,144,20220111 08:03,28860,29520,413,400,1402,1401,20.0
205526020,144,Gillig_102,413,27619.0,21.00,144,20220111 07:40,27600,28260,413,400,1402,1401,19.0
205649020,728,Gillig_108,143,40826.0,26.00,728,20220111 11:29,40800,42300,143,454,1902,1501,26.0
205650020,728,Gillig_108,143,37824.0,24.00,728,20220111 10:47,37800,39300,143,454,1902,1501,24.0
205651020,728,Gillig_108,143,34825.0,25.00,728,20220111 09:51,34800,36300,143,454,1902,1501,25.0
205652020,728,Gillig_108,143,31824.0,24.00,728,20220111 09:04,31800,33300,143,454,1902,1501,24.0
205653020,728,Gillig_108,143,28801.0,1.00,728,20220111 08:03,28800,30300,143,454,1902,1501,1.0
205664020,728,Gillig_108,454,42300.0,0.00,728,20220111 11:46,42300,43800,454,143,1902,1501,0.0
205665020,728,Gillig_108,454,39300.0,0.00,728,20220111 11:02,39300,40800,454,143,1902,1501,0.0
205666020,728,Gillig_108,454,36301.0,1.00,728,20220111 10:08,36300,37800,454,143,1902,1501,1.0
205667020,728,Gillig_108,454,33301.0,1.00,728,20220111 09:18,33300,34800,454,143,1902,1501,1.0
205668020,728,Gillig_108,454,30300.0,0.00,728,20220111 08:20,30300,31800,454,143,1902,1501,0.0
205729020,752,Gillig_108,145,58480.0,2680.00,752,20220111 16:43,60000,62100,145,1423,8102,955,1520.0
205730020,138,Gillig_102,145,50196.0,96.00,138,20220111 14:04,50100,52200,145,1423,7102,902,96.0
205731020,138,Gillig_102,145,42898.0,598.00,138,20220111 11:55,42300,44400,145,1423,7102,902,598.0
205732020,111,Gillig_103,145,39940.0,40.00,111,20220111 11:04,39900,42000,145,1423,7202,903,40.0
205733020,136,Gillig_102,145,55768.0,18575.00,136,20220111 10:25,37200,39000,145,1423,7402,905,18568.0
205734020,138,Gillig_102,145,35327.0,527.00,138,20220111 09:42,34800,36600,145,1423,7102,902,527.0
205735020,111,Gillig_103,145,32609.0,213.00,111,20220111 08:57,32400,34200,145,1423,7202,903,209.0
205736020,135,Gillig_102,145,30696.0,98.00,135,20220111 08:51,30600,32400,145,1423,7302,904,96.0
205737020,138,Gillig_102,145,27630.0,45.00,138,20220111 07:41,27600,29400,145,1423,7102,902,30.0
205738020,111,Gillig_103,145,24990.0,91.00,111,20220111 06:57,24900,26700,145,1423,7202,903,90.0
205739020,501,Gillig_106,145,78236.0,836.00,501,20220111 21:27,77400,79200,145,1423,7802,952,836.0
205740020,501,Gillig_106,145,74413.0,613.00,501,20220111 20:28,73800,75600,145,1423,7802,952,613.0
205741020,501,Gillig_106,145,70230.0,30.00,501,20220111 19:30,70200,72000,145,1423,7802,952,30.0
205742020,152,Gillig_101,145,70222.0,3622.00,152,20220111 18:32,66600,68400,145,1423,8002,954,3622.0
205743020,120,Gillig_103,145,60817.0,5017.00,120,20220111 17:48,63600,65700,145,1423,7902,953,2783.0
205744020,501,Gillig_106,145,61835.0,35.00,501,20220111 17:10,61800,63900,145,1423,7802,952,35.0
205745020,152,Gillig_101,145,62884.0,4684.00,152,20220111 16:10,58200,60300,145,1423,8002,954,4684.0
205746020,120,Gillig_103,145,60785.0,4985.00,120,20220111 15:31,55800,57900,145,1423,7902,953,4985.0
205747020,501,Gillig_106,354,82365.0,165.00,501,20220111 14:40,53160,56100,354,1423,7802,952,29205.0
205748020,136,Gillig_102,145,55768.0,18575.00,136,20220111 14:35,52500,54600,145,1423,7402,905,3268.0
205749020,111,Gillig_103,145,47655.0,0.00,111,20220111 13:12,47700,49800,145,1423,7202,903,45.0
205750020,136,Gillig_102,145,55768.0,18575.00,136,20220111 12:30,44700,46800,145,1423,7402,905,11068.0
205751020,146,Gillig_107,145,63715.0,7015.00,146,20220111 17:59,64800,66600,145,1423,2602,153,1085.0
205752020,140,Gillig_102,354,20761.0,3.00,140,20220111 05:45,20760,23400,354,1423,7602,907,1.0
205753020,752,Gillig_108,2086,64589.0,2489.00,752,20220111 17:16,62100,65100,2086,354,8102,955,2489.0
205754020,138,Gillig_102,2086,52317.0,117.00,138,20220111 14:39,52200,55200,2086,354,7102,902,117.0
205755020,138,Gillig_102,509,44843.0,443.00,138,20220111 12:24,44400,46500,509,1555,7102,902,443.0
205756020,111,Gillig_103,509,42031.0,31.00,111,20220111 11:35,42000,44100,509,1555,7202,903,31.0
205757020,136,Gillig_102,509,57756.0,18756.00,136,20220111 10:56,39000,41100,509,1555,7402,905,18756.0
205758020,138,Gillig_102,509,37204.0,604.00,138,20220111 10:10,36600,38400,509,1555,7102,902,604.0
205759020,111,Gillig_103,509,34573.0,373.00,111,20220111 09:29,34200,36300,509,1555,7202,903,373.0
205760020,135,Gillig_102,2086,32754.0,354.00,135,20220111 09:00,32400,35400,2086,354,7302,904,354.0
205761020,138,Gillig_102,509,29719.0,319.00,138,20220111 08:13,29400,31200,509,1555,7102,902,319.0
205762020,111,Gillig_103,509,27012.0,312.00,111,20220111 07:28,26700,28800,509,1555,7202,903,312.0
205764020,501,Gillig_106,509,72283.0,283.00,501,20220111 20:01,72000,73500,509,1555,7802,952,283.0
205765020,136,Gillig_102,509,57756.0,18756.00,136,20220111 13:01,46800,48900,509,1555,7402,905,10956.0
205766020,501,Gillig_106,2086,80050.0,850.00,501,20220111 21:59,79200,82200,2086,354,7802,952,850.0
205767020,501,Gillig_106,509,76187.0,587.00,501,20220111 20:59,75600,77100,509,1555,7802,952,587.0
205769020,152,Gillig_101,509,64731.0,4431.00,152,20220111 19:03,68400,70200,509,1555,8002,954,3669.0
205770020,146,Gillig_107,509,71818.0,5218.00,146,20220111 18:25,66600,68400,509,1555,2602,153,5218.0
205771020,120,Gillig_103,2086,70371.0,4672.00,120,20220111 18:18,65700,68400,2086,354,7902,953,4671.0
205772020,501,Gillig_106,509,63930.0,30.00,501,20220111 17:44,63900,66000,509,1555,7802,952,30.0
205773020,152,Gillig_101,509,64731.0,4431.00,152,20220111 16:47,60300,62400,509,1555,8002,954,4431.0
205774020,120,Gillig_103,509,62729.0,4831.00,120,20220111 16:11,57900,60000,509,1555,7902,953,4829.0
205775020,501,Gillig_106,509,56130.0,30.00,501,20220111 15:33,56100,58200,509,1555,7802,952,30.0
205776020,136,Gillig_102,509,57756.0,18756.00,136,20220111 15:10,54600,56700,509,1555,7402,905,3156.0
205777020,111,Gillig_103,2086,49878.0,78.00,111,20220111 13:45,49800,52800,2086,354,7202,903,78.0
205778020,140,Gillig_102,2086,23763.0,363.00,140,20220111 06:32,23400,26400,2086,354,7602,907,363.0
205907020,124,Gillig_103,166,36634.0,2434.00,124,20220111 10:03,36300,37200,166,756,3702,302,334.0
205909020,127,Gillig_103,166,68602.0,203.00,127,20220111 19:04,68400,69300,166,756,4502,351,202.0
205910020,112,Gillig_103,166,67970.0,7343.00,112,20220111 18:22,66000,66900,166,756,4602,352,1970.0
205911020,134,Gillig_103,166,29194.0,1297.00,134,20220111 08:18,30000,30900,166,756,5202,405,806.0
205912020,120,Gillig_103,354,51811.0,0.00,120,20220111 14:47,53460,54900,354,756,7902,953,1649.0
205913020,119,Gillig_103,354,51135.0,0.00,119,20220111 14:20,51360,52800,354,756,6002,455,225.0
205914020,137,Gillig_102,354,58683.0,1624.00,137,20220111 15:45,57060,58500,354,756,6202,457,1623.0
205915020,506,Gillig_105,166,60647.0,5447.00,506,20220111 15:16,55200,56400,166,756,5702,452,5447.0
205917020,137,Gillig_102,166,62079.0,280.00,137,20220111 17:05,61800,62700,166,756,6202,457,279.0
205918020,506,Gillig_105,354,42860.0,0.00,506,20220111 12:20,44760,46200,354,756,5702,452,1900.0
205919020,113,Gillig_103,166,53490.0,2790.00,113,20220111 14:09,50700,51900,166,756,6502,460,2790.0
205920020,134,Gillig_103,166,31334.0,1338.00,134,20220111 08:55,32100,33000,166,756,5202,405,766.0
205921020,113,Gillig_103,354,41177.0,0.00,113,20220111 13:23,48060,49500,354,756,6502,460,6883.0
205922020,154,Gillig_101,354,61293.0,3035.00,154,20220111 11:58,42960,44400,354,756,5502,408,18333.0
205923020,112,Gillig_103,354,49867.0,10508.00,112,20220111 10:51,39360,40800,354,756,5402,407,10507.0
205924020,124,Gillig_103,166,36634.0,2434.00,124,20220111 09:31,34200,35100,166,756,3702,302,2434.0
205925020,134,Gillig_103,166,27193.0,1694.00,134,20220111 07:44,27900,28800,166,756,5202,405,707.0
205926020,124,Gillig_103,166,38686.0,2387.00,124,20220111 10:37,38400,39300,166,756,3702,302,286.0
205927020,134,Gillig_103,166,24420.0,1021.00,134,20220111 06:31,23400,24300,166,756,5202,405,1020.0
205928020,134,Gillig_103,166,24420.0,1021.00,134,20220111 07:05,25500,26400,166,756,5202,405,1080.0
205929020,124,Gillig_103,756,37438.0,2338.00,124,20220111 10:21,37200,38280,756,1351,3702,302,238.0
205931020,127,Gillig_103,756,69551.0,251.00,127,20220111 19:21,69300,71100,756,690,4502,351,251.0
205932020,112,Gillig_103,756,72248.0,5348.00,112,20220111 18:44,66900,68700,756,690,4602,352,5348.0
205933020,134,Gillig_103,756,30180.0,1380.00,134,20220111 08:37,30900,31980,756,1351,5202,405,720.0
205934020,120,Gillig_103,756,60281.0,5381.00,120,20220111 15:20,54900,55800,756,145,7902,953,5381.0
205935020,119,Gillig_103,756,60016.0,7216.00,119,20220111 14:57,52800,54000,756,1351,6002,455,7216.0
205937020,506,Gillig_105,756,52972.0,6772.00,506,20220111 15:40,56400,57300,756,145,5702,452,3428.0
205939020,137,Gillig_102,756,62975.0,275.00,137,20220111 17:27,62700,64500,756,690,6202,457,275.0
205941020,113,Gillig_103,756,52332.0,2832.00,113,20220111 14:28,51900,53100,756,1351,6502,460,432.0
205942020,134,Gillig_103,756,32219.0,1319.00,134,20220111 09:11,33000,34800,756,690,5202,405,781.0
205943020,113,Gillig_103,756,52332.0,2832.00,113,20220111 13:51,49500,50580,756,1351,6502,460,2832.0
205946020,124,Gillig_103,756,37438.0,2338.00,124,20220111 09:50,35100,36180,756,1351,3702,302,2338.0
205947020,134,Gillig_103,756,28021.0,1621.00,134,20220111 08:00,28800,29880,756,1351,5202,405,779.0
205948020,124,Gillig_103,756,39411.0,2211.00,124,20220111 11:01,39300,40800,756,690,3702,302,111.0
205949020,134,Gillig_103,756,25193.0,893.00,134,20220111 06:48,24300,25380,756,1351,5202,405,893.0
205950020,134,Gillig_103,756,25228.0,928.00,134,20220111 07:21,26400,27480,756,1351,5202,405,1172.0
206015020,126,Gillig_103,12,34252.0,53.00,126,20220111 09:25,34200,35700,12,779,3402,2801,52.0
206016020,126,Gillig_103,12,31508.0,11.00,126,20220111 08:41,31500,32700,12,779,3402,2801,8.0
206017020,126,Gillig_103,12,28811.0,12.00,126,20220111 07:57,28800,30000,12,779,3402,2801,11.0
206018020,126,Gillig_103,12,26465.0,67.00,126,20220111 07:15,26400,27600,12,779,3402,2801,65.0
206020020,126,Gillig_103,354,21361.0,1.00,126,20220111 05:50,21360,22800,354,779,3402,2801,1.0
206021020,126,Gillig_103,12,37223.0,26.00,126,20220111 10:17,37200,38700,12,779,3402,2801,23.0
206022020,134,Gillig_103,354,48107.0,8447.00,134,20220111 10:57,39660,41700,354,779,3502,2802,8447.0
206023020,134,Gillig_103,12,52011.0,11812.00,134,20220111 12:06,43200,44700,12,779,3502,2802,8811.0
206024020,134,Gillig_103,12,52011.0,11812.00,134,20220111 12:50,46200,47700,12,779,3502,2802,5811.0
206025020,134,Gillig_103,12,52011.0,11812.00,134,20220111 13:43,49200,50700,12,779,3502,2802,2811.0
206026020,134,Gillig_103,12,52011.0,11812.00,134,20220111 14:30,52200,53700,12,779,3502,2802,189.0
206027020,134,Gillig_103,12,56002.0,9803.00,134,20220111 15:31,55200,56700,12,779,3502,2802,802.0
206028020,134,Gillig_103,12,60047.0,7856.00,134,20220111 16:19,58200,59700,12,779,3502,2802,1847.0
206029020,134,Gillig_103,12,61672.0,6477.00,134,20220111 17:03,61200,62700,12,779,3502,2802,472.0
206030020,134,Gillig_103,12,64957.0,3758.00,134,20220111 17:52,64200,65700,12,779,3502,2802,757.0
206031020,134,Gillig_103,779,65897.0,3197.00,134,20220111 18:11,65700,68100,779,690,3502,2802,197.0
206032020,126,Gillig_103,779,35728.0,28.00,126,20220111 09:50,35700,37200,779,12,3402,2801,28.0
206033020,126,Gillig_103,779,32674.0,0.00,126,20220111 09:03,32700,34200,779,12,3402,2801,26.0
206034020,126,Gillig_103,779,29980.0,0.00,126,20220111 08:18,30000,31500,779,12,3402,2801,20.0
206035020,126,Gillig_103,779,27576.0,0.00,126,20220111 07:40,27600,28800,779,12,3402,2801,24.0
206036020,126,Gillig_103,779,24357.0,0.00,126,20220111 06:58,25200,26400,779,12,3402,2801,843.0
206037020,126,Gillig_103,779,22913.0,113.00,126,20220111 06:57,22800,24000,779,12,3402,2801,113.0
206038020,126,Gillig_103,779,38729.0,30.00,126,20220111 10:40,38700,41400,779,690,3402,2801,29.0
206040020,134,Gillig_103,779,53221.0,11523.00,134,20220111 12:23,44700,46200,779,12,3502,2802,8521.0
206041020,134,Gillig_103,779,53221.0,11523.00,134,20220111 13:15,47700,49200,779,12,3502,2802,5521.0
206042020,134,Gillig_103,779,53221.0,11523.00,134,20220111 14:00,50700,52200,779,12,3502,2802,2521.0
206043020,134,Gillig_103,779,53221.0,11523.00,134,20220111 14:50,53700,55200,779,12,3502,2802,479.0
206044020,134,Gillig_103,779,57072.0,9372.00,134,20220111 16:04,56700,58200,779,12,3502,2802,372.0
206045020,134,Gillig_103,779,58998.0,8298.00,134,20220111 16:43,59700,61200,779,12,3502,2802,702.0
206046020,134,Gillig_103,779,62595.0,5895.00,134,20220111 17:25,62700,64200,779,12,3502,2802,105.0
206048020,727,Gillig_108,1565,61217.0,17.00,727,20220111 17:01,61200,62100,1565,730,3302,252,17.0
206049020,725,Gillig_108,1565,60898.0,5100.00,725,20220111 16:26,59400,60300,1565,730,3302,252,1498.0
206050020,725,Gillig_108,1565,60898.0,5100.00,725,20220111 16:02,57600,58500,1565,730,3302,252,3298.0
206051020,725,Gillig_108,1565,54018.0,18.00,725,20220111 15:25,55800,56700,1565,730,3302,252,1782.0
206052020,725,Gillig_108,1565,54018.0,18.00,725,20220111 15:01,54000,54900,1565,730,3302,252,18.0
206053020,725,Gillig_108,143,51301.0,1.00,725,20220111 14:35,51300,53100,143,730,3302,252,1.0
206054020,727,Gillig_108,1565,50432.0,32.00,727,20220111 14:02,50400,51300,1565,730,3202,201,32.0
206055020,727,Gillig_108,1565,48614.0,14.00,727,20220111 13:33,48600,49500,1565,730,3202,201,14.0
206056020,727,Gillig_108,1565,46828.0,28.00,727,20220111 13:02,46800,47700,1565,730,3202,201,28.0
206057020,727,Gillig_108,1565,45018.0,18.00,727,20220111 12:28,45000,45900,1565,730,3202,201,18.0
206058020,727,Gillig_108,1565,43198.0,0.00,727,20220111 12:01,43200,44100,1565,730,3202,201,2.0
206059020,727,Gillig_108,1565,41416.0,16.00,727,20220111 11:29,41400,42300,1565,730,3202,201,16.0
206060020,727,Gillig_108,1565,39619.0,19.00,727,20220111 11:02,39600,40500,1565,730,3202,201,19.0
206061020,727,Gillig_108,1565,37833.0,33.00,727,20220111 10:30,37800,38700,1565,730,3202,201,33.0
206062020,727,Gillig_108,1565,36046.0,46.00,727,20220111 09:57,36000,36900,1565,730,3202,201,46.0
206063020,727,Gillig_108,143,24601.0,1.00,727,20220111 06:53,24600,26100,143,730,3202,201,1.0
206064020,727,Gillig_108,1565,27019.0,21.00,727,20220111 07:34,27000,27900,1565,730,3202,201,19.0
206065020,727,Gillig_108,1565,28810.0,11.00,727,20220111 08:00,28800,29700,1565,730,3202,201,10.0
206066020,727,Gillig_108,1565,30632.0,35.00,727,20220111 08:30,30600,31500,1565,730,3202,201,32.0
206067020,727,Gillig_108,1565,32427.0,34.00,727,20220111 08:55,32400,33300,1565,730,3202,201,27.0
206068020,727,Gillig_108,1565,34263.0,65.00,727,20220111 09:30,34200,35100,1565,730,3202,201,63.0
206070020,727,Gillig_108,730,62102.0,2.00,727,20220111 17:02,62100,63000,730,1565,3302,252,2.0
206071020,725,Gillig_108,730,60358.0,5458.00,725,20220111 16:40,60300,61200,730,1565,3302,252,58.0
206072020,725,Gillig_108,730,60358.0,5458.00,725,20220111 16:15,58500,59400,730,1565,3302,252,1858.0
206073020,725,Gillig_108,730,53119.0,19.00,725,20220111 15:52,56700,57600,730,1565,3302,252,3581.0
206074020,725,Gillig_108,730,53119.0,19.00,725,20220111 15:17,54900,55800,730,1565,3302,252,1781.0
206075020,725,Gillig_108,730,53119.0,19.00,725,20220111 14:46,53100,54000,730,1565,3302,252,19.0
206076020,727,Gillig_108,730,51317.0,18.00,727,20220111 14:19,51300,53100,730,143,3202,201,17.0
206077020,727,Gillig_108,730,49518.0,18.00,727,20220111 13:50,49500,50400,730,1565,3202,201,18.0
206078020,727,Gillig_108,730,47719.0,19.00,727,20220111 13:19,47700,48600,730,1565,3202,201,19.0
206079020,727,Gillig_108,730,45883.0,0.00,727,20220111 12:44,45900,46800,730,1565,3202,201,17.0
206080020,727,Gillig_108,730,44119.0,19.00,727,20220111 12:17,44100,45000,730,1565,3202,201,19.0
206081020,727,Gillig_108,730,42317.0,17.00,727,20220111 11:47,42300,43200,730,1565,3202,201,17.0
206082020,727,Gillig_108,730,40517.0,17.00,727,20220111 11:14,40500,41400,730,1565,3202,201,17.0
206083020,727,Gillig_108,730,38719.0,19.00,727,20220111 10:44,38700,39600,730,1565,3202,201,19.0
206084020,727,Gillig_108,730,36919.0,19.00,727,20220111 10:16,36900,37800,730,1565,3202,201,19.0
206085020,727,Gillig_108,730,26119.0,19.00,727,20220111 07:16,26100,27000,730,1565,3202,201,19.0
206086020,727,Gillig_108,730,27919.0,19.00,727,20220111 07:47,27900,28800,730,1565,3202,201,19.0
206087020,727,Gillig_108,730,29719.0,19.00,727,20220111 08:13,29700,30600,730,1565,3202,201,19.0
206088020,727,Gillig_108,730,31518.0,18.00,727,20220111 08:46,31500,32400,730,1565,3202,201,18.0
206089020,727,Gillig_108,730,33318.0,18.00,727,20220111 09:15,33300,34200,730,1565,3202,201,18.0
206090020,727,Gillig_108,730,35119.0,19.00,727,20220111 09:46,35100,36000,730,1565,3202,201,19.0
206123020,127,Gillig_103,2092,63061.0,1.00,127,20220111 17:30,63060,66000,2092,1925,4502,351,1.0
206124020,112,Gillig_103,2092,67032.0,6973.00,112,20220111 16:35,60060,63600,2092,1925,4602,352,6972.0
206125020,129,Gillig_103,2092,60382.0,2422.00,129,20220111 16:03,57960,61500,2092,1925,4702,353,2422.0
206126020,113,Gillig_103,1351,26422.0,22.00,113,20220111 07:20,26400,28500,1351,1925,3602,301,22.0
206127020,124,Gillig_103,1351,23455.0,56.00,124,20220111 06:30,23700,25800,1351,1925,3702,302,245.0
206128020,113,Gillig_103,1351,21923.0,23.00,113,20220111 06:03,21900,24000,1351,1925,3602,301,23.0
206129020,,,,,,113,20220111 04:39,16860,19500,2092,1925,3602,301,
206130020,113,Gillig_103,1925,19501.0,1.00,113,20220111 05:42,19500,21900,1925,1351,3602,301,1.0
206131020,113,Gillig_103,1925,24046.0,46.00,113,20220111 06:42,24000,26400,1925,1351,3602,301,46.0
206132020,124,Gillig_103,1925,26296.0,496.00,124,20220111 07:11,25800,28200,1925,1351,3702,302,496.0
206133020,113,Gillig_103,1925,28655.0,155.00,113,20220111 07:56,28500,32100,1925,690,3602,301,155.0
206134020,129,Gillig_103,1925,63754.0,2254.00,129,20220111 17:45,61500,65100,1925,690,4702,353,2254.0
206135020,112,Gillig_103,1925,70080.0,6480.00,112,20220111 17:43,63600,66000,1925,1555,4602,352,6480.0
206270020,506,Gillig_105,1351,52165.0,6924.00,506,20220111 13:11,47700,51300,1351,1876,5702,452,4465.0
206271020,113,Gillig_103,1351,53033.0,2453.00,113,20220111 14:47,53100,56700,1351,1876,6502,460,67.0
206272020,145,Gillig_107,1351,73892.0,1594.00,145,20220111 20:00,72300,75900,1351,1876,5802,453,1592.0
206273020,145,Gillig_107,1351,67732.0,2632.00,145,20220111 18:15,65100,68700,1351,1876,5802,453,2632.0
206274020,111,Gillig_103,1351,81097.0,97.00,111,20220111 22:25,81000,84600,1351,1876,6302,458,97.0
206275020,111,Gillig_103,1351,73811.0,19.00,111,20220111 20:25,73800,77400,1351,1876,6302,458,11.0
206276020,111,Gillig_103,1351,67107.0,507.00,111,20220111 18:25,66600,70200,1351,1876,6302,458,507.0
206277020,111,Gillig_103,354,53548.0,0.00,111,20220111 16:12,58560,62700,354,1876,6302,458,5012.0
206278020,119,Gillig_103,1351,60785.0,6785.00,119,20220111 17:04,61200,64800,1351,1876,6002,455,415.0
206279020,133,Gillig_103,1351,51936.0,36.00,133,20220111 14:24,51900,55500,1351,1876,5902,454,36.0
206280020,113,Gillig_103,1351,61723.0,1424.00,113,20220111 16:55,60300,63900,1351,1876,6502,460,1423.0
206281020,112,Gillig_103,1351,59438.0,9940.00,112,20220111 13:47,49500,53100,1351,1876,5402,407,9938.0
206282020,752,Gillig_108,354,41166.0,3906.00,752,20220111 10:15,37260,41400,354,1876,8102,955,3906.0
206283020,154,Gillig_101,1351,53140.0,7241.00,154,20220111 13:26,45900,49500,1351,1876,5502,408,7240.0
206285020,120,Gillig_103,1351,43249.0,49.00,120,20220111 12:04,43200,46800,1351,1876,4802,401,49.0
206287020,132,Gillig_103,354,58651.0,2495.00,132,20220111 15:30,56160,60300,354,1876,6102,456,2491.0
206289020,119,Gillig_103,1351,60785.0,6785.00,119,20220111 15:09,54000,57600,1351,1876,6002,455,6785.0
206290020,145,Gillig_107,354,49953.0,0.00,145,20220111 13:50,50160,54300,354,1876,5802,453,207.0
206292020,129,Gillig_103,354,49918.0,3658.00,129,20220111 12:45,46260,50400,354,1876,6402,459,3658.0
206293020,752,Gillig_108,1351,48198.0,3200.00,752,20220111 12:29,45000,48600,1351,1876,8102,955,3198.0
206294020,112,Gillig_103,1351,59438.0,9940.00,112,20220111 12:26,42300,45900,1351,1876,5402,407,17138.0
206296020,501,Gillig_106,1351,39856.0,256.00,501,20220111 11:02,39600,43200,1351,1876,5002,403,256.0
206297020,120,Gillig_103,1351,36076.0,76.00,120,20220111 10:01,36000,39600,1351,1876,4802,401,76.0
206298020,501,Gillig_106,1351,32914.0,514.00,501,20220111 09:00,32400,36000,1351,1876,5002,403,514.0
206299020,120,Gillig_103,1351,28904.0,104.00,120,20220111 08:00,28800,32400,1351,1876,4802,401,104.0
206300020,504,Gillig_105,1351,30669.0,69.00,504,20220111 08:25,30600,34200,1351,1876,4902,402,69.0
206301020,501,Gillig_106,1351,26411.0,1211.00,501,20220111 07:00,25200,28800,1351,1876,5002,403,1211.0
206302020,152,Gillig_101,1351,74759.0,4260.00,152,20220111 21:25,77400,81000,1351,1876,8002,954,2641.0
206303020,119,Gillig_103,1351,74629.0,6229.00,119,20220111 20:55,75600,78900,1351,1876,6002,455,971.0
206304020,152,Gillig_101,1351,74759.0,4260.00,152,20220111 19:30,70500,73800,1351,1876,8002,954,4259.0
206305020,119,Gillig_103,1351,68209.0,7009.00,119,20220111 19:17,68400,72000,1351,1876,6002,455,191.0
206308020,145,Gillig_107,1351,60957.0,3057.00,145,20220111 16:06,57900,61500,1351,1876,5802,453,3057.0
206309020,504,Gillig_105,1351,23447.0,47.00,504,20220111 06:25,23400,27000,1351,1876,4902,402,47.0
206310020,120,Gillig_103,354,21061.0,1.00,120,20220111 05:45,21060,25200,354,1876,4802,401,1.0
206311020,504,Gillig_105,354,48138.0,6378.00,504,20220111 04:21,15660,19800,354,1876,4902,402,32478.0
206312020,501,Gillig_106,354,82365.0,165.00,501,20220111 04:46,17460,21600,354,1876,5002,403,64905.0
206314020,506,Gillig_105,1883,57094.0,5794.00,506,20220111 14:15,51300,55200,1883,1555,5702,452,5794.0
206315020,145,Gillig_107,1878,77538.0,1638.00,145,20220111 21:00,75900,80400,1878,690,5802,453,1638.0
206316020,145,Gillig_107,1883,70886.0,2186.00,145,20220111 19:00,68700,72300,1883,1351,5802,453,2186.0
206317020,111,Gillig_103,1883,70499.0,299.00,111,20220111 21:25,77400,81000,1883,1351,6302,458,6901.0
206318020,111,Gillig_103,1883,70499.0,299.00,111,20220111 19:25,70200,73800,1883,1351,6302,458,299.0
206319020,111,Gillig_103,1883,63565.0,866.00,111,20220111 17:20,62700,66600,1883,1351,6302,458,865.0
206320020,119,Gillig_103,1883,71506.0,6707.00,119,20220111 17:58,64800,68400,1883,1351,6002,455,6706.0
206321020,133,Gillig_103,1878,55736.0,236.00,133,20220111 15:20,55500,60300,1878,690,5902,454,236.0
206322020,113,Gillig_103,1878,65192.0,1292.00,113,20220111 17:47,63900,68400,1878,690,6502,460,1292.0
206323020,112,Gillig_103,1878,62960.0,9860.00,112,20220111 14:40,53100,57900,1878,690,5402,407,9860.0
206324020,752,Gillig_108,1883,45130.0,3730.00,752,20220111 11:28,41400,45000,1883,1351,8102,955,3730.0
206325020,154,Gillig_101,1878,56743.0,7243.00,154,20220111 13:40,49500,54300,1878,690,5502,408,7243.0
206327020,120,Gillig_103,1878,46808.0,8.00,120,20220111 13:02,46800,51600,1878,690,4802,401,8.0
206331020,119,Gillig_103,1883,71506.0,6707.00,119,20220111 16:06,57600,61200,1883,1351,6002,455,13906.0
206332020,113,Gillig_103,1883,58529.0,1829.00,113,20220111 15:45,56700,60300,1883,1351,6502,460,1829.0
206333020,145,Gillig_107,1883,57409.0,3110.00,145,20220111 15:00,54300,57900,1883,1351,5802,453,3109.0
206335020,129,Gillig_103,1878,55602.0,5202.00,129,20220111 13:59,50400,55200,1878,690,6402,459,5202.0
206336020,752,Gillig_108,1883,45130.0,3730.00,752,20220111 13:25,48600,52200,1883,1351,8102,955,3470.0
206337020,112,Gillig_103,1883,55802.0,9903.00,112,20220111 12:46,45900,49500,1883,1351,5402,407,9902.0
206339020,501,Gillig_106,1878,43244.0,44.00,501,20220111 11:55,43200,48000,1878,690,5002,403,44.0
206340020,,,,,,120,20220111 10:55,39600,43200,1883,1351,4802,401,
206341020,501,Gillig_106,1883,36305.0,305.00,501,20220111 09:56,36000,39600,1883,1351,5002,403,305.0
206342020,,,,,,120,20220111 08:55,32400,36000,1883,1351,4802,401,
206343020,,,,,,504,20220111 09:25,34200,38700,1878,690,4902,402,
206344020,501,Gillig_106,1883,29638.0,838.00,501,20220111 07:55,28800,32400,1883,1351,5002,403,838.0
206345020,111,Gillig_103,1878,84985.0,385.00,111,20220111 23:25,84600,2400,1878,690,6302,458,385.0
206346020,152,Gillig_101,1878,85258.0,4258.00,152,20220111 22:38,81000,85200,1878,690,8002,954,4258.0
206347020,119,Gillig_103,1878,85319.0,6419.00,119,20220111 21:50,78900,83100,1878,690,6002,455,6419.0
206348020,,,,,,152,20220111 20:25,73800,77400,1883,1351,8002,954,
206349020,119,Gillig_103,1883,71506.0,6707.00,119,20220111 19:59,72000,75600,1883,1351,6002,455,494.0
206352020,145,Gillig_107,1883,64586.0,3086.00,145,20220111 17:00,61500,65100,1883,1351,5802,453,3086.0
206353020,504,Gillig_105,1883,27009.0,9.00,504,20220111 07:25,27000,30600,1883,1351,4902,402,9.0
206354020,,,,,,120,20220111 06:55,25200,28800,1883,1351,4802,401,
206355020,504,Gillig_105,1883,19879.0,79.00,504,20220111 05:51,19800,23400,1883,1351,4902,402,79.0
206356020,501,Gillig_106,1883,21675.0,75.00,501,20220111 06:21,21600,25200,1883,1351,5002,403,75.0
206759020,752,Gillig_108,1555,54844.0,2644.00,752,20220111 15:35,56400,58200,1555,1710,8102,955,1556.0
206760020,146,Gillig_107,1555,73556.0,5156.00,146,20220111 19:00,68400,70200,1555,1710,2602,153,5156.0
206761020,501,Gillig_106,1555,66021.0,21.00,501,20220111 18:16,66000,67800,1555,1710,7802,952,21.0
206762020,152,Gillig_101,1555,59342.0,4742.00,152,20220111 17:27,62400,64200,1555,1710,8002,954,3058.0
206763020,120,Gillig_103,1555,59459.0,5470.00,120,20220111 16:50,60000,61800,1555,1710,7902,953,541.0
206764020,501,Gillig_106,1555,65857.0,0.00,501,20220111 16:05,58200,60000,1555,1710,7802,952,7657.0
206765020,152,Gillig_101,354,58591.0,4531.00,152,20220111 14:58,54060,56400,354,1710,8002,954,4531.0
206766020,752,Gillig_108,1555,54844.0,2644.00,752,20220111 14:38,52200,54000,1555,1710,8102,955,2644.0
206767020,126,Gillig_103,354,48148.0,0.00,126,20220111 13:54,49860,52200,354,1710,7702,951,1712.0
206768020,136,Gillig_102,1555,52261.0,18663.00,136,20220111 13:37,48900,50700,1555,1710,7402,905,3361.0
206769020,138,Gillig_102,1555,46828.0,332.00,138,20220111 13:07,46500,48300,1555,1710,7102,902,328.0
206770020,111,Gillig_103,1555,44123.0,47.00,111,20220111 12:15,44100,45900,1555,1710,7202,903,23.0
206771020,136,Gillig_102,1555,37252.0,4781.00,136,20220111 11:26,41100,42900,1555,1710,7402,905,3848.0
206772020,138,Gillig_102,1555,39029.0,637.00,138,20220111 10:51,38700,40500,1555,1710,7102,902,329.0
206773020,111,Gillig_103,1555,36563.0,269.00,111,20220111 10:11,36300,38100,1555,1710,7202,903,263.0
206774020,136,Gillig_102,354,48129.0,15069.00,136,20220111 09:21,33060,35400,354,1710,7402,905,15069.0
206775020,138,Gillig_102,1555,31595.0,402.00,138,20220111 08:44,31200,33000,1555,1710,7102,902,395.0
206776020,111,Gillig_103,1555,29040.0,250.00,111,20220111 08:05,28800,30600,1555,1710,7202,903,240.0
206777020,135,Gillig_102,354,26471.0,13.00,135,20220111 07:18,26460,28800,354,1710,7302,904,11.0
206778020,138,Gillig_102,354,23461.0,2.00,138,20220111 06:25,23460,25500,354,1710,7102,902,1.0
206779020,111,Gillig_103,354,21075.0,15.00,111,20220111 05:45,21060,23100,354,1710,7202,903,15.0
206780020,752,Gillig_108,1710,56794.0,2794.00,752,20220111 16:14,58200,60000,1710,145,8102,955,1406.0
206781020,146,Gillig_107,1710,75234.0,5034.00,146,20220111 19:32,70200,72600,1710,690,2602,153,5034.0
206782020,501,Gillig_106,1710,67823.0,23.00,501,20220111 18:50,67800,70200,1710,145,7802,952,23.0
206783020,152,Gillig_101,1710,61271.0,4871.00,152,20220111 18:09,64200,66600,1710,145,8002,954,2929.0
206784020,120,Gillig_103,1710,66720.0,4920.00,120,20220111 17:13,61800,63600,1710,145,7902,953,4920.0
206785020,501,Gillig_106,1710,60023.0,23.00,501,20220111 16:38,60000,61800,1710,145,7802,952,23.0
206786020,752,Gillig_108,1710,56776.0,2776.00,752,20220111 15:05,54000,55800,1710,145,8102,955,2776.0
206787020,126,Gillig_103,1710,54122.0,1922.00,126,20220111 15:19,52200,54600,1710,690,7702,951,1922.0
206788020,136,Gillig_102,1710,54113.0,18713.00,136,20220111 14:05,50700,52500,1710,145,7402,905,3413.0
206789020,111,Gillig_103,1710,45914.0,14.00,111,20220111 12:46,45900,47700,1710,145,7202,903,14.0
206790020,138,Gillig_102,1710,41368.0,868.00,138,20220111 11:28,40500,42300,1710,145,7102,902,868.0
206791020,111,Gillig_103,1710,38432.0,332.00,111,20220111 10:37,38100,39900,1710,145,7202,903,332.0
206792020,138,Gillig_102,1710,33763.0,763.00,138,20220111 09:18,33000,34800,1710,145,7102,902,763.0
206793020,152,Gillig_101,1710,61255.0,4855.00,152,20220111 15:43,56400,58200,1710,145,8002,954,4855.0
206794020,138,Gillig_102,1710,48655.0,355.00,138,20220111 13:39,48300,50100,1710,145,7102,902,355.0
206795020,136,Gillig_102,1710,54113.0,18713.00,136,20220111 11:55,42900,44700,1710,145,7402,905,11213.0
206796020,136,Gillig_102,1710,54113.0,18713.00,136,20220111 09:50,35400,37200,1710,145,7402,905,18713.0
206797020,111,Gillig_103,1710,30972.0,372.00,111,20220111 08:32,30600,32400,1710,145,7202,903,372.0
206799020,138,Gillig_102,1710,25841.0,341.00,138,20220111 07:15,25500,27600,1710,145,7102,902,341.0
206862020,703,Gillig_108,1874,24301.0,1.00,703,20220111 06:49,24300,25200,1874,1565,3902,3302,1.0
206864020,703,Gillig_108,1874,26135.0,35.00,703,20220111 07:12,26100,27000,1874,1565,3902,3302,35.0
206866020,703,Gillig_108,1874,27873.0,0.00,703,20220111 07:43,27900,28800,1874,1565,3902,3302,27.0
206868020,703,Gillig_108,1874,29734.0,34.00,703,20220111 08:11,29700,30600,1874,1565,3902,3302,34.0
206870020,703,Gillig_108,1874,31466.0,0.00,703,20220111 08:41,31500,32400,1874,1565,3902,3302,34.0
206872020,703,Gillig_108,1874,33333.0,33.00,703,20220111 09:10,33300,34200,1874,1565,3902,3302,33.0
206874020,703,Gillig_108,1874,35133.0,33.00,703,20220111 09:40,35100,36000,1874,1565,3902,3302,33.0
206877020,703,Gillig_108,1874,37263.0,63.00,703,20220111 10:15,37200,38100,1874,1565,3902,3302,63.0
206880020,703,Gillig_108,1874,39033.0,33.00,703,20220111 10:45,39000,39900,1874,1565,3902,3302,33.0
206883020,703,Gillig_108,1874,40833.0,33.00,703,20220111 11:15,40800,41700,1874,1565,3902,3302,33.0
206886020,703,Gillig_108,1874,42644.0,44.00,703,20220111 11:46,42600,43500,1874,1565,3902,3302,44.0
206889020,703,Gillig_108,1874,44434.0,34.00,703,20220111 12:20,44400,45300,1874,1565,3902,3302,34.0
206892020,703,Gillig_108,1874,46233.0,33.00,703,20220111 12:48,46200,47100,1874,1565,3902,3302,33.0
206895020,703,Gillig_108,1874,48034.0,34.00,703,20220111 13:15,48000,48900,1874,1565,3902,3302,34.0
206898020,703,Gillig_108,1874,49833.0,33.00,703,20220111 13:45,49800,50700,1874,1565,3902,3302,33.0
206939020,703,Gillig_108,1566,25232.0,32.00,703,20220111 07:01,25200,26100,1566,1874,3902,3302,32.0
206941020,703,Gillig_108,1566,27032.0,32.00,703,20220111 07:33,27000,27900,1566,1874,3902,3302,32.0
206943020,703,Gillig_108,1566,28833.0,33.00,703,20220111 07:59,28800,29700,1566,1874,3902,3302,33.0
206945020,703,Gillig_108,1566,30631.0,31.00,703,20220111 08:30,30600,31500,1566,1874,3902,3302,31.0
206947020,703,Gillig_108,1566,32431.0,31.00,703,20220111 08:59,32400,33300,1566,1874,3902,3302,31.0
206949020,703,Gillig_108,1566,34231.0,31.00,703,20220111 09:28,34200,35100,1566,1874,3902,3302,31.0
206951020,703,Gillig_108,1566,36032.0,32.00,703,20220111 10:01,36000,36900,1566,1874,3902,3302,32.0
206954020,703,Gillig_108,1566,38132.0,32.00,703,20220111 10:33,38100,39000,1566,1874,3902,3302,32.0
206957020,703,Gillig_108,1566,39931.0,31.00,703,20220111 11:05,39900,40800,1566,1874,3902,3302,31.0
206960020,703,Gillig_108,1566,41731.0,31.00,703,20220111 11:34,41700,42600,1566,1874,3902,3302,31.0
206963020,703,Gillig_108,1566,43532.0,32.00,703,20220111 12:03,43500,44400,1566,1874,3902,3302,32.0
206966020,703,Gillig_108,1566,45332.0,32.00,703,20220111 12:33,45300,46200,1566,1874,3902,3302,32.0
206969020,703,Gillig_108,1566,47133.0,33.00,703,20220111 13:04,47100,48000,1566,1874,3902,3302,33.0
206972020,703,Gillig_108,1566,48932.0,32.00,703,20220111 13:36,48900,49800,1566,1874,3902,3302,32.0
206975020,703,Gillig_108,1566,50761.0,61.00,703,20220111 14:03,50700,51600,1566,1874,3902,3302,61.0
207272020,146,Gillig_107,354,48072.0,6612.00,146,20220111 11:26,41460,42900,354,756,2602,153,6612.0
207273020,146,Gillig_107,756,52829.0,9929.00,146,20220111 11:56,42900,44400,756,1351,2602,153,9929.0
207274020,147,Gillig_101,166,47014.0,216.00,147,20220111 12:55,46800,47700,166,756,102,101,214.0
207275020,147,Gillig_101,756,47777.0,77.00,147,20220111 13:18,47700,49500,756,690,102,101,77.0
