trip_id,vid,start_time,gtfs_start_time,gtfs_end_time,first_stop_id,last_stop_id,route_id,block_id,block_name
206311020,504,20220111 04:21,04:21:00,05:30:00,354,1876,4,4902,402
206129020,113,20220111 04:39,04:41:00,05:25:00,2092,1925,3,3602,301
205253020,150,20220111 04:45,04:51:00,05:30:00,354,1710,13,1202,1301
204922020,123,20220111 04:45,04:51:00,05:30:00,354,95,1,502,102
206312020,501,20220111 04:46,04:51:00,06:00:00,354,1876,4,5002,403
205145020,134,20220111 04:47,04:46:00,05:40:00,2092,221,10C,5202,405
205192020,147,20220111 04:51,05:05:00,05:40:00,217,1351,10G,102,101
204920020,147,20220111 05:35,05:40:00,06:10:00,1351,95,1,102,101
205146020,134,20220111 05:42,05:40:00,06:30:00,2235,1351,10C,5202,405
206130020,113,20220111 05:42,05:25:00,06:05:00,1925,1351,3,3602,301
205193020,124,20220111 05:43,05:55:00,06:30:00,217,1351,10G,3702,302
205144020,136,20220111 05:43,05:36:00,06:30:00,2092,221,10C,402,1018
205084020,129,20220111 05:45,05:51:00,06:30:00,1870,1351,10A,802,105
206779020,111,20220111 05:45,05:51:00,06:25:00,354,1710,9,7202,903
206310020,120,20220111 05:45,05:51:00,07:00:00,354,1876,4,4802,401
205752020,140,20220111 05:45,05:46:00,06:30:00,354,1423,16,7602,907
206020020,126,20220111 05:50,05:56:00,06:20:00,354,779,28,3402,2801
206355020,504,20220111 05:51,05:30:00,06:30:00,1883,1351,4,4902,402
205062020,506,20220111 05:55,06:01:00,06:45:00,354,217,10A,602,103
206128020,113,20220111 06:03,06:05:00,06:40:00,1351,1925,3,3602,301
204951020,147,20220111 06:06,06:10:00,06:45:00,95,145,1,102,101
205143020,154,20220111 06:15,06:21:00,07:15:00,2092,221,10C,202,1015
205085020,146,20220111 06:16,06:16:00,06:55:00,1870,1351,10A,702,104
205252020,150,20220111 06:20,06:10:00,06:40:00,1555,1710,13,1202,1301
204919020,123,20220111 06:20,06:00:00,06:30:00,1351,95,1,502,102
206356020,501,20220111 06:21,06:00:00,07:00:00,1883,1351,4,5002,403
206778020,138,20220111 06:25,06:31:00,07:05:00,354,1710,9,7102,902
204918020,129,20220111 06:25,06:30:00,07:00:00,1351,95,1,802,105
206309020,504,20220111 06:25,06:30:00,07:30:00,1351,1876,4,4902,402
204950020,123,20220111 06:27,06:30:00,07:05:00,95,145,1,502,102
206127020,124,20220111 06:30,06:35:00,07:10:00,1351,1925,3,3702,302
205927020,134,20220111 06:31,06:30:00,06:45:00,166,756,21,5202,405
205778020,140,20220111 06:32,06:30:00,07:20:00,2086,354,16,7602,907
206131020,113,20220111 06:42,06:40:00,07:20:00,1925,1351,3,3602,301
205265020,150,20220111 06:43,06:40:00,07:10:00,1710,1589,13,1202,1301
205172020,147,20220111 06:45,06:45:00,07:15:00,145,288,10G,102,101
205949020,134,20220111 06:48,06:45:00,07:03:00,756,1351,21,5202,405
206862020,703,20220111 06:49,06:45:00,07:00:00,1874,1565,DTS,3902,3302
204917020,146,20220111 06:50,06:55:00,07:25:00,1351,95,1,702,104
205147020,136,20220111 06:52,06:30:00,07:20:00,2235,1351,10C,402,1018
206063020,727,20220111 06:53,06:50:00,07:15:00,143,730,2A,3202,201
205190020,506,20220111 06:53,06:45:00,07:20:00,217,1351,10G,602,103
204949020,129,20220111 06:55,07:00:00,07:35:00,95,145,1,802,105
206354020,120,20220111 06:55,07:00:00,08:00:00,1883,1351,4,4802,401
206037020,126,20220111 06:57,06:20:00,06:40:00,779,12,28,3402,2801
205738020,111,20220111 06:57,06:55:00,07:25:00,145,1423,16,7202,903
206036020,126,20220111 06:58,07:00:00,07:20:00,779,12,28,3402,2801
206301020,501,20220111 07:00,07:00:00,08:00:00,1351,1876,4,5002,403
206939020,703,20220111 07:01,07:00:00,07:15:00,1566,1874,33,3902,3302
205928020,134,20220111 07:05,07:05:00,07:20:00,166,756,21,5202,405
205061020,123,20220111 07:05,07:05:00,07:35:00,145,217,10A,502,102
205148020,154,20220111 07:10,07:15:00,08:25:00,2235,2231,10C,202,1015
205251020,150,20220111 07:10,07:10:00,07:40:00,1555,1710,13,1202,1301
206132020,124,20220111 07:11,07:10:00,07:50:00,1925,1351,3,3702,302
206864020,703,20220111 07:12,07:15:00,07:30:00,1874,1565,DTS,3902,3302
204916020,506,20220111 07:15,07:20:00,07:50:00,1351,95,1,602,103
206799020,138,20220111 07:15,07:05:00,07:40:00,1710,145,9,7102,902
205078020,147,20220111 07:15,07:15:00,07:45:00,288,1351,10A,102,101
205397020,144,20220111 07:15,07:21:00,07:40:00,354,413,14,1402,1401
206018020,126,20220111 07:15,07:20:00,07:40:00,12,779,28,3402,2801
206085020,727,20220111 07:16,07:15:00,07:30:00,730,1565,2A,3202,201
206777020,135,20220111 07:18,07:21:00,08:00:00,354,1710,9,7302,904
204948020,146,20220111 07:20,07:25:00,08:00:00,95,145,1,702,104
206126020,113,20220111 07:20,07:20:00,07:55:00,1351,1925,3,3602,301
205950020,134,20220111 07:21,07:20:00,07:38:00,756,1351,21,5202,405
205396020,143,20220111 07:22,07:28:00,07:47:00,354,413,14,1502,1402
206353020,504,20220111 07:25,07:30:00,08:30:00,1883,1351,4,4902,402
205140020,136,20220111 07:25,07:30:00,08:10:00,1940,221,10C,402,1018
205762020,111,20220111 07:28,07:25:00,08:00:00,509,1555,16,7202,903
205395020,140,20220111 07:29,07:35:00,07:54:00,354,413,14,1602,1403
205189020,123,20220111 07:30,07:35:00,08:30:00,217,354,10G,502,102
206941020,703,20220111 07:33,07:30:00,07:45:00,1566,1874,33,3902,3302
205171020,129,20220111 07:34,07:35:00,08:05:00,145,288,10G,802,105
206064020,727,20220111 07:34,07:30:00,07:45:00,1565,730,2A,3202,201
205526020,144,20220111 07:40,07:40:00,07:51:00,413,400,14,1402,1401
205264020,150,20220111 07:40,07:40:00,08:10:00,1710,1589,13,1202,1301
206035020,126,20220111 07:40,07:40:00,08:00:00,779,12,28,3402,2801
205737020,138,20220111 07:41,07:40:00,08:10:00,145,1423,16,7102,902
206866020,703,20220111 07:43,07:45:00,08:00:00,1874,1565,DTS,3902,3302
205925020,134,20220111 07:44,07:45:00,08:00:00,166,756,21,5202,405
204915020,147,20220111 07:45,07:45:00,08:15:00,1351,95,1,102,101
204947020,506,20220111 07:45,07:50:00,08:25:00,95,145,1,602,103
206086020,727,20220111 07:47,07:45:00,08:00:00,730,1565,2A,3202,201
205394020,144,20220111 07:47,07:51:00,08:01:00,400,413,14,1402,1401
205511020,143,20220111 07:50,07:47:00,07:58:00,413,400,14,1502,1402
206344020,501,20220111 07:55,08:00:00,09:00:00,1883,1351,4,5002,403
205496020,140,20220111 07:56,07:54:00,08:05:00,413,400,14,1602,1403
206133020,113,20220111 07:56,07:55:00,08:55:00,1925,690,3,3602,301
205141020,124,20220111 07:57,08:00:00,08:40:00,1940,221,10C,3702,302
205380020,143,20220111 07:57,07:58:00,08:08:00,400,413,14,1502,1402
206017020,126,20220111 07:57,08:00:00,08:20:00,12,779,28,3402,2801
204914020,145,20220111 07:58,08:01:00,08:40:00,354,95,1,902,106
206943020,703,20220111 07:59,08:00:00,08:15:00,1566,1874,33,3902,3302
206065020,727,20220111 08:00,08:00:00,08:15:00,1565,730,2A,3202,201
205947020,134,20220111 08:00,08:00:00,08:18:00,756,1351,21,5202,405
206299020,120,20220111 08:00,08:00:00,09:00:00,1351,1876,4,4802,401
205525020,144,20220111 08:03,08:01:00,08:12:00,413,400,14,1402,1401
205653020,728,20220111 08:03,08:00:00,08:25:00,143,454,15A,1902,1501
205366020,140,20220111 08:03,08:05:00,08:15:00,400,413,14,1602,1403
206776020,111,20220111 08:05,08:00:00,08:30:00,1555,1710,9,7202,903
205077020,129,20220111 08:06,08:05:00,08:35:00,288,1351,10A,802,105
205149020,136,20220111 08:08,08:10:00,09:20:00,2235,2231,10C,402,1018
205060020,146,20220111 08:09,08:00:00,08:30:00,145,217,10A,702,104
204946020,147,20220111 08:10,08:15:00,08:50:00,95,145,1,102,101
205250020,150,20220111 08:10,08:10:00,08:40:00,1555,1710,13,1202,1301
206868020,703,20220111 08:11,08:15:00,08:30:00,1874,1565,DTS,3902,3302
205498020,143,20220111 08:13,08:08:00,08:19:00,413,400,14,1502,1402
206087020,727,20220111 08:13,08:15:00,08:30:00,730,1565,2A,3202,201
205393020,144,20220111 08:13,08:12:00,08:22:00,400,413,14,1402,1401
205761020,138,20220111 08:13,08:10:00,08:40:00,509,1555,16,7102,902
205495020,140,20220111 08:17,08:15:00,08:26:00,413,400,14,1602,1403
206034020,126,20220111 08:18,08:20:00,08:45:00,779,12,28,3402,2801
205911020,134,20220111 08:18,08:20:00,08:35:00,166,756,21,5202,405
205379020,143,20220111 08:19,08:19:00,08:29:00,400,413,14,1502,1402
205668020,728,20220111 08:20,08:25:00,08:50:00,454,143,15A,1902,1501
205524020,144,20220111 08:23,08:22:00,08:33:00,413,400,14,1402,1401
205188020,146,20220111 08:25,08:30:00,09:20:00,217,354,10G,702,104
205365020,140,20220111 08:25,08:26:00,08:36:00,400,413,14,1602,1403
206300020,504,20220111 08:25,08:30:00,09:30:00,1351,1876,4,4902,402
205170020,506,20220111 08:25,08:25:00,08:55:00,145,288,10G,602,103
205392020,144,20220111 08:29,08:33:00,08:43:00,400,413,14,1402,1401
206066020,727,20220111 08:30,08:30:00,08:45:00,1565,730,2A,3202,201
206945020,703,20220111 08:30,08:30:00,08:45:00,1566,1874,33,3902,3302
205510020,143,20220111 08:31,08:29:00,08:40:00,413,400,14,1502,1402
206797020,111,20220111 08:32,08:30:00,09:00:00,1710,145,9,7202,903
204913020,129,20220111 08:33,08:35:00,09:05:00,1351,95,1,802,105
205150020,124,20220111 08:35,08:40:00,09:29:00,2235,1351,10C,3702,302
205494020,140,20220111 08:37,08:36:00,08:47:00,413,400,14,1602,1403
205933020,134,20220111 08:37,08:35:00,08:53:00,756,1351,21,5202,405
205263020,150,20220111 08:40,08:40:00,09:10:00,1710,1589,13,1202,1301
205378020,143,20220111 08:41,08:40:00,08:50:00,400,413,14,1502,1402
206016020,126,20220111 08:41,08:45:00,09:05:00,12,779,28,3402,2801
206870020,703,20220111 08:41,08:45:00,09:00:00,1874,1565,DTS,3902,3302
206775020,138,20220111 08:44,08:40:00,09:10:00,1555,1710,9,7102,902
205523020,144,20220111 08:46,08:43:00,08:54:00,413,400,14,1402,1401
206088020,727,20220111 08:46,08:45:00,09:00:00,730,1565,2A,3202,201
204888020,119,20220111 08:46,08:51:00,09:30:00,354,95,1,1002,107
205364020,140,20220111 08:49,08:47:00,08:57:00,400,413,14,1602,1403
205059020,147,20220111 08:50,08:50:00,09:20:00,145,217,10A,102,101
205509020,143,20220111 08:51,08:50:00,09:01:00,413,400,14,1502,1402
205736020,135,20220111 08:51,08:30:00,09:00:00,145,1423,16,7302,904
205391020,144,20220111 08:54,08:54:00,09:04:00,400,413,14,1402,1401
206342020,120,20220111 08:55,09:00:00,10:00:00,1883,1351,4,4802,401
206067020,727,20220111 08:55,09:00:00,09:15:00,1565,730,2A,3202,201
205920020,134,20220111 08:55,08:55:00,09:10:00,166,756,21,5202,405
205735020,111,20220111 08:57,09:00:00,09:30:00,145,1423,16,7202,903
205068020,506,20220111 08:58,08:55:00,09:25:00,288,1351,10A,602,103
206947020,703,20220111 08:59,09:00:00,09:15:00,1566,1874,33,3902,3302
206298020,501,20220111 09:00,09:00:00,10:00:00,1351,1876,4,5002,403
205493020,140,20220111 09:00,08:57:00,09:08:00,413,400,14,1602,1403
205760020,135,20220111 09:00,09:00:00,09:50:00,2086,354,16,7302,904
204944020,129,20220111 09:03,09:05:00,09:40:00,95,145,1,802,105
205522020,144,20220111 09:03,09:04:00,09:15:00,413,400,14,1402,1401
206033020,126,20220111 09:03,09:05:00,09:30:00,779,12,28,3402,2801
205652020,728,20220111 09:04,08:50:00,09:15:00,143,454,15A,1902,1501
205377020,143,20220111 09:04,09:01:00,09:11:00,400,413,14,1502,1402
205363020,140,20220111 09:09,09:08:00,09:18:00,400,413,14,1602,1403
206872020,703,20220111 09:10,09:15:00,09:30:00,1874,1565,DTS,3902,3302
205942020,134,20220111 09:11,09:10:00,09:40:00,756,690,21,5202,405
205249020,150,20220111 09:13,09:10:00,09:40:00,1555,1710,13,1202,1301
205390020,144,20220111 09:13,09:15:00,09:25:00,400,413,14,1402,1401
206089020,727,20220111 09:15,09:15:00,09:30:00,730,1565,2A,3202,201
205187020,147,20220111 09:15,09:20:00,09:50:00,217,1351,10G,102,101
205508020,143,20220111 09:16,09:11:00,09:22:00,413,400,14,1502,1402
205169020,145,20220111 09:17,09:15:00,09:45:00,145,288,10G,902,106
206792020,138,20220111 09:18,09:10:00,09:40:00,1710,145,9,7102,902
205667020,728,20220111 09:18,09:15:00,09:40:00,454,143,15A,1902,1501
204912020,506,20220111 09:20,09:25:00,09:55:00,1351,95,1,602,103
205492020,140,20220111 09:20,09:18:00,09:29:00,413,400,14,1602,1403
206774020,136,20220111 09:21,09:11:00,09:50:00,354,1710,9,7402,905
205376020,143,20220111 09:24,09:22:00,09:32:00,400,413,14,1502,1402
206343020,504,20220111 09:25,09:30:00,10:45:00,1878,690,4,4902,402
206015020,126,20220111 09:25,09:30:00,09:55:00,12,779,28,3402,2801
205521020,144,20220111 09:25,09:25:00,09:36:00,413,400,14,1402,1401
206949020,703,20220111 09:28,09:30:00,09:45:00,1566,1874,33,3902,3302
205759020,111,20220111 09:29,09:30:00,10:05:00,509,1555,16,7202,903
206068020,727,20220111 09:30,09:30:00,09:45:00,1565,730,2A,3202,201
205924020,124,20220111 09:31,09:30:00,09:45:00,166,756,21,3702,302
205362020,140,20220111 09:33,09:29:00,09:39:00,400,413,14,1602,1403
205507020,143,20220111 09:33,09:32:00,09:43:00,413,400,14,1502,1402
205389020,144,20220111 09:38,09:36:00,09:46:00,400,413,14,1402,1401
206874020,703,20220111 09:40,09:45:00,10:00:00,1874,1565,DTS,3902,3302
205262020,150,20220111 09:40,09:40:00,10:20:00,1710,690,13,1202,1301
205375020,143,20220111 09:40,09:43:00,09:53:00,400,413,14,1502,1402
205058020,129,20220111 09:41,09:40:00,10:10:00,145,217,10A,802,105
205491020,140,20220111 09:42,09:39:00,09:50:00,413,400,14,1602,1403
205734020,138,20220111 09:42,09:40:00,10:10:00,145,1423,16,7102,902
205076020,145,20220111 09:43,09:45:00,10:15:00,288,1351,10A,902,106
206090020,727,20220111 09:46,09:45:00,10:00:00,730,1565,2A,3202,201
205520020,144,20220111 09:47,09:46:00,09:57:00,413,400,14,1402,1401
204911020,147,20220111 09:48,09:50:00,10:20:00,1351,95,1,102,101
206032020,126,20220111 09:50,09:55:00,10:20:00,779,12,28,3402,2801
206796020,136,20220111 09:50,09:50:00,10:20:00,1710,145,9,7402,905
205946020,124,20220111 09:50,09:45:00,10:03:00,756,1351,21,3702,302
205651020,728,20220111 09:51,09:40:00,10:05:00,143,454,15A,1902,1501
205361020,140,20220111 09:52,09:50:00,10:00:00,400,413,14,1602,1403
205388020,144,20220111 09:53,09:57:00,10:07:00,400,413,14,1402,1401
205506020,143,20220111 09:55,09:53:00,10:04:00,413,400,14,1502,1402
204942020,506,20220111 09:55,09:55:00,10:30:00,95,145,1,602,103
206341020,501,20220111 09:56,10:00:00,11:00:00,1883,1351,4,5002,403
206062020,727,20220111 09:57,10:00:00,10:15:00,1565,730,2A,3202,201
206951020,703,20220111 10:01,10:00:00,10:15:00,1566,1874,33,3902,3302
206297020,120,20220111 10:01,10:00:00,11:00:00,1351,1876,4,4802,401
205490020,140,20220111 10:02,10:00:00,10:11:00,413,400,14,1602,1403
205374020,143,20220111 10:02,10:04:00,10:14:00,400,413,14,1502,1402
205248020,135,20220111 10:03,10:06:00,10:45:00,354,1710,13,1302,1351
205907020,124,20220111 10:03,10:05:00,10:20:00,166,756,21,3702,302
205519020,144,20220111 10:08,10:07:00,10:18:00,413,400,14,1402,1401
205666020,728,20220111 10:08,10:05:00,10:30:00,454,143,15A,1902,1501
205360020,140,20220111 10:09,10:11:00,10:21:00,400,413,14,1602,1403
204910020,145,20220111 10:10,10:15:00,10:45:00,1351,95,1,902,106
205758020,138,20220111 10:10,10:10:00,10:40:00,509,1555,16,7102,902
206773020,111,20220111 10:11,10:05:00,10:35:00,1555,1710,9,7202,903
205186020,129,20220111 10:14,10:10:00,10:45:00,217,1351,10G,802,105
206877020,703,20220111 10:15,10:20:00,10:35:00,1874,1565,DTS,3902,3302
206282020,752,20220111 10:15,10:21:00,11:30:00,354,1876,4,8102,955
204957020,147,20220111 10:15,10:20:00,10:55:00,95,145,1,102,101
206084020,727,20220111 10:16,10:15:00,10:30:00,730,1565,2A,3202,201
205497020,143,20220111 10:16,10:14:00,10:25:00,413,400,14,1502,1402
206021020,126,20220111 10:17,10:20:00,10:45:00,12,779,28,3402,2801
205168020,119,20220111 10:20,10:05:00,10:35:00,145,288,10G,1002,107
205929020,124,20220111 10:21,10:20:00,10:38:00,756,1351,21,3702,302
205489020,140,20220111 10:22,10:21:00,10:32:00,413,400,14,1602,1403
205387020,144,20220111 10:25,10:18:00,10:28:00,400,413,14,1402,1401
205733020,136,20220111 10:25,10:20:00,10:50:00,145,1423,16,7402,905
205367020,143,20220111 10:26,10:25:00,10:35:00,400,413,14,1502,1402
206061020,727,20220111 10:30,10:30:00,10:45:00,1565,730,2A,3202,201
205057020,506,20220111 10:31,10:30:00,11:00:00,145,217,10A,602,103
205075020,119,20220111 10:33,10:35:00,11:05:00,288,1351,10A,1002,107
206954020,703,20220111 10:33,10:35:00,10:50:00,1566,1874,33,3902,3302
205359020,140,20220111 10:35,10:32:00,10:42:00,400,413,14,1602,1403
205518020,144,20220111 10:36,10:28:00,10:39:00,413,400,14,1402,1401
206791020,111,20220111 10:37,10:35:00,11:05:00,1710,145,9,7202,903
205926020,124,20220111 10:37,10:40:00,10:55:00,166,756,21,3702,302
205505020,143,20220111 10:38,10:35:00,10:46:00,413,400,14,1502,1402
206038020,126,20220111 10:40,10:45:00,11:30:00,779,690,28,3402,2801
205386020,144,20220111 10:43,10:39:00,10:49:00,400,413,14,1402,1401
204956020,145,20220111 10:44,10:45:00,11:20:00,95,145,1,902,106
204909020,129,20220111 10:44,10:45:00,11:15:00,1351,95,1,802,105
206083020,727,20220111 10:44,10:45:00,11:00:00,730,1565,2A,3202,201
206880020,703,20220111 10:45,10:50:00,11:05:00,1874,1565,DTS,3902,3302
205261020,135,20220111 10:45,10:45:00,11:15:00,1710,1589,13,1302,1351
205373020,143,20220111 10:46,10:46:00,10:56:00,400,413,14,1502,1402
205650020,728,20220111 10:47,10:30:00,10:55:00,143,454,15A,1902,1501
205488020,140,20220111 10:49,10:42:00,10:53:00,413,400,14,1602,1403
205923020,112,20220111 10:51,10:56:00,11:20:00,354,756,21,5402,407
206772020,138,20220111 10:51,10:45:00,11:15:00,1555,1710,9,7102,902
205517020,144,20220111 10:53,10:49:00,11:00:00,413,400,14,1402,1401
206340020,120,20220111 10:55,11:00:00,12:00:00,1883,1351,4,4802,401
205167020,147,20220111 10:56,10:55:00,11:25:00,145,288,10G,102,101
205358020,140,20220111 10:56,10:53:00,11:03:00,400,413,14,1602,1403
205757020,136,20220111 10:56,10:50:00,11:25:00,509,1555,16,7402,905
206022020,134,20220111 10:57,11:01:00,11:35:00,354,779,28,3502,2802
205504020,143,20220111 10:58,10:56:00,11:07:00,413,400,14,1502,1402
205185020,506,20220111 10:59,11:00:00,11:55:00,217,354,10G,602,103
204921020,119,20220111 11:00,11:05:00,11:35:00,1351,95,1,1002,107
205385020,144,20220111 11:00,11:00:00,11:10:00,400,413,14,1402,1401
205948020,124,20220111 11:01,10:55:00,11:20:00,756,690,21,3702,302
206296020,501,20220111 11:02,11:00:00,12:00:00,1351,1876,4,5002,403
205665020,728,20220111 11:02,10:55:00,11:20:00,454,143,15A,1902,1501
206060020,727,20220111 11:02,11:00:00,11:15:00,1565,730,2A,3202,201
205732020,111,20220111 11:04,11:05:00,11:40:00,145,1423,16,7202,903
206957020,703,20220111 11:05,11:05:00,11:20:00,1566,1874,33,3902,3302
205372020,143,20220111 11:07,11:07:00,11:17:00,400,413,14,1502,1402
205487020,140,20220111 11:07,11:03:00,11:14:00,413,400,14,1602,1403
205516020,144,20220111 11:09,11:10:00,11:21:00,413,400,14,1402,1401
204955020,129,20220111 11:10,11:15:00,12:00:00,95,690,1,802,105
205357020,140,20220111 11:13,11:14:00,11:24:00,400,413,14,1602,1403
206082020,727,20220111 11:14,11:15:00,11:30:00,730,1565,2A,3202,201
206883020,703,20220111 11:15,11:20:00,11:35:00,1874,1565,DTS,3902,3302
205247020,135,20220111 11:16,11:15:00,11:45:00,1555,1710,13,1302,1351
205384020,144,20220111 11:16,11:21:00,11:31:00,400,413,14,1402,1401
205503020,143,20220111 11:19,11:17:00,11:28:00,413,400,14,1502,1402
204908020,123,20220111 11:20,11:26:00,12:05:00,354,95,1,2502,152
205056020,145,20220111 11:21,11:20:00,11:50:00,145,217,10A,902,106
205074020,147,20220111 11:22,11:25:00,11:55:00,288,1351,10A,102,101
205486020,140,20220111 11:25,11:24:00,11:35:00,413,400,14,1602,1403
206771020,136,20220111 11:26,11:25:00,11:55:00,1555,1710,9,7402,905
205371020,143,20220111 11:26,11:28:00,11:38:00,400,413,14,1502,1402
207272020,146,20220111 11:26,11:31:00,11:55:00,354,756,21,2602,153
206790020,138,20220111 11:28,11:15:00,11:45:00,1710,145,9,7102,902
206324020,752,20220111 11:28,11:30:00,12:30:00,1883,1351,4,8102,955
205649020,728,20220111 11:29,11:20:00,11:45:00,143,454,15A,1902,1501
206059020,727,20220111 11:29,11:30:00,11:45:00,1565,730,2A,3202,201
204954020,119,20220111 11:30,11:35:00,12:25:00,95,690,1,1002,107
205515020,144,20220111 11:32,11:31:00,11:42:00,413,400,14,1402,1401
205356020,140,20220111 11:33,11:35:00,11:45:00,400,413,14,1602,1403
206960020,703,20220111 11:34,11:35:00,11:50:00,1566,1874,33,3902,3302
205756020,111,20220111 11:35,11:40:00,12:15:00,509,1555,16,7202,903
205166020,504,20220111 11:37,11:36:00,12:20:00,354,288,10G,1102,108
205502020,143,20220111 11:39,11:38:00,11:49:00,413,400,14,1502,1402
205383020,144,20220111 11:41,11:42:00,11:52:00,400,413,14,1402,1401
205184020,145,20220111 11:45,11:50:00,12:45:00,217,354,10G,902,106
206886020,703,20220111 11:46,11:50:00,12:05:00,1874,1565,DTS,3902,3302
205370020,143,20220111 11:46,11:49:00,11:59:00,400,413,14,1502,1402
205664020,728,20220111 11:46,11:45:00,12:10:00,454,143,15A,1902,1501
206081020,727,20220111 11:47,11:45:00,12:00:00,730,1565,2A,3202,201
205260020,135,20220111 11:47,11:45:00,12:15:00,1710,1589,13,1302,1351
205485020,140,20220111 11:49,11:45:00,11:56:00,413,400,14,1602,1403
205514020,144,20220111 11:52,11:52:00,12:03:00,413,400,14,1402,1401
205731020,138,20220111 11:55,11:45:00,12:20:00,145,1423,16,7102,902
204907020,147,20220111 11:55,11:55:00,12:25:00,1351,95,1,102,101
206339020,501,20220111 11:55,12:00:00,13:20:00,1878,690,4,5002,403
206795020,136,20220111 11:55,11:55:00,12:25:00,1710,145,9,7402,905
205355020,140,20220111 11:55,11:56:00,12:06:00,400,413,14,1602,1403
207273020,146,20220111 11:56,11:55:00,12:20:00,756,1351,21,2602,153
205922020,154,20220111 11:58,11:56:00,12:20:00,354,756,21,5502,408
206058020,727,20220111 12:01,12:00:00,12:15:00,1565,730,2A,3202,201
205501020,143,20220111 12:01,11:59:00,12:10:00,413,400,14,1502,1402
206963020,703,20220111 12:03,12:05:00,12:20:00,1566,1874,33,3902,3302
206285020,120,20220111 12:04,12:00:00,13:00:00,1351,1876,4,4802,401
205382020,144,20220111 12:06,12:03:00,12:13:00,400,413,14,1402,1401
206023020,134,20220111 12:06,12:00:00,12:25:00,12,779,28,3502,2802
204953020,123,20220111 12:07,12:05:00,12:40:00,95,145,1,2502,152
205369020,143,20220111 12:12,12:10:00,12:20:00,400,413,14,1502,1402
205484020,140,20220111 12:12,12:06:00,12:17:00,413,400,14,1602,1403
206770020,111,20220111 12:15,12:15:00,12:45:00,1555,1710,9,7202,903
205513020,144,20220111 12:16,12:13:00,12:24:00,413,400,14,1402,1401
206080020,727,20220111 12:17,12:15:00,12:30:00,730,1565,2A,3202,201
205918020,506,20220111 12:20,12:26:00,12:50:00,354,756,21,5702,452
204906020,146,20220111 12:20,12:25:00,13:00:00,1351,95,1,2602,153
204952020,147,20220111 12:20,12:25:00,12:55:00,95,145,1,102,101
205354020,140,20220111 12:20,12:17:00,12:27:00,400,413,14,1602,1403
206889020,703,20220111 12:20,12:20:00,12:35:00,1874,1565,DTS,3902,3302
205073020,504,20220111 12:22,12:20:00,12:50:00,288,1351,10A,1102,108
205246020,135,20220111 12:22,12:15:00,12:45:00,1555,1710,13,1302,1351
205381020,144,20220111 12:22,12:24:00,12:34:00,400,413,14,1402,1401
206040020,134,20220111 12:23,12:25:00,12:50:00,779,12,28,3502,2802
205500020,143,20220111 12:24,12:20:00,12:31:00,413,400,14,1502,1402
205755020,138,20220111 12:24,12:20:00,12:55:00,509,1555,16,7102,902
206294020,112,20220111 12:26,11:45:00,12:45:00,1351,1876,4,5402,407
205483020,140,20220111 12:28,12:27:00,12:37:00,413,400,14,1602,1403
206057020,727,20220111 12:28,12:30:00,12:45:00,1565,730,2A,3202,201
206293020,752,20220111 12:29,12:30:00,13:30:00,1351,1876,4,8102,955
205750020,136,20220111 12:30,12:25:00,13:00:00,145,1423,16,7402,905
205368020,143,20220111 12:30,12:31:00,12:41:00,400,413,14,1502,1402
206966020,703,20220111 12:33,12:35:00,12:50:00,1566,1874,33,3902,3302
205512020,144,20220111 12:34,12:34:00,12:44:00,413,400,14,1402,1401
205053020,124,20220111 12:35,12:41:00,13:25:00,354,217,10A,302,1016
205328020,140,20220111 12:36,12:37:00,12:47:00,400,413,14,1602,1403
205353020,144,20220111 12:39,12:44:00,12:54:00,400,413,14,1402,1401
205499020,143,20220111 12:41,12:41:00,12:51:00,413,400,14,1502,1402
205165020,123,20220111 12:42,12:40:00,13:10:00,145,288,10G,2502,152
206079020,727,20220111 12:44,12:45:00,13:00:00,730,1565,2A,3202,201
204905020,504,20220111 12:45,12:50:00,13:25:00,1351,95,1,1102,108
206292020,129,20220111 12:45,12:51:00,14:00:00,354,1876,4,6402,459
206337020,112,20220111 12:46,12:45:00,13:45:00,1883,1351,4,5402,407
206789020,111,20220111 12:46,12:45:00,13:15:00,1710,145,9,7202,903
205259020,135,20220111 12:46,12:45:00,13:15:00,1710,1589,13,1302,1351
205458020,140,20220111 12:46,12:47:00,12:57:00,413,400,14,1602,1403
205331020,143,20220111 12:47,12:51:00,13:01:00,400,413,14,1502,1402
206892020,703,20220111 12:48,12:50:00,13:05:00,1874,1565,DTS,3902,3302
206024020,134,20220111 12:50,12:50:00,13:15:00,12,779,28,3502,2802
205482020,144,20220111 12:55,12:54:00,13:04:00,413,400,14,1402,1401
207274020,147,20220111 12:55,13:00:00,13:15:00,166,756,21,102,101
205327020,140,20220111 12:56,12:57:00,13:07:00,400,413,14,1602,1403
204941020,146,20220111 12:57,13:00:00,13:35:00,95,145,1,2602,153
205460020,143,20220111 12:58,13:01:00,13:11:00,413,400,14,1502,1402
205352020,144,20220111 13:01,13:04:00,13:14:00,400,413,14,1402,1401
205765020,136,20220111 13:01,13:00:00,13:35:00,509,1555,16,7402,905
206056020,727,20220111 13:02,13:00:00,13:15:00,1565,730,2A,3202,201
206327020,120,20220111 13:02,13:00:00,14:20:00,1878,690,4,4802,401
206969020,703,20220111 13:04,13:05:00,13:20:00,1566,1874,33,3902,3302
206769020,138,20220111 13:07,12:55:00,13:25:00,1555,1710,9,7102,902
205433020,140,20220111 13:07,13:07:00,13:17:00,413,400,14,1602,1403
205330020,143,20220111 13:07,13:11:00,13:21:00,400,413,14,1502,1402
206270020,506,20220111 13:11,13:15:00,14:15:00,1351,1876,4,5702,452
205749020,111,20220111 13:12,13:15:00,13:50:00,145,1423,16,7202,903
205326020,140,20220111 13:14,13:17:00,13:27:00,400,413,14,1602,1403
205481020,144,20220111 13:14,13:14:00,13:24:00,413,400,14,1402,1401
206895020,703,20220111 13:15,13:20:00,13:35:00,1874,1565,DTS,3902,3302
205142020,150,20220111 13:15,13:16:00,14:10:00,2092,221,10C,2302,1515
206041020,134,20220111 13:15,13:15:00,13:40:00,779,12,28,3502,2802
205241020,135,20220111 13:18,13:15:00,13:45:00,1555,1710,13,1302,1351
207275020,147,20220111 13:18,13:15:00,13:45:00,756,690,21,102,101
206078020,727,20220111 13:19,13:15:00,13:30:00,730,1565,2A,3202,201
205069020,123,20220111 13:19,13:10:00,13:30:00,288,1351,10A,2502,152
205459020,143,20220111 13:22,13:21:00,13:31:00,413,400,14,1502,1402
205921020,113,20220111 13:23,13:21:00,13:45:00,354,756,21,6502,460
204940020,504,20220111 13:25,13:25:00,14:00:00,95,145,1,1102,108
206336020,752,20220111 13:25,13:30:00,14:30:00,1883,1351,4,8102,955
205182020,124,20220111 13:25,13:25:00,14:00:00,217,1351,10G,302,1016
206283020,154,20220111 13:26,12:45:00,13:45:00,1351,1876,4,5502,408
205351020,144,20220111 13:27,13:24:00,13:34:00,400,413,14,1402,1401
205329020,143,20220111 13:29,13:31:00,13:41:00,400,413,14,1502,1402
205432020,140,20220111 13:29,13:27:00,13:37:00,413,400,14,1602,1403
206055020,727,20220111 13:33,13:30:00,13:45:00,1565,730,2A,3202,201
205164020,146,20220111 13:35,13:35:00,14:05:00,145,288,10G,2602,153
206972020,703,20220111 13:36,13:35:00,13:50:00,1566,1874,33,3902,3302
206768020,136,20220111 13:37,13:35:00,14:05:00,1555,1710,9,7402,905
205325020,140,20220111 13:37,13:37:00,13:47:00,400,413,14,1602,1403
205480020,144,20220111 13:38,13:34:00,13:44:00,413,400,14,1402,1401
204904020,123,20220111 13:38,13:40:00,14:15:00,1351,95,1,2502,152
206794020,138,20220111 13:39,13:25:00,13:55:00,1710,145,9,7102,902
206325020,154,20220111 13:40,13:45:00,15:05:00,1878,690,4,5502,408
205191020,133,20220111 13:41,13:50:00,14:25:00,217,1351,10G,5902,454
206025020,134,20220111 13:43,13:40:00,14:05:00,12,779,28,3502,2802
205431020,143,20220111 13:44,13:41:00,13:51:00,413,400,14,1502,1402
205350020,144,20220111 13:44,13:44:00,13:54:00,400,413,14,1402,1401
205777020,111,20220111 13:45,13:50:00,14:40:00,2086,354,16,7202,903
206898020,703,20220111 13:45,13:50:00,14:05:00,1874,1565,DTS,3902,3302
205412020,140,20220111 13:47,13:47:00,13:57:00,413,400,14,1602,1403
206281020,112,20220111 13:47,13:45:00,14:45:00,1351,1876,4,5402,407
205258020,135,20220111 13:47,13:45:00,14:15:00,1710,1589,13,1302,1351
205324020,143,20220111 13:49,13:51:00,14:01:00,400,413,14,1502,1402
206290020,145,20220111 13:50,13:56:00,15:05:00,354,1876,4,5802,453
206077020,727,20220111 13:50,13:45:00,14:00:00,730,1565,2A,3202,201
205943020,113,20220111 13:51,13:45:00,14:03:00,756,1351,21,6502,460
206767020,126,20220111 13:54,13:51:00,14:30:00,354,1710,9,7702,951
205305020,140,20220111 13:54,13:57:00,14:07:00,400,413,14,1602,1403
205479020,144,20220111 13:55,13:54:00,14:04:00,413,400,14,1402,1401
204903020,124,20220111 13:56,14:00:00,14:35:00,1351,95,1,302,1016
206335020,129,20220111 13:59,14:00:00,15:20:00,1878,690,4,6402,459
206042020,134,20220111 14:00,14:05:00,14:30:00,779,12,28,3502,2802
205163020,504,20220111 14:00,14:00:00,14:30:00,145,288,10G,1102,108
205430020,143,20220111 14:01,14:01:00,14:11:00,413,400,14,1502,1402
206054020,727,20220111 14:02,14:00:00,14:15:00,1565,730,2A,3202,201
206975020,703,20220111 14:03,14:05:00,14:20:00,1566,1874,33,3902,3302
205349020,144,20220111 14:04,14:04:00,14:14:00,400,413,14,1402,1401
205730020,138,20220111 14:04,13:55:00,14:30:00,145,1423,16,7102,902
205052020,147,20220111 14:05,14:11:00,14:55:00,354,217,10A,2702,154
206788020,136,20220111 14:05,14:05:00,14:35:00,1710,145,9,7402,905
205411020,140,20220111 14:07,14:07:00,14:17:00,413,400,14,1602,1403
205072020,146,20220111 14:09,14:05:00,14:35:00,288,1351,10A,2602,153
205323020,143,20220111 14:09,14:11:00,14:21:00,400,413,14,1502,1402
205919020,113,20220111 14:09,14:05:00,14:25:00,166,756,21,6502,460
204939020,123,20220111 14:11,14:15:00,15:00:00,95,690,1,2502,152
205478020,144,20220111 14:13,14:14:00,14:24:00,413,400,14,1402,1401
206314020,506,20220111 14:15,14:15:00,15:20:00,1883,1555,4,5702,452
205304020,140,20220111 14:17,14:17:00,14:27:00,400,413,14,1602,1403
206076020,727,20220111 14:19,14:15:00,14:45:00,730,143,2A,3202,201
205913020,119,20220111 14:20,14:16:00,14:40:00,354,756,21,6002,455
205429020,143,20220111 14:22,14:21:00,14:31:00,413,400,14,1502,1402
206279020,133,20220111 14:24,14:25:00,15:25:00,1351,1876,4,5902,454
205245020,135,20220111 14:24,14:15:00,14:45:00,1555,1710,13,1302,1351
205410020,140,20220111 14:26,14:27:00,14:37:00,413,400,14,1602,1403
205348020,144,20220111 14:27,14:24:00,14:34:00,400,413,14,1402,1401
205322020,143,20220111 14:27,14:31:00,14:41:00,400,413,14,1502,1402
205941020,113,20220111 14:28,14:25:00,14:45:00,756,1351,21,6502,460
204902020,146,20220111 14:30,14:35:00,15:10:00,1351,95,1,2602,153
204938020,124,20220111 14:30,14:35:00,15:10:00,95,145,1,302,1016
206026020,134,20220111 14:30,14:30:00,14:55:00,12,779,28,3502,2802
206053020,725,20220111 14:35,14:15:00,14:45:00,143,730,2A,3302,252
205748020,136,20220111 14:35,14:35:00,15:10:00,145,1423,16,7402,905
205477020,144,20220111 14:36,14:34:00,14:44:00,413,400,14,1402,1401
205303020,140,20220111 14:36,14:37:00,14:47:00,400,413,14,1602,1403
206766020,752,20220111 14:38,14:30:00,15:00:00,1555,1710,9,8102,955
205754020,138,20220111 14:39,14:30:00,15:20:00,2086,354,16,7102,902
205747020,501,20220111 14:40,14:46:00,15:35:00,354,1423,16,7802,952
206323020,112,20220111 14:40,14:45:00,16:05:00,1878,690,4,5402,407
205071020,504,20220111 14:40,14:30:00,15:00:00,288,1351,10A,1102,108
205428020,143,20220111 14:41,14:41:00,14:51:00,413,400,14,1502,1402
205151020,150,20220111 14:43,14:10:00,15:20:00,2235,2231,10C,2302,1515
205347020,144,20220111 14:45,14:44:00,14:54:00,400,413,14,1402,1401
206075020,725,20220111 14:46,14:45:00,15:00:00,730,1565,2A,3302,252
205409020,140,20220111 14:46,14:47:00,14:57:00,413,400,14,1602,1403
205912020,120,20220111 14:47,14:51:00,15:15:00,354,756,21,7902,953
206271020,113,20220111 14:47,14:45:00,15:45:00,1351,1876,4,6502,460
205321020,143,20220111 14:49,14:51:00,15:01:00,400,413,14,1502,1402
205257020,135,20220111 14:50,14:45:00,15:15:00,1710,1589,13,1302,1351
206043020,134,20220111 14:50,14:55:00,15:20:00,779,12,28,3502,2802
205302020,140,20220111 14:53,14:57:00,15:07:00,400,413,14,1602,1403
205476020,144,20220111 14:56,14:54:00,15:04:00,413,400,14,1402,1401
205935020,119,20220111 14:57,14:40:00,15:00:00,756,1351,21,6002,455
204901020,504,20220111 14:58,15:00:00,15:35:00,1351,95,1,1102,108
206765020,152,20220111 14:58,15:01:00,15:40:00,354,1710,9,8002,954
206333020,145,20220111 15:00,15:05:00,16:05:00,1883,1351,4,5802,453
206052020,725,20220111 15:01,15:00:00,15:15:00,1565,730,2A,3302,252
205427020,143,20220111 15:03,15:01:00,15:11:00,413,400,14,1502,1402
206786020,752,20220111 15:05,15:00:00,15:30:00,1710,145,9,8102,955
205346020,144,20220111 15:05,15:04:00,15:14:00,400,413,14,1402,1401
205181020,147,20220111 15:06,14:55:00,15:30:00,217,1351,10G,2702,154
205408020,140,20220111 15:08,15:07:00,15:17:00,413,400,14,1602,1403
204937020,146,20220111 15:09,15:10:00,15:45:00,95,145,1,2602,153
206289020,119,20220111 15:09,15:00:00,16:00:00,1351,1876,4,6002,455
205776020,136,20220111 15:10,15:10:00,15:45:00,509,1555,16,7402,905
205320020,143,20220111 15:10,15:11:00,15:21:00,400,413,14,1502,1402
205162020,124,20220111 15:14,15:10:00,15:40:00,145,288,10G,302,1016
205475020,144,20220111 15:15,15:14:00,15:24:00,413,400,14,1402,1401
205915020,506,20220111 15:16,15:20:00,15:40:00,166,756,21,5702,452
206074020,725,20220111 15:17,15:15:00,15:30:00,730,1565,2A,3302,252
206787020,126,20220111 15:19,14:30:00,15:10:00,1710,690,9,7702,951
206321020,133,20220111 15:20,15:25:00,16:45:00,1878,690,4,5902,454
205934020,120,20220111 15:20,15:15:00,15:30:00,756,145,21,7902,953
205345020,144,20220111 15:21,15:24:00,15:34:00,400,413,14,1402,1401
205426020,143,20220111 15:23,15:21:00,15:31:00,413,400,14,1502,1402
206051020,725,20220111 15:25,15:30:00,15:45:00,1565,730,2A,3302,252
205244020,135,20220111 15:25,15:15:00,15:45:00,1555,1710,13,1302,1351
206287020,132,20220111 15:30,15:36:00,16:45:00,354,1876,4,6102,456
204900020,147,20220111 15:30,15:30:00,16:05:00,1351,95,1,2702,154
205746020,120,20220111 15:31,15:30:00,16:05:00,145,1423,16,7902,953
206027020,134,20220111 15:31,15:20:00,15:45:00,12,779,28,3502,2802
205319020,143,20220111 15:32,15:31:00,15:41:00,400,413,14,1502,1402
205775020,501,20220111 15:33,15:35:00,16:10:00,509,1555,16,7802,952
204936020,504,20220111 15:35,15:35:00,16:10:00,95,145,1,1102,108
206759020,752,20220111 15:35,15:40:00,16:10:00,1555,1710,9,8102,955
205474020,144,20220111 15:35,15:34:00,15:44:00,413,400,14,1402,1401
205301020,140,20220111 15:37,15:17:00,15:27:00,400,413,14,1602,1403
205937020,506,20220111 15:40,15:40:00,15:55:00,756,145,21,5702,452
205425020,143,20220111 15:43,15:41:00,15:51:00,413,400,14,1502,1402
206793020,152,20220111 15:43,15:40:00,16:10:00,1710,145,9,8002,954
205051020,146,20220111 15:44,15:45:00,16:15:00,145,217,10A,2602,153
205914020,137,20220111 15:45,15:51:00,16:15:00,354,756,21,6202,457
206332020,113,20220111 15:45,15:45:00,16:45:00,1883,1351,4,6502,460
205407020,140,20220111 15:47,15:27:00,15:37:00,413,400,14,1602,1403
205138020,130,20220111 15:47,15:51:00,16:45:00,2092,221,10C,3102,159
205344020,144,20220111 15:47,15:44:00,15:54:00,400,413,14,1402,1401
205318020,143,20220111 15:49,15:51:00,16:01:00,400,413,14,1502,1402
205139020,136,20220111 15:50,15:50:00,16:25:00,1940,221,10C,7402,905
206073020,725,20220111 15:52,15:45:00,16:00:00,730,1565,2A,3302,252
205070020,124,20220111 15:52,15:40:00,16:30:00,288,690,10A,302,1016
205300020,140,20220111 15:53,15:37:00,15:47:00,400,413,14,1602,1403
204899020,506,20220111 15:55,16:00:00,16:35:00,1351,95,1,5702,452
205473020,144,20220111 15:57,15:54:00,16:04:00,413,400,14,1402,1401
204935020,147,20220111 16:00,16:05:00,16:40:00,95,145,1,2702,154
205256020,135,20220111 16:00,15:45:00,16:15:00,1710,1589,13,1302,1351
206050020,725,20220111 16:02,16:00:00,16:15:00,1565,730,2A,3302,252
206125020,129,20220111 16:03,16:06:00,17:05:00,2092,1925,3,4702,353
205343020,144,20220111 16:04,16:04:00,16:14:00,400,413,14,1402,1401
206044020,134,20220111 16:04,15:45:00,16:10:00,779,12,28,3502,2802
205424020,143,20220111 16:04,16:01:00,16:11:00,413,400,14,1502,1402
204898020,154,20220111 16:05,16:11:00,16:55:00,354,95,1,2802,155
206764020,501,20220111 16:05,16:10:00,16:40:00,1555,1710,9,7802,952
206308020,145,20220111 16:06,16:05:00,17:05:00,1351,1876,4,5802,453
206331020,119,20220111 16:06,16:00:00,17:00:00,1883,1351,4,6002,455
205405020,140,20220111 16:06,16:07:00,16:17:00,413,400,14,1602,1403
205180020,146,20220111 16:10,16:15:00,16:50:00,217,1351,10G,2602,153
205317020,143,20220111 16:10,16:11:00,16:21:00,400,413,14,1502,1402
205745020,152,20220111 16:10,16:10:00,16:45:00,145,1423,16,8002,954
205774020,120,20220111 16:11,16:05:00,16:40:00,509,1555,16,7902,953
205160020,126,20220111 16:12,16:16:00,17:00:00,354,288,10G,3002,156
206277020,111,20220111 16:12,16:16:00,17:25:00,354,1876,4,6302,458
206780020,752,20220111 16:14,16:10:00,16:40:00,1710,145,9,8102,955
205161020,504,20220111 16:14,16:10:00,16:40:00,145,288,10G,1102,108
206072020,725,20220111 16:15,16:15:00,16:30:00,730,1565,2A,3302,252
205472020,144,20220111 16:15,16:14:00,16:24:00,413,400,14,1402,1401
205298020,140,20220111 16:16,16:17:00,16:27:00,400,413,14,1602,1403
206028020,134,20220111 16:19,16:10:00,16:35:00,12,779,28,3502,2802
205423020,143,20220111 16:23,16:21:00,16:31:00,413,400,14,1502,1402
206049020,725,20220111 16:26,16:30:00,16:45:00,1565,730,2A,3302,252
205404020,140,20220111 16:27,16:27:00,16:37:00,413,400,14,1602,1403
205152020,136,20220111 16:27,16:25:00,17:35:00,2235,2231,10C,7402,905
205243020,135,20220111 16:28,16:15:00,16:45:00,1555,1710,13,1302,1351
205342020,144,20220111 16:29,16:24:00,16:34:00,400,413,14,1402,1401
205316020,143,20220111 16:30,16:31:00,16:41:00,400,413,14,1502,1402
206124020,112,20220111 16:35,16:41:00,17:40:00,2092,1925,3,4602,352
204934020,506,20220111 16:35,16:35:00,17:10:00,95,145,1,5702,452
205297020,140,20220111 16:37,16:37:00,16:47:00,400,413,14,1602,1403
206785020,501,20220111 16:38,16:40:00,17:10:00,1710,145,9,7802,952
205471020,144,20220111 16:39,16:34:00,16:44:00,413,400,14,1402,1401
205153020,130,20220111 16:40,16:45:00,17:55:00,2235,2231,10C,3102,159
206071020,725,20220111 16:40,16:45:00,17:00:00,730,1565,2A,3302,252
205137020,123,20220111 16:41,16:36:00,17:30:00,2092,221,10C,2402,1519
205729020,752,20220111 16:43,16:40:00,17:15:00,145,1423,16,8102,955
206045020,134,20220111 16:43,16:35:00,17:00:00,779,12,28,3502,2802
205422020,143,20220111 16:44,16:41:00,16:51:00,413,400,14,1502,1402
205067020,504,20220111 16:44,16:40:00,17:10:00,288,1351,10A,1102,108
204897020,146,20220111 16:45,16:50:00,17:25:00,1351,95,1,2602,153
205341020,144,20220111 16:45,16:44:00,16:54:00,400,413,14,1402,1401
206071020,727,20220111 16:46,,,,,2A,3302,252
205054020,147,20220111 16:46,16:40:00,17:10:00,145,217,10A,2702,154
205773020,152,20220111 16:47,16:45:00,17:20:00,509,1555,16,8002,954
205403020,140,20220111 16:49,16:47:00,16:57:00,413,400,14,1602,1403
206763020,120,20220111 16:50,16:40:00,17:10:00,1555,1710,9,7902,953
205315020,143,20220111 16:51,16:51:00,17:01:00,400,413,14,1502,1402
205255020,135,20220111 16:52,16:45:00,17:15:00,1710,1589,13,1302,1351
205470020,144,20220111 16:54,16:54:00,17:04:00,413,400,14,1402,1401
206280020,113,20220111 16:55,16:45:00,17:45:00,1351,1876,4,6502,460
205296020,140,20220111 16:58,16:57:00,17:07:00,400,413,14,1602,1403
206352020,145,20220111 17:00,17:05:00,18:05:00,1883,1351,4,5802,453
205340020,144,20220111 17:00,17:04:00,17:14:00,400,413,14,1402,1401
205421020,143,20220111 17:00,17:01:00,17:11:00,413,400,14,1502,1402
206048020,727,20220111 17:01,17:00:00,17:15:00,1565,730,2A,3302,252
206070020,727,20220111 17:02,17:15:00,17:30:00,730,1565,2A,3302,252
206029020,134,20220111 17:03,17:00:00,17:25:00,12,779,28,3502,2802
206278020,119,20220111 17:04,17:00:00,18:00:00,1351,1876,4,6002,455
205083020,126,20220111 17:05,17:00:00,17:30:00,288,1351,10A,3002,156
205917020,137,20220111 17:05,17:10:00,17:25:00,166,756,21,6202,457
205179020,147,20220111 17:05,17:10:00,18:05:00,217,354,10G,2702,154
204896020,504,20220111 17:06,17:10:00,17:45:00,1351,95,1,1102,108
205402020,140,20220111 17:09,17:07:00,17:17:00,413,400,14,1602,1403
205050020,506,20220111 17:10,17:10:00,17:40:00,145,217,10A,5702,452
205744020,501,20220111 17:10,17:10:00,17:45:00,145,1423,16,7802,952
205314020,143,20220111 17:12,17:11:00,17:21:00,400,413,14,1502,1402
206784020,120,20220111 17:13,17:10:00,17:40:00,1710,145,9,7902,953
205753020,752,20220111 17:16,17:15:00,18:05:00,2086,354,16,8102,955
205469020,144,20220111 17:18,17:14:00,17:24:00,413,400,14,1402,1401
206319020,111,20220111 17:20,17:25:00,18:30:00,1883,1351,4,6302,458
204932020,146,20220111 17:21,17:25:00,18:00:00,95,145,1,2602,153
205339020,144,20220111 17:23,17:24:00,17:34:00,400,413,14,1402,1401
205420020,143,20220111 17:24,17:21:00,17:31:00,413,400,14,1502,1402
206046020,134,20220111 17:25,17:25:00,17:50:00,779,12,28,3502,2802
206762020,152,20220111 17:27,17:20:00,17:50:00,1555,1710,9,8002,954
205939020,137,20220111 17:27,17:25:00,17:55:00,756,690,21,6202,457
204895020,126,20220111 17:30,17:30:00,18:00:00,1351,95,1,3002,156
206123020,127,20220111 17:30,17:31:00,18:20:00,2092,1925,3,4502,351
205313020,143,20220111 17:30,17:31:00,17:41:00,400,413,14,1502,1402
205242020,135,20220111 17:32,17:15:00,17:45:00,1555,1710,13,1302,1351
205468020,144,20220111 17:33,17:34:00,17:44:00,413,400,14,1402,1401
205178020,506,20220111 17:35,17:40:00,18:10:00,217,1351,10G,5702,452
205159020,154,20220111 17:40,17:30:00,18:00:00,145,288,10G,2802,155
205338020,144,20220111 17:40,17:44:00,17:54:00,400,413,14,1402,1401
204931020,504,20220111 17:41,17:45:00,18:20:00,95,145,1,1102,108
205419020,143,20220111 17:42,17:41:00,17:51:00,413,400,14,1502,1402
206135020,112,20220111 17:43,17:40:00,18:20:00,1925,1555,3,4602,352
205772020,501,20220111 17:44,17:45:00,18:20:00,509,1555,16,7802,952
206134020,129,20220111 17:45,17:05:00,18:05:00,1925,690,3,4702,353
206322020,113,20220111 17:47,17:45:00,19:00:00,1878,690,4,6502,460
205312020,143,20220111 17:48,17:51:00,18:01:00,400,413,14,1502,1402
205743020,120,20220111 17:48,17:40:00,18:15:00,145,1423,16,7902,953
205154020,123,20220111 17:52,17:30:00,18:20:00,2235,1351,10C,2402,1519
205254020,135,20220111 17:52,17:45:00,18:25:00,1710,690,13,1302,1351
206030020,134,20220111 17:52,17:50:00,18:15:00,12,779,28,3502,2802
205467020,144,20220111 17:54,17:54:00,18:04:00,413,400,14,1402,1401
206320020,119,20220111 17:58,18:00:00,19:00:00,1883,1351,4,6002,455
205337020,144,20220111 17:59,18:04:00,18:14:00,400,413,14,1402,1401
205751020,146,20220111 17:59,18:00:00,18:30:00,145,1423,16,2602,153
204930020,126,20220111 18:01,18:00:00,18:30:00,95,145,1,3002,156
205082020,154,20220111 18:02,18:00:00,18:30:00,288,1351,10A,2802,155
205418020,143,20220111 18:06,18:01:00,18:11:00,413,400,14,1502,1402
206783020,152,20220111 18:09,17:50:00,18:30:00,1710,145,9,8002,954
204894020,506,20220111 18:10,18:10:00,18:40:00,1351,95,1,5702,452
206031020,134,20220111 18:11,18:15:00,18:55:00,779,690,28,3502,2802
205466020,144,20220111 18:12,18:14:00,18:24:00,413,400,14,1402,1401
205311020,143,20220111 18:13,18:11:00,18:21:00,400,413,14,1502,1402
206273020,145,20220111 18:15,18:05:00,19:05:00,1351,1876,4,5802,453
206761020,501,20220111 18:16,18:20:00,18:50:00,1555,1710,9,7802,952
205066020,504,20220111 18:17,18:20:00,18:50:00,145,217,10A,1102,108
205771020,120,20220111 18:18,18:15:00,19:00:00,2086,354,16,7902,953
205417020,143,20220111 18:21,18:21:00,18:31:00,413,400,14,1502,1402
205336020,144,20220111 18:22,18:24:00,18:34:00,400,413,14,1402,1401
205910020,112,20220111 18:22,18:20:00,18:35:00,166,756,21,4602,352
204893020,154,20220111 18:25,18:30:00,19:00:00,1351,95,1,2802,155
206276020,111,20220111 18:25,18:30:00,19:30:00,1351,1876,4,6302,458
205136020,123,20220111 18:25,18:25:00,19:05:00,1940,221,10C,2402,1519
205770020,146,20220111 18:25,18:30:00,19:00:00,509,1555,16,2602,153
205310020,143,20220111 18:29,18:31:00,18:41:00,400,413,14,1502,1402
205742020,152,20220111 18:32,18:30:00,19:00:00,145,1423,16,8002,954
205465020,144,20220111 18:35,18:34:00,18:44:00,413,400,14,1402,1401
205158020,126,20220111 18:37,18:30:00,19:00:00,145,288,10G,3002,156
204929020,506,20220111 18:39,18:40:00,19:10:00,95,145,1,5702,452
205335020,144,20220111 18:41,18:44:00,18:54:00,400,413,14,1402,1401
205416020,143,20220111 18:42,18:41:00,18:51:00,413,400,14,1502,1402
205932020,112,20220111 18:44,18:35:00,19:05:00,756,690,21,4602,352
205177020,504,20220111 18:46,18:50:00,19:45:00,217,354,10G,1102,108
205309020,143,20220111 18:48,18:51:00,19:01:00,400,413,14,1502,1402
206782020,501,20220111 18:50,18:50:00,19:30:00,1710,145,9,7802,952
205464020,144,20220111 18:53,18:54:00,19:04:00,413,400,14,1402,1401
206316020,145,20220111 19:00,19:05:00,20:05:00,1883,1351,4,5802,453
206760020,146,20220111 19:00,19:00:00,19:30:00,1555,1710,9,2602,153
204928020,154,20220111 19:00,19:00:00,19:30:00,95,145,1,2802,155
205334020,144,20220111 19:00,19:04:00,19:14:00,400,413,14,1402,1401
205081020,126,20220111 19:01,19:00:00,19:30:00,288,1351,10A,3002,156
205415020,143,20220111 19:01,19:01:00,19:11:00,413,400,14,1502,1402
205769020,152,20220111 19:03,19:00:00,19:30:00,509,1555,16,8002,954
205909020,127,20220111 19:04,19:00:00,19:15:00,166,756,21,4502,351
205155020,123,20220111 19:07,19:05:00,20:15:00,2235,2231,10C,2402,1519
205308020,143,20220111 19:07,19:11:00,19:21:00,400,413,14,1502,1402
205065020,506,20220111 19:10,19:10:00,19:40:00,145,217,10A,5702,452
205463020,144,20220111 19:15,19:14:00,19:24:00,413,400,14,1402,1401
206305020,119,20220111 19:17,19:00:00,20:00:00,1351,1876,4,6002,455
205931020,127,20220111 19:21,19:15:00,19:45:00,756,690,21,4502,351
205333020,144,20220111 19:21,19:24:00,19:34:00,400,413,14,1402,1401
205414020,143,20220111 19:21,19:21:00,19:31:00,413,400,14,1502,1402
204892020,126,20220111 19:25,19:30:00,20:00:00,1351,95,1,3002,156
206318020,111,20220111 19:25,19:30:00,20:30:00,1883,1351,4,6302,458
205157020,154,20220111 19:25,19:30:00,20:00:00,145,288,10G,2802,155
205307020,143,20220111 19:27,19:31:00,19:41:00,400,413,14,1502,1402
206304020,152,20220111 19:30,19:35:00,20:30:00,1351,1876,4,8002,954
205741020,501,20220111 19:30,19:30:00,20:00:00,145,1423,16,7802,952
206781020,146,20220111 19:32,19:30:00,20:10:00,1710,690,9,2602,153
205462020,144,20220111 19:33,19:34:00,19:44:00,413,400,14,1402,1401
205176020,506,20220111 19:35,19:40:00,20:35:00,217,354,10G,5702,452
205332020,144,20220111 19:39,19:44:00,19:54:00,400,413,14,1402,1401
205413020,143,20220111 19:43,19:41:00,19:51:00,413,400,14,1502,1402
205461020,144,20220111 19:56,19:54:00,20:14:00,413,690,14,1402,1401
206349020,119,20220111 19:59,20:00:00,21:00:00,1883,1351,4,6002,455
206272020,145,20220111 20:00,20:05:00,21:05:00,1351,1876,4,5802,453
205764020,501,20220111 20:01,20:00:00,20:25:00,509,1555,16,7802,952
205080020,154,20220111 20:05,20:00:00,20:30:00,288,1351,10A,2802,155
204927020,126,20220111 20:08,20:00:00,20:30:00,95,145,1,3002,156
205306020,143,20220111 20:14,19:51:00,20:01:00,400,413,14,1502,1402
205398020,143,20220111 20:21,20:21:00,20:36:00,413,690,14,1502,1402
204891020,154,20220111 20:25,20:30:00,21:00:00,1351,95,1,2802,155
206275020,111,20220111 20:25,20:30:00,21:30:00,1351,1876,4,6302,458
206348020,152,20220111 20:25,20:30:00,21:30:00,1883,1351,4,8002,954
205740020,501,20220111 20:28,20:30:00,21:00:00,145,1423,16,7802,952
205064020,126,20220111 20:36,20:30:00,21:00:00,145,217,10A,3002,156
206303020,119,20220111 20:55,21:00:00,21:55:00,1351,1876,4,6002,455
205175020,126,20220111 20:56,21:00:00,21:30:00,217,1351,10G,3002,156
204926020,154,20220111 20:58,21:00:00,21:30:00,95,145,1,2802,155
205767020,501,20220111 20:59,21:00:00,21:25:00,509,1555,16,7802,952
206315020,145,20220111 21:00,21:05:00,22:20:00,1878,690,4,5802,453
206302020,152,20220111 21:25,21:30:00,22:30:00,1351,1876,4,8002,954
206317020,111,20220111 21:25,21:30:00,22:30:00,1883,1351,4,6302,458
205739020,501,20220111 21:27,21:30:00,22:00:00,145,1423,16,7802,952
205156020,154,20220111 21:31,21:30:00,22:00:00,145,288,10G,2802,155
204890020,126,20220111 21:32,21:30:00,22:00:00,1351,95,1,3002,156
206347020,119,20220111 21:50,21:55:00,23:05:00,1878,690,4,6002,455
205766020,501,20220111 21:59,22:00:00,22:50:00,2086,354,16,7802,952
205079020,154,20220111 22:00,22:00:00,22:30:00,288,1351,10A,2802,155
204925020,126,20220111 22:07,22:00:00,22:30:00,95,145,1,3002,156
206274020,111,20220111 22:25,22:30:00,23:30:00,1351,1876,4,6302,458
204889020,154,20220111 22:30,22:30:00,23:00:00,1351,95,1,2802,155
205063020,126,20220111 22:32,22:30:00,23:00:00,145,217,10A,3002,156
206346020,152,20220111 22:38,22:30:00,23:40:00,1878,690,4,8002,954
205174020,126,20220111 22:55,23:00:00,23:30:00,217,1351,10G,3002,156
204924020,154,20220111 22:57,23:00:00,23:30:00,95,145,1,2802,155
206345020,111,20220111 23:25,23:30:00,00:40:00,1878,690,4,6302,458
205173020,154,20220111 23:25,23:30:00,23:55:00,145,288,10G,2802,155
204923020,126,20220111 23:37,23:30:00,23:55:00,1351,95,1,3002,156
204959020,126,20220111 23:57,23:55:00,00:40:00,95,690,1,3002,156
205087020,154,20220111 23:59,23:55:00,00:40:00,288,690,10A,2802,155
