<?xml version="1.0" encoding="UTF-8"?>

<!-- generated on 2022-08-25 22:48:16 by Eclipse SUMO od2trips Version 1.14.0
<configuration xmlns:xsi="http://www.w3.org/2001/XMLSchema-instance" xsi:noNamespaceSchemaLocation="http://sumo.dlr.de/xsd/od2tripsConfiguration.xsd">

    <input>
        <taz-files value="taz.xml"/>
        <od-matrix-files value="sut_pm.txt"/>
    </input>

    <output>
        <output-file value="trips_sut_pm_xml.xml"/>
    </output>

    <processing>
        <spread.uniform value="true"/>
        <vtype value="truck"/>
        <prefix value="sut_pm"/>
    </processing>

    <report>
        <ignore-errors value="true"/>
    </report>

</configuration>
-->

<routes xmlns:xsi="http://www.w3.org/2001/XMLSchema-instance" xsi:noNamespaceSchemaLocation="http://sumo.dlr.de/xsd/routes_file.xsd">
    <trip id="sut_pm0" depart="59400.00" from="-32145" to="-33106" type="truck" fromTaz="119" toTaz="415" departLane="free" departSpeed="max"/>
    <trip id="sut_pm1" depart="59400.00" from="-27671" to="4749" type="truck" fromTaz="119" toTaz="505" departLane="free" departSpeed="max"/>
    <trip id="sut_pm10" depart="59400.00" from="15011" to="22702" type="truck" fromTaz="241" toTaz="205" departLane="free" departSpeed="max"/>
    <trip id="sut_pm100" depart="59400.00" from="-27383" to="-33121" type="truck" fromTaz="831" toTaz="415" departLane="free" departSpeed="max"/>
    <trip id="sut_pm101" depart="59400.00" from="-31211" to="24590" type="truck" fromTaz="840" toTaz="423" departLane="free" departSpeed="max"/>
    <trip id="sut_pm102" depart="59400.00" from="192" to="-29392" type="truck" fromTaz="860" toTaz="844" departLane="free" departSpeed="max"/>
    <trip id="sut_pm103" depart="59400.00" from="-30276" to="-13073" type="truck" fromTaz="863" toTaz="444" departLane="free" departSpeed="max"/>
    <trip id="sut_pm104" depart="59400.00" from="22246" to="-25204" type="truck" fromTaz="867" toTaz="723" departLane="free" departSpeed="max"/>
    <trip id="sut_pm105" depart="59400.00" from="-7805" to="-5905" type="truck" fromTaz="872" toTaz="493" departLane="free" departSpeed="max"/>
    <trip id="sut_pm106" depart="59400.00" from="8024" to="-16688" type="truck" fromTaz="878" toTaz="465" departLane="free" departSpeed="max"/>
    <trip id="sut_pm107" depart="59400.00" from="6620" to="-22128" type="truck" fromTaz="887" toTaz="22" departLane="free" departSpeed="max"/>
    <trip id="sut_pm108" depart="59400.00" from="-11203" to="5083" type="truck" fromTaz="887" toTaz="310" departLane="free" departSpeed="max"/>
    <trip id="sut_pm109" depart="59400.00" from="11283" to="5853" type="truck" fromTaz="888" toTaz="505" departLane="free" departSpeed="max"/>
    <trip id="sut_pm11" depart="59400.00" from="-11225" to="-35350" type="truck" fromTaz="250" toTaz="52" departLane="free" departSpeed="max"/>
    <trip id="sut_pm110" depart="59400.00" from="-9107" to="9518" type="truck" fromTaz="903" toTaz="335" departLane="free" departSpeed="max"/>
    <trip id="sut_pm111" depart="59400.00" from="11310" to="-7307" type="truck" fromTaz="904" toTaz="240" departLane="free" departSpeed="max"/>
    <trip id="sut_pm112" depart="59400.00" from="-1699" to="-16489" type="truck" fromTaz="904" toTaz="865" departLane="free" departSpeed="max"/>
    <trip id="sut_pm12" depart="59400.00" from="-11675" to="-30837" type="truck" fromTaz="250" toTaz="7" departLane="free" departSpeed="max"/>
    <trip id="sut_pm13" depart="59400.00" from="33129" to="-22747" type="truck" fromTaz="256" toTaz="204" departLane="free" departSpeed="max"/>
    <trip id="sut_pm14" depart="59400.00" from="30411" to="17527" type="truck" fromTaz="262" toTaz="715" departLane="free" departSpeed="max"/>
    <trip id="sut_pm15" depart="59400.00" from="21704" to="8589" type="truck" fromTaz="27" toTaz="817" departLane="free" departSpeed="max"/>
    <trip id="sut_pm16" depart="59400.00" from="11238" to="19580" type="truck" fromTaz="278" toTaz="192" departLane="free" departSpeed="max"/>
    <trip id="sut_pm17" depart="59400.00" from="13789" to="11385" type="truck" fromTaz="282" toTaz="882" departLane="free" departSpeed="max"/>
    <trip id="sut_pm18" depart="59400.00" from="-9156" to="-13271" type="truck" fromTaz="284" toTaz="401" departLane="free" departSpeed="max"/>
    <trip id="sut_pm19" depart="59400.00" from="9772" to="-34068" type="truck" fromTaz="286" toTaz="199" departLane="free" departSpeed="max"/>
    <trip id="sut_pm2" depart="59400.00" from="24481" to="11437" type="truck" fromTaz="132" toTaz="265" departLane="free" departSpeed="max"/>
    <trip id="sut_pm20" depart="59400.00" from="28961" to="24282" type="truck" fromTaz="3" toTaz="127" departLane="free" departSpeed="max"/>
    <trip id="sut_pm21" depart="59400.00" from="-15155" to="-30406" type="truck" fromTaz="309" toTaz="263" departLane="free" departSpeed="max"/>
    <trip id="sut_pm22" depart="59400.00" from="5050" to="17569" type="truck" fromTaz="310" toTaz="460" departLane="free" departSpeed="max"/>
    <trip id="sut_pm23" depart="59400.00" from="-6713" to="-29474" type="truck" fromTaz="312" toTaz="157" departLane="free" departSpeed="max"/>
    <trip id="sut_pm24" depart="59400.00" from="13976" to="378" type="truck" fromTaz="312" toTaz="381" departLane="free" departSpeed="max"/>
    <trip id="sut_pm25" depart="59400.00" from="-8914" to="1105" type="truck" fromTaz="312" toTaz="390" departLane="free" departSpeed="max"/>
    <trip id="sut_pm26" depart="59400.00" from="26330" to="-5114" type="truck" fromTaz="322" toTaz="569" departLane="free" departSpeed="max"/>
    <trip id="sut_pm27" depart="59400.00" from="20402" to="-35457" type="truck" fromTaz="34" toTaz="85" departLane="free" departSpeed="max"/>
    <trip id="sut_pm28" depart="59400.00" from="-7001" to="34059" type="truck" fromTaz="344" toTaz="696" departLane="free" departSpeed="max"/>
    <trip id="sut_pm29" depart="59400.00" from="-10202" to="23529" type="truck" fromTaz="347" toTaz="37" departLane="free" departSpeed="max"/>
    <trip id="sut_pm3" depart="59400.00" from="-1409" to="-35281" type="truck" fromTaz="134" toTaz="100" departLane="free" departSpeed="max"/>
    <trip id="sut_pm30" depart="59400.00" from="-3591" to="-11744" type="truck" fromTaz="349" toTaz="397" departLane="free" departSpeed="max"/>
    <trip id="sut_pm31" depart="59400.00" from="12920" to="11653" type="truck" fromTaz="350" toTaz="814" departLane="free" departSpeed="max"/>
    <trip id="sut_pm32" depart="59400.00" from="12109" to="7721" type="truck" fromTaz="355" toTaz="370" departLane="free" departSpeed="max"/>
    <trip id="sut_pm33" depart="59400.00" from="-748" to="1098" type="truck" fromTaz="356" toTaz="390" departLane="free" departSpeed="max"/>
    <trip id="sut_pm34" depart="59400.00" from="-7625" to="-4279" type="truck" fromTaz="370" toTaz="515" departLane="free" departSpeed="max"/>
    <trip id="sut_pm35" depart="59400.00" from="-11455" to="22972" type="truck" fromTaz="381" toTaz="165" departLane="free" departSpeed="max"/>
    <trip id="sut_pm36" depart="59400.00" from="4999" to="6022" type="truck" fromTaz="382" toTaz="392" departLane="free" departSpeed="max"/>
    <trip id="sut_pm37" depart="59400.00" from="6254" to="-7766" type="truck" fromTaz="385" toTaz="572" departLane="free" departSpeed="max"/>
    <trip id="sut_pm38" depart="59400.00" from="1115" to="24710" type="truck" fromTaz="386" toTaz="421" departLane="free" departSpeed="max"/>
    <trip id="sut_pm39" depart="59400.00" from="-4964" to="21666" type="truck" fromTaz="387" toTaz="21" departLane="free" departSpeed="max"/>
    <trip id="sut_pm4" depart="59400.00" from="-20593" to="-861" type="truck" fromTaz="140" toTaz="880" departLane="free" departSpeed="max"/>
    <trip id="sut_pm40" depart="59400.00" from="4859" to="5531" type="truck" fromTaz="387" toTaz="504" departLane="free" departSpeed="max"/>
    <trip id="sut_pm41" depart="59400.00" from="-4752" to="-26711" type="truck" fromTaz="390" toTaz="429" departLane="free" departSpeed="max"/>
    <trip id="sut_pm42" depart="59400.00" from="-4823" to="gneE59" type="truck" fromTaz="391" toTaz="232" departLane="free" departSpeed="max"/>
    <trip id="sut_pm43" depart="59400.00" from="-6081" to="-2124" type="truck" fromTaz="392" toTaz="340" departLane="free" departSpeed="max"/>
    <trip id="sut_pm44" depart="59400.00" from="11259" to="12771" type="truck" fromTaz="394" toTaz="350" departLane="free" departSpeed="max"/>
    <trip id="sut_pm45" depart="59400.00" from="13764" to="2538" type="truck" fromTaz="395" toTaz="504" departLane="free" departSpeed="max"/>
    <trip id="sut_pm46" depart="59400.00" from="-632" to="-25619" type="truck" fromTaz="398" toTaz="449" departLane="free" departSpeed="max"/>
    <trip id="sut_pm47" depart="59400.00" from="-23645" to="-9273" type="truck" fromTaz="4" toTaz="284" departLane="free" departSpeed="max"/>
    <trip id="sut_pm48" depart="59400.00" from="23600" to="78763" type="truck" fromTaz="4" toTaz="752" departLane="free" departSpeed="max"/>
    <trip id="sut_pm49" depart="59400.00" from="-31279" to="-1240" type="truck" fromTaz="404" toTaz="882" departLane="free" departSpeed="max"/>
    <trip id="sut_pm5" depart="59400.00" from="-23048" to="14270" type="truck" fromTaz="159" toTaz="250" departLane="free" departSpeed="max"/>
    <trip id="sut_pm50" depart="59400.00" from="29131" to="-3479" type="truck" fromTaz="410" toTaz="594" departLane="free" departSpeed="max"/>
    <trip id="sut_pm51" depart="59400.00" from="30387" to="-14659" type="truck" fromTaz="410" toTaz="679" departLane="free" departSpeed="max"/>
    <trip id="sut_pm52" depart="59400.00" from="-33121" to="-7794" type="truck" fromTaz="415" toTaz="872" departLane="free" departSpeed="max"/>
    <trip id="sut_pm53" depart="59400.00" from="-28900" to="-30267" type="truck" fromTaz="427" toTaz="299" departLane="free" departSpeed="max"/>
    <trip id="sut_pm54" depart="59400.00" from="18918" to="9580" type="truck" fromTaz="43" toTaz="326" departLane="free" departSpeed="max"/>
    <trip id="sut_pm55" depart="59400.00" from="-18653" to="-1530" type="truck" fromTaz="43" toTaz="544" departLane="free" departSpeed="max"/>
    <trip id="sut_pm56" depart="59400.00" from="-9427" to="-22034" type="truck" fromTaz="432" toTaz="8" departLane="free" departSpeed="max"/>
    <trip id="sut_pm57" depart="59400.00" from="6465" to="-5017" type="truck" fromTaz="443" toTaz="386" departLane="free" departSpeed="max"/>
    <trip id="sut_pm58" depart="59400.00" from="-6232" to="308" type="truck" fromTaz="443" toTaz="499" departLane="free" departSpeed="max"/>
    <trip id="sut_pm59" depart="59400.00" from="-25336" to="-14287" type="truck" fromTaz="449" toTaz="250" departLane="free" departSpeed="max"/>
    <trip id="sut_pm6" depart="59400.00" from="23331" to="24570" type="truck" fromTaz="162" toTaz="423" departLane="free" departSpeed="max"/>
    <trip id="sut_pm60" depart="59400.00" from="25413" to="4012" type="truck" fromTaz="449" toTaz="617" departLane="free" departSpeed="max"/>
    <trip id="sut_pm61" depart="59400.00" from="-26510" to="-3340" type="truck" fromTaz="454" toTaz="595" departLane="free" departSpeed="max"/>
    <trip id="sut_pm62" depart="59400.00" from="-27187" to="2216" type="truck" fromTaz="455" toTaz="231" departLane="free" departSpeed="max"/>
    <trip id="sut_pm63" depart="59400.00" from="-27235" to="-33787" type="truck" fromTaz="455" toTaz="713" departLane="free" departSpeed="max"/>
    <trip id="sut_pm64" depart="59400.00" from="-24654" to="-30358" type="truck" fromTaz="457" toTaz="717" departLane="free" departSpeed="max"/>
    <trip id="sut_pm65" depart="59400.00" from="16744" to="23222" type="truck" fromTaz="461" toTaz="159" departLane="free" departSpeed="max"/>
    <trip id="sut_pm66" depart="59400.00" from="26859" to="11199" type="truck" fromTaz="476" toTaz="442" departLane="free" departSpeed="max"/>
    <trip id="sut_pm67" depart="59400.00" from="26016" to="-14112" type="truck" fromTaz="477" toTaz="492" departLane="free" departSpeed="max"/>
    <trip id="sut_pm68" depart="59400.00" from="36029" to="18415" type="truck" fromTaz="48" toTaz="838" departLane="free" departSpeed="max"/>
    <trip id="sut_pm69" depart="59400.00" from="-17315" to="30356" type="truck" fromTaz="487" toTaz="840" departLane="free" departSpeed="max"/>
    <trip id="sut_pm7" depart="59400.00" from="-22773" to="-2867" type="truck" fromTaz="205" toTaz="513" departLane="free" departSpeed="max"/>
    <trip id="sut_pm70" depart="59400.00" from="-5774" to="5944" type="truck" fromTaz="493" toTaz="393" departLane="free" departSpeed="max"/>
    <trip id="sut_pm71" depart="59400.00" from="1178" to="10640" type="truck" fromTaz="504" toTaz="572" departLane="free" departSpeed="max"/>
    <trip id="sut_pm72" depart="59400.00" from="-5475" to="10300" type="truck" fromTaz="504" toTaz="623" departLane="free" departSpeed="max"/>
    <trip id="sut_pm73" depart="59400.00" from="-27977" to="-28219" type="truck" fromTaz="548" toTaz="148" departLane="free" departSpeed="max"/>
    <trip id="sut_pm74" depart="59400.00" from="12881" to="-27221" type="truck" fromTaz="557" toTaz="840" departLane="free" departSpeed="max"/>
    <trip id="sut_pm75" depart="59400.00" from="1554" to="-2372" type="truck" fromTaz="569" toTaz="881" departLane="free" departSpeed="max"/>
    <trip id="sut_pm76" depart="59400.00" from="-7877" to="-6401" type="truck" fromTaz="574" toTaz="883" departLane="free" departSpeed="max"/>
    <trip id="sut_pm77" depart="59400.00" from="13207" to="12352" type="truck" fromTaz="582" toTaz="593" departLane="free" departSpeed="max"/>
    <trip id="sut_pm78" depart="59400.00" from="-4102" to="-7694" type="truck" fromTaz="585" toTaz="370" departLane="free" departSpeed="max"/>
    <trip id="sut_pm79" depart="59400.00" from="-12412" to="-1640" type="truck" fromTaz="600" toTaz="532" departLane="free" departSpeed="max"/>
    <trip id="sut_pm8" depart="59400.00" from="-669" to="-31485" type="truck" fromTaz="220" toTaz="853" departLane="free" departSpeed="max"/>
    <trip id="sut_pm80" depart="59400.00" from="-3355" to="-4944" type="truck" fromTaz="613" toTaz="387" departLane="free" departSpeed="max"/>
    <trip id="sut_pm81" depart="59400.00" from="10122" to="1512" type="truck" fromTaz="621" toTaz="486" departLane="free" departSpeed="max"/>
    <trip id="sut_pm82" depart="59400.00" from="14878" to="-6039" type="truck" fromTaz="634" toTaz="392" departLane="free" departSpeed="max"/>
    <trip id="sut_pm83" depart="59400.00" from="34400" to="11291" type="truck" fromTaz="65" toTaz="374" departLane="free" departSpeed="max"/>
    <trip id="sut_pm84" depart="59400.00" from="-23530" to="-27393" type="truck" fromTaz="67" toTaz="413" departLane="free" departSpeed="max"/>
    <trip id="sut_pm85" depart="59400.00" from="-14640" to="-19339" type="truck" fromTaz="679" toTaz="59" departLane="free" departSpeed="max"/>
    <trip id="sut_pm86" depart="59400.00" from="-14477" to="-2984" type="truck" fromTaz="679" toTaz="635" departLane="free" departSpeed="max"/>
    <trip id="sut_pm87" depart="59400.00" from="1667" to="34627" type="truck" fromTaz="681" toTaz="101" departLane="free" departSpeed="max"/>
    <trip id="sut_pm88" depart="59400.00" from="-2285" to="22020" type="truck" fromTaz="684" toTaz="777" departLane="free" departSpeed="max"/>
    <trip id="sut_pm89" depart="59400.00" from="-31239" to="-2062" type="truck" fromTaz="692" toTaz="824" departLane="free" departSpeed="max"/>
    <trip id="sut_pm9" depart="59400.00" from="-14357" to="-26094" type="truck" fromTaz="240" toTaz="314" departLane="free" departSpeed="max"/>
    <trip id="sut_pm90" depart="59400.00" from="-26431" to="-11133" type="truck" fromTaz="694" toTaz="815" departLane="free" departSpeed="max"/>
    <trip id="sut_pm91" depart="59400.00" from="28591" to="7858" type="truck" fromTaz="7" toTaz="568" departLane="free" departSpeed="max"/>
    <trip id="sut_pm92" depart="59400.00" from="-16924" to="-11136" type="truck" fromTaz="712" toTaz="544" departLane="free" departSpeed="max"/>
    <trip id="sut_pm93" depart="59400.00" from="18338" to="-8651" type="truck" fromTaz="715" toTaz="817" departLane="free" departSpeed="max"/>
    <trip id="sut_pm94" depart="59400.00" from="-31960" to="-25049" type="truck" fromTaz="717" toTaz="731" departLane="free" departSpeed="max"/>
    <trip id="sut_pm95" depart="59400.00" from="24823" to="8947" type="truck" fromTaz="731" toTaz="311" departLane="free" departSpeed="max"/>
    <trip id="sut_pm96" depart="59400.00" from="26047" to="6566" type="truck" fromTaz="764" toTaz="341" departLane="free" departSpeed="max"/>
    <trip id="sut_pm97" depart="59400.00" from="-36357" to="-20836" type="truck" fromTaz="767" toTaz="847" departLane="free" departSpeed="max"/>
    <trip id="sut_pm98" depart="59400.00" from="35485" to="3122" type="truck" fromTaz="80" toTaz="621" departLane="free" departSpeed="max"/>
    <trip id="sut_pm99" depart="59400.00" from="-8639" to="10285" type="truck" fromTaz="818" toTaz="399" departLane="free" departSpeed="max"/>
</routes>
