<?xml version="1.0" encoding="UTF-8"?>

<!-- generated on 2022-08-25 22:49:18 by Eclipse SUMO od2trips Version 1.14.0
<configuration xmlns:xsi="http://www.w3.org/2001/XMLSchema-instance" xsi:noNamespaceSchemaLocation="http://sumo.dlr.de/xsd/od2tripsConfiguration.xsd">

    <input>
        <taz-files value="taz.xml"/>
        <od-matrix-files value="sut_op.txt"/>
    </input>

    <output>
        <output-file value="trips_sut_op_xml.xml"/>
    </output>

    <processing>
        <spread.uniform value="true"/>
        <vtype value="truck"/>
        <prefix value="sut_op"/>
    </processing>

    <report>
        <ignore-errors value="true"/>
    </report>

</configuration>
-->

<routes xmlns:xsi="http://www.w3.org/2001/XMLSchema-instance" xsi:noNamespaceSchemaLocation="http://sumo.dlr.de/xsd/routes_file.xsd">
    <trip id="sut_op0" depart="43200.00" from="-32145" to="-33106" type="truck" fromTaz="119" toTaz="415" departLane="free" departSpeed="max"/>
    <trip id="sut_op1" depart="43200.00" from="-27671" to="4749" type="truck" fromTaz="119" toTaz="505" departLane="free" departSpeed="max"/>
    <trip id="sut_op10" depart="43200.00" from="-8933" to="-8413" type="truck" fromTaz="242" toTaz="533" departLane="free" departSpeed="max"/>
    <trip id="sut_op100" depart="43200.00" from="-8639" to="10285" type="truck" fromTaz="818" toTaz="399" departLane="free" departSpeed="max"/>
    <trip id="sut_op101" depart="43200.00" from="-27383" to="-33121" type="truck" fromTaz="831" toTaz="415" departLane="free" departSpeed="max"/>
    <trip id="sut_op102" depart="43200.00" from="-31211" to="24590" type="truck" fromTaz="840" toTaz="423" departLane="free" departSpeed="max"/>
    <trip id="sut_op103" depart="43200.00" from="192" to="-29392" type="truck" fromTaz="860" toTaz="844" departLane="free" departSpeed="max"/>
    <trip id="sut_op104" depart="43200.00" from="-30276" to="-13073" type="truck" fromTaz="863" toTaz="444" departLane="free" departSpeed="max"/>
    <trip id="sut_op105" depart="43200.00" from="22246" to="-25204" type="truck" fromTaz="867" toTaz="723" departLane="free" departSpeed="max"/>
    <trip id="sut_op106" depart="43200.00" from="-7805" to="-5905" type="truck" fromTaz="872" toTaz="493" departLane="free" departSpeed="max"/>
    <trip id="sut_op107" depart="43200.00" from="8024" to="-16688" type="truck" fromTaz="878" toTaz="465" departLane="free" departSpeed="max"/>
    <trip id="sut_op108" depart="43200.00" from="6620" to="-22128" type="truck" fromTaz="887" toTaz="22" departLane="free" departSpeed="max"/>
    <trip id="sut_op109" depart="43200.00" from="-11203" to="5083" type="truck" fromTaz="887" toTaz="310" departLane="free" departSpeed="max"/>
    <trip id="sut_op11" depart="43200.00" from="-11225" to="-35350" type="truck" fromTaz="250" toTaz="52" departLane="free" departSpeed="max"/>
    <trip id="sut_op110" depart="43200.00" from="11283" to="5853" type="truck" fromTaz="888" toTaz="505" departLane="free" departSpeed="max"/>
    <trip id="sut_op111" depart="43200.00" from="-9107" to="9834" type="truck" fromTaz="903" toTaz="336" departLane="free" departSpeed="max"/>
    <trip id="sut_op12" depart="43200.00" from="-11675" to="-30837" type="truck" fromTaz="250" toTaz="7" departLane="free" departSpeed="max"/>
    <trip id="sut_op13" depart="43200.00" from="33129" to="-22747" type="truck" fromTaz="256" toTaz="204" departLane="free" departSpeed="max"/>
    <trip id="sut_op14" depart="43200.00" from="30411" to="17527" type="truck" fromTaz="262" toTaz="715" departLane="free" departSpeed="max"/>
    <trip id="sut_op15" depart="43200.00" from="21704" to="8589" type="truck" fromTaz="27" toTaz="817" departLane="free" departSpeed="max"/>
    <trip id="sut_op16" depart="43200.00" from="11238" to="19580" type="truck" fromTaz="278" toTaz="192" departLane="free" departSpeed="max"/>
    <trip id="sut_op17" depart="43200.00" from="13789" to="11385" type="truck" fromTaz="282" toTaz="882" departLane="free" departSpeed="max"/>
    <trip id="sut_op18" depart="43200.00" from="-9156" to="-13271" type="truck" fromTaz="284" toTaz="401" departLane="free" departSpeed="max"/>
    <trip id="sut_op19" depart="43200.00" from="9772" to="-34068" type="truck" fromTaz="286" toTaz="199" departLane="free" departSpeed="max"/>
    <trip id="sut_op2" depart="43200.00" from="24481" to="11437" type="truck" fromTaz="132" toTaz="265" departLane="free" departSpeed="max"/>
    <trip id="sut_op20" depart="43200.00" from="28961" to="24282" type="truck" fromTaz="3" toTaz="127" departLane="free" departSpeed="max"/>
    <trip id="sut_op21" depart="43200.00" from="-15155" to="-30406" type="truck" fromTaz="309" toTaz="263" departLane="free" departSpeed="max"/>
    <trip id="sut_op22" depart="43200.00" from="5050" to="17569" type="truck" fromTaz="310" toTaz="460" departLane="free" departSpeed="max"/>
    <trip id="sut_op23" depart="43200.00" from="-6713" to="-29474" type="truck" fromTaz="312" toTaz="157" departLane="free" departSpeed="max"/>
    <trip id="sut_op24" depart="43200.00" from="13976" to="378" type="truck" fromTaz="312" toTaz="381" departLane="free" departSpeed="max"/>
    <trip id="sut_op25" depart="43200.00" from="-8914" to="1105" type="truck" fromTaz="312" toTaz="390" departLane="free" departSpeed="max"/>
    <trip id="sut_op26" depart="43200.00" from="26330" to="-5114" type="truck" fromTaz="322" toTaz="569" departLane="free" departSpeed="max"/>
    <trip id="sut_op27" depart="43200.00" from="20402" to="-35457" type="truck" fromTaz="34" toTaz="85" departLane="free" departSpeed="max"/>
    <trip id="sut_op28" depart="43200.00" from="-7001" to="34059" type="truck" fromTaz="344" toTaz="696" departLane="free" departSpeed="max"/>
    <trip id="sut_op29" depart="43200.00" from="-10202" to="23529" type="truck" fromTaz="347" toTaz="37" departLane="free" departSpeed="max"/>
    <trip id="sut_op3" depart="43200.00" from="-1409" to="-35281" type="truck" fromTaz="134" toTaz="100" departLane="free" departSpeed="max"/>
    <trip id="sut_op30" depart="43200.00" from="-3591" to="-11744" type="truck" fromTaz="349" toTaz="397" departLane="free" departSpeed="max"/>
    <trip id="sut_op31" depart="43200.00" from="12920" to="11653" type="truck" fromTaz="350" toTaz="814" departLane="free" departSpeed="max"/>
    <trip id="sut_op32" depart="43200.00" from="12109" to="7721" type="truck" fromTaz="355" toTaz="370" departLane="free" departSpeed="max"/>
    <trip id="sut_op33" depart="43200.00" from="-748" to="1098" type="truck" fromTaz="356" toTaz="390" departLane="free" departSpeed="max"/>
    <trip id="sut_op34" depart="43200.00" from="-7625" to="-4279" type="truck" fromTaz="370" toTaz="515" departLane="free" departSpeed="max"/>
    <trip id="sut_op35" depart="43200.00" from="-11455" to="22972" type="truck" fromTaz="381" toTaz="165" departLane="free" departSpeed="max"/>
    <trip id="sut_op36" depart="43200.00" from="4999" to="6022" type="truck" fromTaz="382" toTaz="392" departLane="free" departSpeed="max"/>
    <trip id="sut_op37" depart="43200.00" from="6254" to="-7766" type="truck" fromTaz="385" toTaz="572" departLane="free" departSpeed="max"/>
    <trip id="sut_op38" depart="43200.00" from="1115" to="24710" type="truck" fromTaz="386" toTaz="421" departLane="free" departSpeed="max"/>
    <trip id="sut_op39" depart="43200.00" from="-4964" to="21666" type="truck" fromTaz="387" toTaz="21" departLane="free" departSpeed="max"/>
    <trip id="sut_op4" depart="43200.00" from="-20593" to="-861" type="truck" fromTaz="140" toTaz="880" departLane="free" departSpeed="max"/>
    <trip id="sut_op40" depart="43200.00" from="4859" to="5531" type="truck" fromTaz="387" toTaz="504" departLane="free" departSpeed="max"/>
    <trip id="sut_op41" depart="43200.00" from="-4752" to="-26711" type="truck" fromTaz="390" toTaz="429" departLane="free" departSpeed="max"/>
    <trip id="sut_op42" depart="43200.00" from="-4823" to="gneE59" type="truck" fromTaz="391" toTaz="232" departLane="free" departSpeed="max"/>
    <trip id="sut_op43" depart="43200.00" from="-6081" to="-2124" type="truck" fromTaz="392" toTaz="340" departLane="free" departSpeed="max"/>
    <trip id="sut_op44" depart="43200.00" from="11259" to="12771" type="truck" fromTaz="394" toTaz="350" departLane="free" departSpeed="max"/>
    <trip id="sut_op45" depart="43200.00" from="13764" to="2538" type="truck" fromTaz="395" toTaz="504" departLane="free" departSpeed="max"/>
    <trip id="sut_op46" depart="43200.00" from="-632" to="-25619" type="truck" fromTaz="398" toTaz="449" departLane="free" departSpeed="max"/>
    <trip id="sut_op47" depart="43200.00" from="-23645" to="-9273" type="truck" fromTaz="4" toTaz="284" departLane="free" departSpeed="max"/>
    <trip id="sut_op48" depart="43200.00" from="23600" to="78763" type="truck" fromTaz="4" toTaz="752" departLane="free" departSpeed="max"/>
    <trip id="sut_op49" depart="43200.00" from="-31279" to="-1240" type="truck" fromTaz="404" toTaz="882" departLane="free" departSpeed="max"/>
    <trip id="sut_op5" depart="43200.00" from="-23048" to="14270" type="truck" fromTaz="159" toTaz="250" departLane="free" departSpeed="max"/>
    <trip id="sut_op50" depart="43200.00" from="29131" to="-3479" type="truck" fromTaz="410" toTaz="594" departLane="free" departSpeed="max"/>
    <trip id="sut_op51" depart="43200.00" from="30387" to="-14659" type="truck" fromTaz="410" toTaz="679" departLane="free" departSpeed="max"/>
    <trip id="sut_op52" depart="43200.00" from="-33121" to="-7794" type="truck" fromTaz="415" toTaz="872" departLane="free" departSpeed="max"/>
    <trip id="sut_op53" depart="43200.00" from="-28900" to="-30267" type="truck" fromTaz="427" toTaz="299" departLane="free" departSpeed="max"/>
    <trip id="sut_op54" depart="43200.00" from="18918" to="9580" type="truck" fromTaz="43" toTaz="326" departLane="free" departSpeed="max"/>
    <trip id="sut_op55" depart="43200.00" from="-18653" to="-1530" type="truck" fromTaz="43" toTaz="544" departLane="free" departSpeed="max"/>
    <trip id="sut_op56" depart="43200.00" from="-9427" to="-22034" type="truck" fromTaz="432" toTaz="8" departLane="free" departSpeed="max"/>
    <trip id="sut_op57" depart="43200.00" from="6465" to="-5017" type="truck" fromTaz="443" toTaz="386" departLane="free" departSpeed="max"/>
    <trip id="sut_op58" depart="43200.00" from="-6232" to="308" type="truck" fromTaz="443" toTaz="499" departLane="free" departSpeed="max"/>
    <trip id="sut_op59" depart="43200.00" from="-25336" to="-14287" type="truck" fromTaz="449" toTaz="250" departLane="free" departSpeed="max"/>
    <trip id="sut_op6" depart="43200.00" from="23331" to="24570" type="truck" fromTaz="162" toTaz="423" departLane="free" departSpeed="max"/>
    <trip id="sut_op60" depart="43200.00" from="25413" to="4012" type="truck" fromTaz="449" toTaz="617" departLane="free" departSpeed="max"/>
    <trip id="sut_op61" depart="43200.00" from="-26510" to="-3340" type="truck" fromTaz="454" toTaz="595" departLane="free" departSpeed="max"/>
    <trip id="sut_op62" depart="43200.00" from="-27187" to="2216" type="truck" fromTaz="455" toTaz="231" departLane="free" departSpeed="max"/>
    <trip id="sut_op63" depart="43200.00" from="28277" to="-23693" type="truck" fromTaz="456" toTaz="1" departLane="free" departSpeed="max"/>
    <trip id="sut_op64" depart="43200.00" from="-24654" to="-30358" type="truck" fromTaz="457" toTaz="717" departLane="free" departSpeed="max"/>
    <trip id="sut_op65" depart="43200.00" from="16744" to="23222" type="truck" fromTaz="461" toTaz="159" departLane="free" departSpeed="max"/>
    <trip id="sut_op66" depart="43200.00" from="26859" to="11199" type="truck" fromTaz="476" toTaz="442" departLane="free" departSpeed="max"/>
    <trip id="sut_op67" depart="43200.00" from="26016" to="-14112" type="truck" fromTaz="477" toTaz="492" departLane="free" departSpeed="max"/>
    <trip id="sut_op68" depart="43200.00" from="36029" to="18415" type="truck" fromTaz="48" toTaz="838" departLane="free" departSpeed="max"/>
    <trip id="sut_op69" depart="43200.00" from="-17315" to="30356" type="truck" fromTaz="487" toTaz="840" departLane="free" departSpeed="max"/>
    <trip id="sut_op7" depart="43200.00" from="-22773" to="-2867" type="truck" fromTaz="205" toTaz="513" departLane="free" departSpeed="max"/>
    <trip id="sut_op70" depart="43200.00" from="-5774" to="5944" type="truck" fromTaz="493" toTaz="393" departLane="free" departSpeed="max"/>
    <trip id="sut_op71" depart="43200.00" from="1178" to="10640" type="truck" fromTaz="504" toTaz="572" departLane="free" departSpeed="max"/>
    <trip id="sut_op72" depart="43200.00" from="-5475" to="10300" type="truck" fromTaz="504" toTaz="623" departLane="free" departSpeed="max"/>
    <trip id="sut_op73" depart="43200.00" from="-27977" to="-28219" type="truck" fromTaz="548" toTaz="148" departLane="free" departSpeed="max"/>
    <trip id="sut_op74" depart="43200.00" from="12881" to="-27221" type="truck" fromTaz="557" toTaz="840" departLane="free" departSpeed="max"/>
    <trip id="sut_op75" depart="43200.00" from="1554" to="-2372" type="truck" fromTaz="569" toTaz="881" departLane="free" departSpeed="max"/>
    <trip id="sut_op76" depart="43200.00" from="-7877" to="-6401" type="truck" fromTaz="574" toTaz="883" departLane="free" departSpeed="max"/>
    <trip id="sut_op77" depart="43200.00" from="4149" to="-31890" type="truck" fromTaz="578" toTaz="717" departLane="free" departSpeed="max"/>
    <trip id="sut_op78" depart="43200.00" from="13241" to="-7738" type="truck" fromTaz="583" toTaz="370" departLane="free" departSpeed="max"/>
    <trip id="sut_op79" depart="43200.00" from="3324" to="7020" type="truck" fromTaz="592" toTaz="309" departLane="free" departSpeed="max"/>
    <trip id="sut_op8" depart="43200.00" from="-669" to="-31485" type="truck" fromTaz="220" toTaz="853" departLane="free" departSpeed="max"/>
    <trip id="sut_op80" depart="43200.00" from="-12412" to="-13582" type="truck" fromTaz="600" toTaz="531" departLane="free" departSpeed="max"/>
    <trip id="sut_op81" depart="43200.00" from="412" to="-7056" type="truck" fromTaz="602" toTaz="470" departLane="free" departSpeed="max"/>
    <trip id="sut_op82" depart="43200.00" from="12522" to="26848" type="truck" fromTaz="609" toTaz="863" departLane="free" departSpeed="max"/>
    <trip id="sut_op83" depart="43200.00" from="-3355" to="-5064" type="truck" fromTaz="613" toTaz="382" departLane="free" departSpeed="max"/>
    <trip id="sut_op84" depart="43200.00" from="10122" to="26840" type="truck" fromTaz="621" toTaz="476" departLane="free" departSpeed="max"/>
    <trip id="sut_op85" depart="43200.00" from="34400" to="-988" type="truck" fromTaz="65" toTaz="370" departLane="free" departSpeed="max"/>
    <trip id="sut_op86" depart="43200.00" from="-34862" to="-28953" type="truck" fromTaz="66" toTaz="7" departLane="free" departSpeed="max"/>
    <trip id="sut_op87" depart="43200.00" from="-23530" to="-27439" type="truck" fromTaz="67" toTaz="405" departLane="free" departSpeed="max"/>
    <trip id="sut_op88" depart="43200.00" from="-14640" to="-4107" type="truck" fromTaz="679" toTaz="585" departLane="free" departSpeed="max"/>
    <trip id="sut_op89" depart="43200.00" from="-14477" to="-34959" type="truck" fromTaz="679" toTaz="63" departLane="free" departSpeed="max"/>
    <trip id="sut_op9" depart="43200.00" from="-14357" to="-26094" type="truck" fromTaz="240" toTaz="314" departLane="free" departSpeed="max"/>
    <trip id="sut_op90" depart="43200.00" from="-2285" to="35706" type="truck" fromTaz="684" toTaz="77" departLane="free" departSpeed="max"/>
    <trip id="sut_op91" depart="43200.00" from="-31239" to="-1852" type="truck" fromTaz="692" toTaz="817" departLane="free" departSpeed="max"/>
    <trip id="sut_op92" depart="43200.00" from="28591" to="8481" type="truck" fromTaz="7" toTaz="565" departLane="free" departSpeed="max"/>
    <trip id="sut_op93" depart="43200.00" from="-16924" to="-11531" type="truck" fromTaz="712" toTaz="543" departLane="free" departSpeed="max"/>
    <trip id="sut_op94" depart="43200.00" from="-31960" to="-9619" type="truck" fromTaz="717" toTaz="734" departLane="free" departSpeed="max"/>
    <trip id="sut_op95" depart="43200.00" from="-32085" to="22400" type="truck" fromTaz="717" toTaz="867" departLane="free" departSpeed="max"/>
    <trip id="sut_op96" depart="43200.00" from="-30284" to="25240" type="truck" fromTaz="763" toTaz="404" departLane="free" departSpeed="max"/>
    <trip id="sut_op97" depart="43200.00" from="33869" to="511" type="truck" fromTaz="766" toTaz="752" departLane="free" departSpeed="max"/>
    <trip id="sut_op98" depart="43200.00" from="-36357" to="-21199" type="truck" fromTaz="767" toTaz="846" departLane="free" departSpeed="max"/>
    <trip id="sut_op99" depart="43200.00" from="35485" to="3122" type="truck" fromTaz="80" toTaz="621" departLane="free" departSpeed="max"/>
</routes>
