<?xml version="1.0" encoding="UTF-8"?>

<!-- generated on 2022-08-25 22:46:59 by Eclipse SUMO od2trips Version 1.14.0
<configuration xmlns:xsi="http://www.w3.org/2001/XMLSchema-instance" xsi:noNamespaceSchemaLocation="http://sumo.dlr.de/xsd/od2tripsConfiguration.xsd">

    <input>
        <taz-files value="taz.xml"/>
        <od-matrix-files value="mut_am.txt"/>
    </input>

    <output>
        <output-file value="trips_mut_am_xml.xml"/>
    </output>

    <processing>
        <spread.uniform value="true"/>
        <vtype value="trailer"/>
        <prefix value="mut_am"/>
    </processing>

    <report>
        <ignore-errors value="true"/>
    </report>

</configuration>
-->

<routes xmlns:xsi="http://www.w3.org/2001/XMLSchema-instance" xsi:noNamespaceSchemaLocation="http://sumo.dlr.de/xsd/routes_file.xsd">
    <trip id="mut_am49" depart="22680.00" from="24021" to="28663" type="trailer" fromTaz="36" toTaz="26" departLane="free" departSpeed="max"/>
    <trip id="mut_am39" depart="23400.00" from="-17041" to="-35221" type="trailer" fromTaz="26" toTaz="36" departLane="free" departSpeed="max"/>
    <trip id="mut_am54" depart="24300.00" from="16417" to="15843" type="trailer" fromTaz="37" toTaz="26" departLane="free" departSpeed="max"/>
    <trip id="mut_am56" depart="24300.00" from="-22555" to="31476" type="trailer" fromTaz="43" toTaz="319" departLane="free" departSpeed="max"/>
    <trip id="mut_am61" depart="24300.00" from="-27776" to="15939" type="trailer" fromTaz="68" toTaz="487" departLane="free" departSpeed="max"/>
    <trip id="mut_am65" depart="24300.00" from="35117" to="15692" type="trailer" fromTaz="76" toTaz="26" departLane="free" departSpeed="max"/>
    <trip id="mut_am50" depart="24840.00" from="24041" to="-17716" type="trailer" fromTaz="36" toTaz="26" departLane="free" departSpeed="max"/>
    <trip id="mut_am0" depart="27000.00" from="32170" to="24501" type="trailer" fromTaz="119" toTaz="132" departLane="free" departSpeed="max"/>
    <trip id="mut_am1" depart="27000.00" from="-30742" to="30625" type="trailer" fromTaz="119" toTaz="133" departLane="free" departSpeed="max"/>
    <trip id="mut_am10" depart="27000.00" from="-8136" to="-17207" type="trailer" fromTaz="135" toTaz="843" departLane="free" departSpeed="max"/>
    <trip id="mut_am11" depart="27000.00" from="33758" to="-30407" type="trailer" fromTaz="149" toTaz="263" departLane="free" departSpeed="max"/>
    <trip id="mut_am12" depart="27000.00" from="-22218" to="-2182" type="trailer" fromTaz="15" toTaz="468" departLane="free" departSpeed="max"/>
    <trip id="mut_am13" depart="27000.00" from="29359" to="-27309" type="trailer" fromTaz="157" toTaz="320" departLane="free" departSpeed="max"/>
    <trip id="mut_am14" depart="27000.00" from="-23356" to="-31236" type="trailer" fromTaz="164" toTaz="271" departLane="free" departSpeed="max"/>
    <trip id="mut_am15" depart="27000.00" from="-29777" to="29906" type="trailer" fromTaz="166" toTaz="320" departLane="free" departSpeed="max"/>
    <trip id="mut_am16" depart="27000.00" from="23054" to="27048" type="trailer" fromTaz="167" toTaz="305" departLane="free" departSpeed="max"/>
    <trip id="mut_am17" depart="27000.00" from="-23108" to="15819" type="trailer" fromTaz="167" toTaz="316" departLane="free" departSpeed="max"/>
    <trip id="mut_am18" depart="27000.00" from="31708" to="-25635" type="trailer" fromTaz="167" toTaz="324" departLane="free" departSpeed="max"/>
    <trip id="mut_am19" depart="27000.00" from="-23174" to="17296" type="trailer" fromTaz="167" toTaz="409" departLane="free" departSpeed="max"/>
    <trip id="mut_am2" depart="27000.00" from="8817" to="30406" type="trailer" fromTaz="119" toTaz="263" departLane="free" departSpeed="max"/>
    <trip id="mut_am20" depart="27000.00" from="-28960" to="24710" type="trailer" fromTaz="17" toTaz="421" departLane="free" departSpeed="max"/>
    <trip id="mut_am21" depart="27000.00" from="-28959" to="-30334" type="trailer" fromTaz="17" toTaz="844" departLane="free" departSpeed="max"/>
    <trip id="mut_am22" depart="27000.00" from="-33872" to="-29072" type="trailer" fromTaz="174" toTaz="410" departLane="free" departSpeed="max"/>
    <trip id="mut_am23" depart="27000.00" from="-30835" to="-29144" type="trailer" fromTaz="18" toTaz="412" departLane="free" departSpeed="max"/>
    <trip id="mut_am24" depart="27000.00" from="-19557" to="25994" type="trailer" fromTaz="191" toTaz="271" departLane="free" departSpeed="max"/>
    <trip id="mut_am25" depart="27000.00" from="22633" to="-26937" type="trailer" fromTaz="203" toTaz="319" departLane="free" departSpeed="max"/>
    <trip id="mut_am26" depart="27000.00" from="-22616" to="-27236" type="trailer" fromTaz="203" toTaz="413" departLane="free" departSpeed="max"/>
    <trip id="mut_am27" depart="27000.00" from="18646" to="-16120" type="trailer" fromTaz="204" toTaz="828" departLane="free" departSpeed="max"/>
    <trip id="mut_am28" depart="27000.00" from="-19390" to="14014" type="trailer" fromTaz="212" toTaz="748" departLane="free" departSpeed="max"/>
    <trip id="mut_am29" depart="27000.00" from="9712" to="1259" type="trailer" fromTaz="214" toTaz="442" departLane="free" departSpeed="max"/>
    <trip id="mut_am3" depart="27000.00" from="8820" to="-38701" type="trailer" fromTaz="119" toTaz="487" departLane="free" departSpeed="max"/>
    <trip id="mut_am30" depart="27000.00" from="336" to="-1265" type="trailer" fromTaz="219" toTaz="886" departLane="free" departSpeed="max"/>
    <trip id="mut_am31" depart="27000.00" from="22521" to="-26720" type="trailer" fromTaz="22" toTaz="454" departLane="free" departSpeed="max"/>
    <trip id="mut_am32" depart="27000.00" from="38637" to="-15014" type="trailer" fromTaz="230" toTaz="241" departLane="free" departSpeed="max"/>
    <trip id="mut_am33" depart="27000.00" from="21848" to="28660" type="trailer" fromTaz="25" toTaz="26" departLane="free" departSpeed="max"/>
    <trip id="mut_am34" depart="27000.00" from="15757" to="24490" type="trailer" fromTaz="26" toTaz="132" departLane="free" departSpeed="max"/>
    <trip id="mut_am35" depart="27000.00" from="17041" to="-16458" type="trailer" fromTaz="26" toTaz="25" departLane="free" departSpeed="max"/>
    <trip id="mut_am36" depart="27000.00" from="28663" to="-17880" type="trailer" fromTaz="26" toTaz="271" departLane="free" departSpeed="max"/>
    <trip id="mut_am37" depart="27000.00" from="-28663" to="-24010" type="trailer" fromTaz="26" toTaz="29" departLane="free" departSpeed="max"/>
    <trip id="mut_am38" depart="27000.00" from="15692" to="28799" type="trailer" fromTaz="26" toTaz="3" departLane="free" departSpeed="max"/>
    <trip id="mut_am4" depart="27000.00" from="-27677" to="-16636" type="trailer" fromTaz="119" toTaz="864" departLane="free" departSpeed="max"/>
    <trip id="mut_am40" depart="27000.00" from="17427" to="34372" type="trailer" fromTaz="26" toTaz="36" departLane="free" departSpeed="max"/>
    <trip id="mut_am42" depart="27000.00" from="15843" to="28450" type="trailer" fromTaz="26" toTaz="424" departLane="free" departSpeed="max"/>
    <trip id="mut_am43" depart="27000.00" from="15763" to="-24704" type="trailer" fromTaz="26" toTaz="459" departLane="free" departSpeed="max"/>
    <trip id="mut_am44" depart="27000.00" from="17046" to="34405" type="trailer" fromTaz="26" toTaz="65" departLane="free" departSpeed="max"/>
    <trip id="mut_am45" depart="27000.00" from="-16057" to="33474" type="trailer" fromTaz="26" toTaz="719" departLane="free" departSpeed="max"/>
    <trip id="mut_am46" depart="27000.00" from="-16060" to="35904" type="trailer" fromTaz="26" toTaz="76" departLane="free" departSpeed="max"/>
    <trip id="mut_am47" depart="27000.00" from="17044" to="-36023" type="trailer" fromTaz="26" toTaz="801" departLane="free" departSpeed="max"/>
    <trip id="mut_am48" depart="27000.00" from="-20120" to="-28679" type="trailer" fromTaz="29" toTaz="26" departLane="free" departSpeed="max"/>
    <trip id="mut_am5" depart="27000.00" from="27862" to="-17325" type="trailer" fromTaz="132" toTaz="487" departLane="free" departSpeed="max"/>
    <trip id="mut_am51" depart="27000.00" from="33594" to="28663" type="trailer" fromTaz="36" toTaz="26" departLane="free" departSpeed="max"/>
    <trip id="mut_am58" depart="27000.00" from="-18658" to="-27513" type="trailer" fromTaz="43" toTaz="413" departLane="free" departSpeed="max"/>
    <trip id="mut_am59" depart="27000.00" from="23826" to="-35968" type="trailer" fromTaz="6" toTaz="719" departLane="free" departSpeed="max"/>
    <trip id="mut_am6" depart="27000.00" from="-27862" to="26204" type="trailer" fromTaz="132" toTaz="709" departLane="free" departSpeed="max"/>
    <trip id="mut_am60" depart="27000.00" from="34420" to="17046" type="trailer" fromTaz="65" toTaz="26" departLane="free" departSpeed="max"/>
    <trip id="mut_am63" depart="27000.00" from="-17012" to="16782" type="trailer" fromTaz="68" toTaz="840" departLane="free" departSpeed="max"/>
    <trip id="mut_am64" depart="27000.00" from="-28971" to="-29255" type="trailer" fromTaz="7" toTaz="844" departLane="free" departSpeed="max"/>
    <trip id="mut_am67" depart="27000.00" from="-35891" to="28812" type="trailer" fromTaz="76" toTaz="27" departLane="free" departSpeed="max"/>
    <trip id="mut_am68" depart="27000.00" from="-16372" to="-27013" type="trailer" fromTaz="8" toTaz="305" departLane="free" departSpeed="max"/>
    <trip id="mut_am69" depart="27000.00" from="22301" to="26454" type="trailer" fromTaz="8" toTaz="864" departLane="free" departSpeed="max"/>
    <trip id="mut_am7" depart="27000.00" from="-24398" to="-31325" type="trailer" fromTaz="132" toTaz="711" departLane="free" departSpeed="max"/>
    <trip id="mut_am8" depart="27000.00" from="24470" to="-17000" type="trailer" fromTaz="132" toTaz="712" departLane="free" departSpeed="max"/>
    <trip id="mut_am9" depart="27000.00" from="-8737" to="-10154" type="trailer" fromTaz="134" toTaz="817" departLane="free" departSpeed="max"/>
    <trip id="mut_am52" depart="29160.00" from="33525" to="-28663" type="trailer" fromTaz="36" toTaz="26" departLane="free" departSpeed="max"/>
    <trip id="mut_am55" depart="29700.00" from="-23591" to="15844" type="trailer" fromTaz="37" toTaz="26" departLane="free" departSpeed="max"/>
    <trip id="mut_am57" depart="29700.00" from="18684" to="27125" type="trailer" fromTaz="43" toTaz="319" departLane="free" departSpeed="max"/>
    <trip id="mut_am62" depart="29700.00" from="-27788" to="-17332" type="trailer" fromTaz="68" toTaz="487" departLane="free" departSpeed="max"/>
    <trip id="mut_am66" depart="29700.00" from="-33441" to="28660" type="trailer" fromTaz="76" toTaz="26" departLane="free" departSpeed="max"/>
    <trip id="mut_am41" depart="30600.00" from="17046" to="-20925" type="trailer" fromTaz="26" toTaz="36" departLane="free" departSpeed="max"/>
    <trip id="mut_am53" depart="31320.00" from="21860" to="-16061" type="trailer" fromTaz="36" toTaz="26" departLane="free" departSpeed="max"/>
</routes>
