<?xml version="1.0" encoding="UTF-8"?>

<!-- generated on 2022-08-25 22:48:45 by Eclipse SUMO od2trips Version 1.14.0
<configuration xmlns:xsi="http://www.w3.org/2001/XMLSchema-instance" xsi:noNamespaceSchemaLocation="http://sumo.dlr.de/xsd/od2tripsConfiguration.xsd">

    <input>
        <taz-files value="taz.xml"/>
        <od-matrix-files value="sut_am.txt"/>
    </input>

    <output>
        <output-file value="trips_sut_am_xml.xml"/>
    </output>

    <processing>
        <spread.uniform value="true"/>
        <vtype value="truck"/>
        <prefix value="sut_am"/>
    </processing>

    <report>
        <ignore-errors value="true"/>
    </report>

</configuration>
-->

<routes xmlns:xsi="http://www.w3.org/2001/XMLSchema-instance" xsi:noNamespaceSchemaLocation="http://sumo.dlr.de/xsd/routes_file.xsd">
    <trip id="sut_am0" depart="27000.00" from="-32145" to="-33106" type="truck" fromTaz="119" toTaz="415" departLane="free" departSpeed="max"/>
    <trip id="sut_am1" depart="27000.00" from="-27671" to="4749" type="truck" fromTaz="119" toTaz="505" departLane="free" departSpeed="max"/>
    <trip id="sut_am10" depart="27000.00" from="25418" to="15852" type="truck" fromTaz="268" toTaz="482" departLane="free" departSpeed="max"/>
    <trip id="sut_am11" depart="27000.00" from="11238" to="19136" type="truck" fromTaz="278" toTaz="202" departLane="free" departSpeed="max"/>
    <trip id="sut_am12" depart="27000.00" from="-14978" to="9774" type="truck" fromTaz="279" toTaz="274" departLane="free" departSpeed="max"/>
    <trip id="sut_am13" depart="27000.00" from="-7202" to="25179" type="truck" fromTaz="282" toTaz="257" departLane="free" departSpeed="max"/>
    <trip id="sut_am14" depart="27000.00" from="13789" to="18493" type="truck" fromTaz="282" toTaz="889" departLane="free" departSpeed="max"/>
    <trip id="sut_am15" depart="27000.00" from="28961" to="20510" type="truck" fromTaz="3" toTaz="140" departLane="free" departSpeed="max"/>
    <trip id="sut_am16" depart="27000.00" from="-16681" to="-19461" type="truck" fromTaz="302" toTaz="205" departLane="free" departSpeed="max"/>
    <trip id="sut_am17" depart="27000.00" from="11700" to="6998" type="truck" fromTaz="306" toTaz="282" departLane="free" departSpeed="max"/>
    <trip id="sut_am18" depart="27000.00" from="5050" to="1647" type="truck" fromTaz="310" toTaz="468" departLane="free" departSpeed="max"/>
    <trip id="sut_am19" depart="27000.00" from="-8914" to="1080" type="truck" fromTaz="312" toTaz="400" departLane="free" departSpeed="max"/>
    <trip id="sut_am2" depart="27000.00" from="13437" to="-8748" type="truck" fromTaz="135" toTaz="860" departLane="free" departSpeed="max"/>
    <trip id="sut_am20" depart="27000.00" from="8882" to="-17178" type="truck" fromTaz="313" toTaz="476" departLane="free" departSpeed="max"/>
    <trip id="sut_am21" depart="27000.00" from="-25957" to="30872" type="truck" fromTaz="322" toTaz="840" departLane="free" departSpeed="max"/>
    <trip id="sut_am22" depart="27000.00" from="26079" to="24509" type="truck" fromTaz="327" toTaz="132" departLane="free" departSpeed="max"/>
    <trip id="sut_am23" depart="27000.00" from="-7642" to="20729" type="truck" fromTaz="364" toTaz="52" departLane="free" departSpeed="max"/>
    <trip id="sut_am24" depart="27000.00" from="-7733" to="-29289" type="truck" fromTaz="369" toTaz="691" departLane="free" departSpeed="max"/>
    <trip id="sut_am25" depart="27000.00" from="-7625" to="-5393" type="truck" fromTaz="370" toTaz="532" departLane="free" departSpeed="max"/>
    <trip id="sut_am26" depart="27000.00" from="-12289" to="1491" type="truck" fromTaz="372" toTaz="488" departLane="free" departSpeed="max"/>
    <trip id="sut_am27" depart="27000.00" from="-11455" to="36183" type="truck" fromTaz="381" toTaz="185" departLane="free" departSpeed="max"/>
    <trip id="sut_am28" depart="27000.00" from="1115" to="134" type="truck" fromTaz="386" toTaz="446" departLane="free" departSpeed="max"/>
    <trip id="sut_am29" depart="27000.00" from="4948" to="-16015" type="truck" fromTaz="387" toTaz="782" departLane="free" departSpeed="max"/>
    <trip id="sut_am3" depart="27000.00" from="-20593" to="-1612" type="truck" fromTaz="140" toTaz="882" departLane="free" departSpeed="max"/>
    <trip id="sut_am30" depart="27000.00" from="-4752" to="-24635" type="truck" fromTaz="390" toTaz="457" departLane="free" departSpeed="max"/>
    <trip id="sut_am31" depart="27000.00" from="-4823" to="6216" type="truck" fromTaz="391" toTaz="252" departLane="free" departSpeed="max"/>
    <trip id="sut_am32" depart="27000.00" from="-6081" to="-7550" type="truck" fromTaz="392" toTaz="364" departLane="free" departSpeed="max"/>
    <trip id="sut_am33" depart="27000.00" from="11259" to="7535" type="truck" fromTaz="394" toTaz="370" departLane="free" departSpeed="max"/>
    <trip id="sut_am34" depart="27000.00" from="-6164" to="-7795" type="truck" fromTaz="394" toTaz="568" departLane="free" departSpeed="max"/>
    <trip id="sut_am35" depart="27000.00" from="13764" to="3707" type="truck" fromTaz="395" toTaz="522" departLane="free" departSpeed="max"/>
    <trip id="sut_am36" depart="27000.00" from="-23645" to="-33092" type="truck" fromTaz="4" toTaz="305" departLane="free" departSpeed="max"/>
    <trip id="sut_am37" depart="27000.00" from="-31279" to="-30157" type="truck" fromTaz="404" toTaz="905" departLane="free" departSpeed="max"/>
    <trip id="sut_am38" depart="27000.00" from="-24613" to="-3335" type="truck" fromTaz="420" toTaz="349" departLane="free" departSpeed="max"/>
    <trip id="sut_am39" depart="27000.00" from="26801" to="-33165" type="truck" fromTaz="429" toTaz="132" departLane="free" departSpeed="max"/>
    <trip id="sut_am4" depart="27000.00" from="-23048" to="14094" type="truck" fromTaz="159" toTaz="252" departLane="free" departSpeed="max"/>
    <trip id="sut_am40" depart="27000.00" from="18918" to="12998" type="truck" fromTaz="43" toTaz="359" departLane="free" departSpeed="max"/>
    <trip id="sut_am41" depart="27000.00" from="-6232" to="5354" type="truck" fromTaz="443" toTaz="529" departLane="free" departSpeed="max"/>
    <trip id="sut_am42" depart="27000.00" from="25413" to="31273" type="truck" fromTaz="449" toTaz="692" departLane="free" departSpeed="max"/>
    <trip id="sut_am43" depart="27000.00" from="-27187" to="25526" type="truck" fromTaz="455" toTaz="267" departLane="free" departSpeed="max"/>
    <trip id="sut_am44" depart="27000.00" from="26753" to="13765" type="truck" fromTaz="476" toTaz="395" departLane="free" departSpeed="max"/>
    <trip id="sut_am45" depart="27000.00" from="36029" to="118" type="truck" fromTaz="48" toTaz="882" departLane="free" departSpeed="max"/>
    <trip id="sut_am46" depart="27000.00" from="-17315" to="11243" type="truck" fromTaz="487" toTaz="885" departLane="free" departSpeed="max"/>
    <trip id="sut_am47" depart="27000.00" from="-5496" to="30717" type="truck" fromTaz="495" toTaz="606" departLane="free" departSpeed="max"/>
    <trip id="sut_am48" depart="27000.00" from="-5632" to="-9592" type="truck" fromTaz="502" toTaz="752" departLane="free" departSpeed="max"/>
    <trip id="sut_am49" depart="27000.00" from="5216" to="5238" type="truck" fromTaz="507" toTaz="529" departLane="free" departSpeed="max"/>
    <trip id="sut_am5" depart="27000.00" from="-36362" to="-35285" type="truck" fromTaz="173" toTaz="98" departLane="free" departSpeed="max"/>
    <trip id="sut_am50" depart="27000.00" from="5706" to="30607" type="truck" fromTaz="508" toTaz="845" departLane="free" departSpeed="max"/>
    <trip id="sut_am51" depart="27000.00" from="-12215" to="25080" type="truck" fromTaz="519" toTaz="731" departLane="free" departSpeed="max"/>
    <trip id="sut_am52" depart="27000.00" from="5354" to="-33744" type="truck" fromTaz="529" toTaz="149" departLane="free" departSpeed="max"/>
    <trip id="sut_am53" depart="27000.00" from="-5237" to="7030" type="truck" fromTaz="529" toTaz="309" departLane="free" departSpeed="max"/>
    <trip id="sut_am54" depart="27000.00" from="9877" to="-3053" type="truck" fromTaz="544" toTaz="637" departLane="free" departSpeed="max"/>
    <trip id="sut_am55" depart="27000.00" from="-27977" to="-31379" type="truck" fromTaz="548" toTaz="189" departLane="free" departSpeed="max"/>
    <trip id="sut_am56" depart="27000.00" from="24401" to="17337" type="truck" fromTaz="558" toTaz="842" departLane="free" departSpeed="max"/>
    <trip id="sut_am57" depart="27000.00" from="1554" to="-21518" type="truck" fromTaz="569" toTaz="97" departLane="free" departSpeed="max"/>
    <trip id="sut_am58" depart="27000.00" from="-3449" to="2314" type="truck" fromTaz="570" toTaz="574" departLane="free" departSpeed="max"/>
    <trip id="sut_am59" depart="27000.00" from="13207" to="2946" type="truck" fromTaz="582" toTaz="628" departLane="free" departSpeed="max"/>
    <trip id="sut_am6" depart="27000.00" from="-19068" to="-12648" type="truck" fromTaz="209" toTaz="569" departLane="free" departSpeed="max"/>
    <trip id="sut_am60" depart="27000.00" from="-12412" to="-12967" type="truck" fromTaz="600" toTaz="585" departLane="free" departSpeed="max"/>
    <trip id="sut_am61" depart="27000.00" from="10122" to="473" type="truck" fromTaz="621" toTaz="525" departLane="free" departSpeed="max"/>
    <trip id="sut_am62" depart="27000.00" from="34400" to="15870" type="truck" fromTaz="65" toTaz="418" departLane="free" departSpeed="max"/>
    <trip id="sut_am63" depart="27000.00" from="-34862" to="-22473" type="truck" fromTaz="66" toTaz="777" departLane="free" departSpeed="max"/>
    <trip id="sut_am64" depart="27000.00" from="-14477" to="30061" type="truck" fromTaz="679" toTaz="734" departLane="free" departSpeed="max"/>
    <trip id="sut_am65" depart="27000.00" from="-13771" to="-6880" type="truck" fromTaz="680" toTaz="470" departLane="free" departSpeed="max"/>
    <trip id="sut_am66" depart="27000.00" from="1667" to="28032" type="truck" fromTaz="681" toTaz="148" departLane="free" departSpeed="max"/>
    <trip id="sut_am67" depart="27000.00" from="-2285" to="27061" type="truck" fromTaz="684" toTaz="842" departLane="free" departSpeed="max"/>
    <trip id="sut_am68" depart="27000.00" from="-31239" to="-7791" type="truck" fromTaz="692" toTaz="872" departLane="free" departSpeed="max"/>
    <trip id="sut_am69" depart="27000.00" from="28591" to="35407" type="truck" fromTaz="7" toTaz="61" departLane="free" departSpeed="max"/>
    <trip id="sut_am7" depart="27000.00" from="-14357" to="-32878" type="truck" fromTaz="240" toTaz="318" departLane="free" departSpeed="max"/>
    <trip id="sut_am70" depart="27000.00" from="8148" to="-18574" type="truck" fromTaz="703" toTaz="162" departLane="free" departSpeed="max"/>
    <trip id="sut_am71" depart="27000.00" from="-31960" to="-2257" type="truck" fromTaz="717" toTaz="815" departLane="free" departSpeed="max"/>
    <trip id="sut_am72" depart="27000.00" from="14118" to="-9979" type="truck" fromTaz="748" toTaz="817" departLane="free" departSpeed="max"/>
    <trip id="sut_am73" depart="27000.00" from="14042" to="17527" type="truck" fromTaz="749" toTaz="715" departLane="free" departSpeed="max"/>
    <trip id="sut_am74" depart="27000.00" from="-30284" to="16843" type="truck" fromTaz="763" toTaz="456" departLane="free" departSpeed="max"/>
    <trip id="sut_am75" depart="27000.00" from="17129" to="gneE24" type="truck" fromTaz="765" toTaz="214" departLane="free" departSpeed="max"/>
    <trip id="sut_am76" depart="27000.00" from="-22322" to="1519" type="truck" fromTaz="780" toTaz="752" departLane="free" departSpeed="max"/>
    <trip id="sut_am77" depart="27000.00" from="35485" to="31336" type="truck" fromTaz="80" toTaz="711" departLane="free" departSpeed="max"/>
    <trip id="sut_am78" depart="27000.00" from="14336" to="4575" type="truck" fromTaz="808" toTaz="401" departLane="free" departSpeed="max"/>
    <trip id="sut_am79" depart="27000.00" from="14144" to="-32486" type="truck" fromTaz="813" toTaz="487" departLane="free" departSpeed="max"/>
    <trip id="sut_am8" depart="27000.00" from="-11675" to="17243" type="truck" fromTaz="250" toTaz="711" departLane="free" departSpeed="max"/>
    <trip id="sut_am80" depart="27000.00" from="12417" to="21812" type="truck" fromTaz="816" toTaz="870" departLane="free" departSpeed="max"/>
    <trip id="sut_am81" depart="27000.00" from="-8639" to="6561" type="truck" fromTaz="818" toTaz="442" departLane="free" departSpeed="max"/>
    <trip id="sut_am82" depart="27000.00" from="13431" to="2582" type="truck" fromTaz="825" toTaz="223" departLane="free" departSpeed="max"/>
    <trip id="sut_am83" depart="27000.00" from="-27383" to="-27399" type="truck" fromTaz="831" toTaz="460" departLane="free" departSpeed="max"/>
    <trip id="sut_am84" depart="27000.00" from="-8766" to="35026" type="truck" fromTaz="860" toTaz="798" departLane="free" departSpeed="max"/>
    <trip id="sut_am85" depart="27000.00" from="-30276" to="-31156" type="truck" fromTaz="863" toTaz="489" departLane="free" departSpeed="max"/>
    <trip id="sut_am86" depart="27000.00" from="-7805" to="-5418" type="truck" fromTaz="872" toTaz="531" departLane="free" departSpeed="max"/>
    <trip id="sut_am87" depart="27000.00" from="8024" to="-10533" type="truck" fromTaz="878" toTaz="511" departLane="free" departSpeed="max"/>
    <trip id="sut_am88" depart="27000.00" from="-2010" to="25627" type="truck" fromTaz="885" toTaz="451" departLane="free" departSpeed="max"/>
    <trip id="sut_am89" depart="27000.00" from="-11203" to="8377" type="truck" fromTaz="887" toTaz="355" departLane="free" departSpeed="max"/>
    <trip id="sut_am9" depart="27000.00" from="33129" to="-19392" type="truck" fromTaz="256" toTaz="212" departLane="free" departSpeed="max"/>
    <trip id="sut_am90" depart="27000.00" from="-6461" to="26950" type="truck" fromTaz="902" toTaz="476" departLane="free" departSpeed="max"/>
    <trip id="sut_am91" depart="27000.00" from="11310" to="-7266" type="truck" fromTaz="904" toTaz="282" departLane="free" departSpeed="max"/>
</routes>
