<metadata xml:lang="en"><Esri><CreaDate>20220706</CreaDate><CreaTime>01472400</CreaTime><ArcGISFormat>1.0</ArcGISFormat><SyncOnce>FALSE</SyncOnce><DataProperties><itemProps><itemName Sync="TRUE">taz909</itemName><imsContentType Sync="TRUE">002</imsContentType><itemLocation><linkage Sync="TRUE">file://\\LIB205L20A220\C$\Users\user\Documents\ArcGIS\Projects\Transit\taz909.shp</linkage><protocol Sync="TRUE">Local Area Network</protocol></itemLocation><itemSize Sync="TRUE">0.000</itemSize></itemProps><coordRef><type Sync="TRUE">Geographic</type><geogcsn Sync="TRUE">GCS_GRS_1980</geogcsn><csUnits Sync="TRUE">Angular Unit: Degree (0.017453)</csUnits><peXml Sync="TRUE">&lt;GeographicCoordinateSystem xsi:type='typens:GeographicCoordinateSystem' xmlns:xsi='http://www.w3.org/2001/XMLSchema-instance' xmlns:xs='http://www.w3.org/2001/XMLSchema' xmlns:typens='http://www.esri.com/schemas/ArcGIS/2.8.0'&gt;&lt;WKT&gt;GEOGCS[&amp;quot;GCS_GRS_1980&amp;quot;,DATUM[&amp;quot;D_GRS_1980&amp;quot;,SPHEROID[&amp;quot;GRS_1980&amp;quot;,6378137.0,298.257222101]],PRIMEM[&amp;quot;Greenwich&amp;quot;,0.0],UNIT[&amp;quot;Degree&amp;quot;,0.0174532925199433],AUTHORITY[&amp;quot;EPSG&amp;quot;,4019]]&lt;/WKT&gt;&lt;XOrigin&gt;-400&lt;/XOrigin&gt;&lt;YOrigin&gt;-400&lt;/YOrigin&gt;&lt;XYScale&gt;11258999068426.238&lt;/XYScale&gt;&lt;ZOrigin&gt;-100000&lt;/ZOrigin&gt;&lt;ZScale&gt;10000&lt;/ZScale&gt;&lt;MOrigin&gt;-100000&lt;/MOrigin&gt;&lt;MScale&gt;10000&lt;/MScale&gt;&lt;XYTolerance&gt;8.983152841195215e-09&lt;/XYTolerance&gt;&lt;ZTolerance&gt;0.001&lt;/ZTolerance&gt;&lt;MTolerance&gt;0.001&lt;/MTolerance&gt;&lt;HighPrecision&gt;true&lt;/HighPrecision&gt;&lt;LeftLongitude&gt;-180&lt;/LeftLongitude&gt;&lt;WKID&gt;4019&lt;/WKID&gt;&lt;LatestWKID&gt;4019&lt;/LatestWKID&gt;&lt;/GeographicCoordinateSystem&gt;</peXml></coordRef><lineage><Process ToolSource="c:\program files\arcgis\pro\Resources\ArcToolbox\toolboxes\Conversion Tools.tbx\FeatureClassToFeatureClass" Date="20220706" Time="014724">FeatureClassToFeatureClass TAZ_2014 C:\Users\user\Documents\ArcGIS\Projects\Transit\Transit.gdb taz909 # "ID "ID" true true false 10 Long 0 10,First,#,TAZ_2014,ID,-1,-1;AREA "AREA" true true false 10 Double 2 9,First,#,TAZ_2014,AREA,-1,-1;TAZID "TAZID" true true false 10 Long 0 10,First,#,TAZ_2014,TAZID,-1,-1;COUNTYID "COUNTYID" true true false 6 Long 0 6,First,#,TAZ_2014,COUNTYID,-1,-1;STATEID "STATEID" true true false 6 Long 0 6,First,#,TAZ_2014,STATEID,-1,-1;AREA_TYPE "AREA_TYPE" true true false 6 Long 0 6,First,#,TAZ_2014,AREA_TYPE,-1,-1;DISTR_ID "DISTR_ID" true true false 6 Long 0 6,First,#,TAZ_2014,DISTR_ID,-1,-1;SDISTR_ID "SDISTR_ID" true true false 6 Long 0 6,First,#,TAZ_2014,SDISTR_ID,-1,-1;EXTERNAL "EXTERNAL" true true false 4 Short 0 4,First,#,TAZ_2014,EXTERNAL,-1,-1;TOTPOP "TOTPOP" true true false 8 Long 0 8,First,#,TAZ_2014,TOTPOP,-1,-1;HH "HH" true true false 8 Long 0 8,First,#,TAZ_2014,HH,-1,-1;STUGRD_P "STUGRD_P" true true false 8 Long 0 8,First,#,TAZ_2014,STUGRD_P,-1,-1;STUHGH_P "STUHGH_P" true true false 8 Long 0 8,First,#,TAZ_2014,STUHGH_P,-1,-1;STUUNI_P "STUUNI_P" true true false 8 Long 0 8,First,#,TAZ_2014,STUUNI_P,-1,-1;TOTAL_EMP "TOTAL_EMP" true true false 12 Double 2 11,First,#,TAZ_2014,TOTAL_EMP,-1,-1;EMPEDU_P "EMPEDU_P" true true false 10 Double 2 9,First,#,TAZ_2014,EMPEDU_P,-1,-1;EMPFOO_P "EMPFOO_P" true true false 10 Double 2 9,First,#,TAZ_2014,EMPFOO_P,-1,-1;EMPGOV_P "EMPGOV_P" true true false 10 Double 2 9,First,#,TAZ_2014,EMPGOV_P,-1,-1;EMPIND_P "EMPIND_P" true true false 10 Double 2 9,First,#,TAZ_2014,EMPIND_P,-1,-1;EMPMED_P "EMPMED_P" true true false 10 Double 2 9,First,#,TAZ_2014,EMPMED_P,-1,-1;EMPOFC_P "EMPOFC_P" true true false 10 Double 2 9,First,#,TAZ_2014,EMPOFC_P,-1,-1;EMPRET_P "EMPRET_P" true true false 10 Double 2 9,First,#,TAZ_2014,EMPRET_P,-1,-1;EMPSVC_P "EMPSVC_P" true true false 10 Double 2 9,First,#,TAZ_2014,EMPSVC_P,-1,-1;EMPOTH_P "EMPOTH_P" true true false 10 Double 2 9,First,#,TAZ_2014,EMPOTH_P,-1,-1;EMPDENS "EMPDENS" true true false 12 Double 2 11,First,#,TAZ_2014,EMPDENS,-1,-1;POPDENS "POPDENS" true true false 12 Double 2 11,First,#,TAZ_2014,POPDENS,-1,-1;GENACCESS "GENACCESS" true true false 12 Double 2 11,First,#,TAZ_2014,GENACCESS,-1,-1;NEARACCESS "NEARACCESS" true true false 12 Double 2 11,First,#,TAZ_2014,NEARACCESS,-1,-1;ACCESSEMP "ACCESSEMP" true true false 12 Double 2 11,First,#,TAZ_2014,ACCESSEMP,-1,-1;ACCESSRET "ACCESSRET" true true false 12 Double 2 11,First,#,TAZ_2014,ACCESSRET,-1,-1" #</Process><Process ToolSource="c:\program files\arcgis\pro\Resources\ArcToolbox\toolboxes\Data Management Tools.tbx\CopyFeatures" Date="20220706" Time="020305">CopyFeatures C:\Users\user\Documents\ArcGIS\Projects\Transit\Transit.gdb\taz909 C:\Users\user\Documents\ArcGIS\Projects\Transit\taz909.shp # # # #</Process></lineage></DataProperties><SyncDate>20220706</SyncDate><SyncTime>02030500</SyncTime><ModDate>20220706</ModDate><ModTime>02030500</ModTime></Esri><dataIdInfo><envirDesc Sync="TRUE">Microsoft Windows 10 Version 10.0 (Build 22000) ; Esri ArcGIS 12.8.0.29751</envirDesc><dataLang><languageCode value="eng" Sync="TRUE"></languageCode><countryCode value="USA" Sync="TRUE"></countryCode></dataLang><idCitation><resTitle Sync="TRUE">taz909</resTitle><presForm><PresFormCd value="005" Sync="TRUE"></PresFormCd></presForm></idCitation><spatRpType><SpatRepTypCd value="001" Sync="TRUE"></SpatRepTypCd></spatRpType></dataIdInfo><mdLang><languageCode value="eng" Sync="TRUE"></languageCode><countryCode value="USA" Sync="TRUE"></countryCode></mdLang><distInfo><distFormat><formatName Sync="TRUE">Shapefile</formatName></distFormat><distTranOps><transSize Sync="TRUE">0.000</transSize></distTranOps></distInfo><mdHrLv><ScopeCd value="005" Sync="TRUE"></ScopeCd></mdHrLv><mdHrLvName Sync="TRUE">dataset</mdHrLvName><refSysInfo><RefSystem><refSysID><identCode code="4019" Sync="TRUE"></identCode><idCodeSpace Sync="TRUE">EPSG</idCodeSpace><idVersion Sync="TRUE">3.0(3.0.1)</idVersion></refSysID></RefSystem></refSysInfo><spatRepInfo><VectSpatRep><geometObjs Name="taz909"><geoObjTyp><GeoObjTypCd value="002" Sync="TRUE"></GeoObjTypCd></geoObjTyp><geoObjCnt Sync="TRUE">0</geoObjCnt></geometObjs><topLvl><TopoLevCd value="001" Sync="TRUE"></TopoLevCd></topLvl></VectSpatRep></spatRepInfo><spdoinfo><ptvctinf><esriterm Name="taz909"><efeatyp Sync="TRUE">Simple</efeatyp><efeageom code="4" Sync="TRUE"></efeageom><esritopo Sync="TRUE">FALSE</esritopo><efeacnt Sync="TRUE">0</efeacnt><spindex Sync="TRUE">FALSE</spindex><linrefer Sync="TRUE">FALSE</linrefer></esriterm></ptvctinf></spdoinfo><eainfo><detailed Name="taz909"><enttyp><enttypl Sync="TRUE">taz909</enttypl><enttypt Sync="TRUE">Feature Class</enttypt><enttypc Sync="TRUE">0</enttypc></enttyp><attr><attrlabl Sync="TRUE">FID</attrlabl><attalias Sync="TRUE">FID</attalias><attrtype Sync="TRUE">OID</attrtype><attwidth Sync="TRUE">4</attwidth><atprecis Sync="TRUE">0</atprecis><attscale Sync="TRUE">0</attscale><attrdef Sync="TRUE">Internal feature number.</attrdef><attrdefs Sync="TRUE">Esri</attrdefs><attrdomv><udom Sync="TRUE">Sequential unique whole numbers that are automatically generated.</udom></attrdomv></attr><attr><attrlabl Sync="TRUE">Shape</attrlabl><attalias Sync="TRUE">Shape</attalias><attrtype Sync="TRUE">Geometry</attrtype><attwidth Sync="TRUE">0</attwidth><atprecis Sync="TRUE">0</atprecis><attscale Sync="TRUE">0</attscale><attrdef Sync="TRUE">Feature geometry.</attrdef><attrdefs Sync="TRUE">Esri</attrdefs><attrdomv><udom Sync="TRUE">Coordinates defining the features.</udom></attrdomv></attr><attr><attrlabl Sync="TRUE">ID</attrlabl><attalias Sync="TRUE">ID</attalias><attrtype Sync="TRUE">Integer</attrtype><attwidth Sync="TRUE">10</attwidth><atprecis Sync="TRUE">10</atprecis><attscale Sync="TRUE">0</attscale></attr><attr><attrlabl Sync="TRUE">AREA</attrlabl><attalias Sync="TRUE">AREA</attalias><attrtype Sync="TRUE">Double</attrtype><attwidth Sync="TRUE">19</attwidth><atprecis Sync="TRUE">0</atprecis><attscale Sync="TRUE">0</attscale></attr><attr><attrlabl Sync="TRUE">TAZID</attrlabl><attalias Sync="TRUE">TAZID</attalias><attrtype Sync="TRUE">Integer</attrtype><attwidth Sync="TRUE">10</attwidth><atprecis Sync="TRUE">10</atprecis><attscale Sync="TRUE">0</attscale></attr><attr><attrlabl Sync="TRUE">COUNTYID</attrlabl><attalias Sync="TRUE">COUNTYID</attalias><attrtype Sync="TRUE">Integer</attrtype><attwidth Sync="TRUE">10</attwidth><atprecis Sync="TRUE">10</atprecis><attscale Sync="TRUE">0</attscale></attr><attr><attrlabl Sync="TRUE">STATEID</attrlabl><attalias Sync="TRUE">STATEID</attalias><attrtype Sync="TRUE">Integer</attrtype><attwidth Sync="TRUE">10</attwidth><atprecis Sync="TRUE">10</atprecis><attscale Sync="TRUE">0</attscale></attr><attr><attrlabl Sync="TRUE">AREA_TYPE</attrlabl><attalias Sync="TRUE">AREA_TYPE</attalias><attrtype Sync="TRUE">Integer</attrtype><attwidth Sync="TRUE">10</attwidth><atprecis Sync="TRUE">10</atprecis><attscale Sync="TRUE">0</attscale></attr><attr><attrlabl Sync="TRUE">DISTR_ID</attrlabl><attalias Sync="TRUE">DISTR_ID</attalias><attrtype Sync="TRUE">Integer</attrtype><attwidth Sync="TRUE">10</attwidth><atprecis Sync="TRUE">10</atprecis><attscale Sync="TRUE">0</attscale></attr><attr><attrlabl Sync="TRUE">SDISTR_ID</attrlabl><attalias Sync="TRUE">SDISTR_ID</attalias><attrtype Sync="TRUE">Integer</attrtype><attwidth Sync="TRUE">10</attwidth><atprecis Sync="TRUE">10</atprecis><attscale Sync="TRUE">0</attscale></attr><attr><attrlabl Sync="TRUE">EXTERNAL</attrlabl><attalias Sync="TRUE">EXTERNAL</attalias><attrtype Sync="TRUE">Integer</attrtype><attwidth Sync="TRUE">5</attwidth><atprecis Sync="TRUE">5</atprecis><attscale Sync="TRUE">0</attscale></attr><attr><attrlabl Sync="TRUE">TOTPOP</attrlabl><attalias Sync="TRUE">TOTPOP</attalias><attrtype Sync="TRUE">Integer</attrtype><attwidth Sync="TRUE">10</attwidth><atprecis Sync="TRUE">10</atprecis><attscale Sync="TRUE">0</attscale></attr><attr><attrlabl Sync="TRUE">HH</attrlabl><attalias Sync="TRUE">HH</attalias><attrtype Sync="TRUE">Integer</attrtype><attwidth Sync="TRUE">10</attwidth><atprecis Sync="TRUE">10</atprecis><attscale Sync="TRUE">0</attscale></attr><attr><attrlabl Sync="TRUE">STUGRD_P</attrlabl><attalias Sync="TRUE">STUGRD_P</attalias><attrtype Sync="TRUE">Integer</attrtype><attwidth Sync="TRUE">10</attwidth><atprecis Sync="TRUE">10</atprecis><attscale Sync="TRUE">0</attscale></attr><attr><attrlabl Sync="TRUE">STUHGH_P</attrlabl><attalias Sync="TRUE">STUHGH_P</attalias><attrtype Sync="TRUE">Integer</attrtype><attwidth Sync="TRUE">10</attwidth><atprecis Sync="TRUE">10</atprecis><attscale Sync="TRUE">0</attscale></attr><attr><attrlabl Sync="TRUE">STUUNI_P</attrlabl><attalias Sync="TRUE">STUUNI_P</attalias><attrtype Sync="TRUE">Integer</attrtype><attwidth Sync="TRUE">10</attwidth><atprecis Sync="TRUE">10</atprecis><attscale Sync="TRUE">0</attscale></attr><attr><attrlabl Sync="TRUE">TOTAL_EMP</attrlabl><attalias Sync="TRUE">TOTAL_EMP</attalias><attrtype Sync="TRUE">Double</attrtype><attwidth Sync="TRUE">19</attwidth><atprecis Sync="TRUE">0</atprecis><attscale Sync="TRUE">0</attscale></attr><attr><attrlabl Sync="TRUE">EMPEDU_P</attrlabl><attalias Sync="TRUE">EMPEDU_P</attalias><attrtype Sync="TRUE">Double</attrtype><attwidth Sync="TRUE">19</attwidth><atprecis Sync="TRUE">0</atprecis><attscale Sync="TRUE">0</attscale></attr><attr><attrlabl Sync="TRUE">EMPFOO_P</attrlabl><attalias Sync="TRUE">EMPFOO_P</attalias><attrtype Sync="TRUE">Double</attrtype><attwidth Sync="TRUE">19</attwidth><atprecis Sync="TRUE">0</atprecis><attscale Sync="TRUE">0</attscale></attr><attr><attrlabl Sync="TRUE">EMPGOV_P</attrlabl><attalias Sync="TRUE">EMPGOV_P</attalias><attrtype Sync="TRUE">Double</attrtype><attwidth Sync="TRUE">19</attwidth><atprecis Sync="TRUE">0</atprecis><attscale Sync="TRUE">0</attscale></attr><attr><attrlabl Sync="TRUE">EMPIND_P</attrlabl><attalias Sync="TRUE">EMPIND_P</attalias><attrtype Sync="TRUE">Double</attrtype><attwidth Sync="TRUE">19</attwidth><atprecis Sync="TRUE">0</atprecis><attscale Sync="TRUE">0</attscale></attr><attr><attrlabl Sync="TRUE">EMPMED_P</attrlabl><attalias Sync="TRUE">EMPMED_P</attalias><attrtype Sync="TRUE">Double</attrtype><attwidth Sync="TRUE">19</attwidth><atprecis Sync="TRUE">0</atprecis><attscale Sync="TRUE">0</attscale></attr><attr><attrlabl Sync="TRUE">EMPOFC_P</attrlabl><attalias Sync="TRUE">EMPOFC_P</attalias><attrtype Sync="TRUE">Double</attrtype><attwidth Sync="TRUE">19</attwidth><atprecis Sync="TRUE">0</atprecis><attscale Sync="TRUE">0</attscale></attr><attr><attrlabl Sync="TRUE">EMPRET_P</attrlabl><attalias Sync="TRUE">EMPRET_P</attalias><attrtype Sync="TRUE">Double</attrtype><attwidth Sync="TRUE">19</attwidth><atprecis Sync="TRUE">0</atprecis><attscale Sync="TRUE">0</attscale></attr><attr><attrlabl Sync="TRUE">EMPSVC_P</attrlabl><attalias Sync="TRUE">EMPSVC_P</attalias><attrtype Sync="TRUE">Double</attrtype><attwidth Sync="TRUE">19</attwidth><atprecis Sync="TRUE">0</atprecis><attscale Sync="TRUE">0</attscale></attr><attr><attrlabl Sync="TRUE">EMPOTH_P</attrlabl><attalias Sync="TRUE">EMPOTH_P</attalias><attrtype Sync="TRUE">Double</attrtype><attwidth Sync="TRUE">19</attwidth><atprecis Sync="TRUE">0</atprecis><attscale Sync="TRUE">0</attscale></attr><attr><attrlabl Sync="TRUE">EMPDENS</attrlabl><attalias Sync="TRUE">EMPDENS</attalias><attrtype Sync="TRUE">Double</attrtype><attwidth Sync="TRUE">19</attwidth><atprecis Sync="TRUE">0</atprecis><attscale Sync="TRUE">0</attscale></attr><attr><attrlabl Sync="TRUE">POPDENS</attrlabl><attalias Sync="TRUE">POPDENS</attalias><attrtype Sync="TRUE">Double</attrtype><attwidth Sync="TRUE">19</attwidth><atprecis Sync="TRUE">0</atprecis><attscale Sync="TRUE">0</attscale></attr><attr><attrlabl Sync="TRUE">GENACCESS</attrlabl><attalias Sync="TRUE">GENACCESS</attalias><attrtype Sync="TRUE">Double</attrtype><attwidth Sync="TRUE">19</attwidth><atprecis Sync="TRUE">0</atprecis><attscale Sync="TRUE">0</attscale></attr><attr><attrlabl Sync="TRUE">NEARACCESS</attrlabl><attalias Sync="TRUE">NEARACCESS</attalias><attrtype Sync="TRUE">Double</attrtype><attwidth Sync="TRUE">19</attwidth><atprecis Sync="TRUE">0</atprecis><attscale Sync="TRUE">0</attscale></attr><attr><attrlabl Sync="TRUE">ACCESSEMP</attrlabl><attalias Sync="TRUE">ACCESSEMP</attalias><attrtype Sync="TRUE">Double</attrtype><attwidth Sync="TRUE">19</attwidth><atprecis Sync="TRUE">0</atprecis><attscale Sync="TRUE">0</attscale></attr><attr><attrlabl Sync="TRUE">ACCESSRET</attrlabl><attalias Sync="TRUE">ACCESSRET</attalias><attrtype Sync="TRUE">Double</attrtype><attwidth Sync="TRUE">19</attwidth><atprecis Sync="TRUE">0</atprecis><attscale Sync="TRUE">0</attscale></attr><attr><attrlabl Sync="TRUE">Shape_Leng</attrlabl><attalias Sync="TRUE">Shape_Leng</attalias><attrtype Sync="TRUE">Double</attrtype><attwidth Sync="TRUE">19</attwidth><atprecis Sync="TRUE">0</atprecis><attscale Sync="TRUE">0</attscale></attr><attr><attrlabl Sync="TRUE">Shape_Area</attrlabl><attalias Sync="TRUE">Shape_Area</attalias><attrtype Sync="TRUE">Double</attrtype><attwidth Sync="TRUE">19</attwidth><atprecis Sync="TRUE">0</atprecis><attscale Sync="TRUE">0</attscale><attrdef Sync="TRUE">Area of feature in internal units squared.</attrdef><attrdefs Sync="TRUE">Esri</attrdefs><attrdomv><udom Sync="TRUE">Positive real numbers that are automatically generated.</udom></attrdomv></attr></detailed></eainfo><mdDateSt Sync="TRUE">20220706</mdDateSt></metadata>
