stopinfo_id,stopinfo_busStop,stopinfo_started,stopinfo_arrivalDelay,stopinfo_ended,stopinfo_delay,stopinfo_initialPersons,stopinfo_loadedPersons,stopinfo_unloadedPersons,stopinfo_lane,stopinfo_pos,stopinfo_parking
trip149433010_08:46:00,busStop_-9282_0_354,32101.0,571.0,32131.0,571.0,0,6,0,-9282_0,247.16,0
trip149954010_08:46:00,busStop_-9282_0_354,32102.0,572.0,32132.0,572.0,0,0,0,-9282_0,236.16,0
trip151683020_08:35:00,busStop_-2074_0_1351,30932.0,62.0,30962.0,62.0,0,0,0,-2074_0,56.8,0
trip151684020_08:01:00,busStop_-9282_0_354,28861.0,31.0,28891.0,31.0,0,3,0,-9282_0,247.16,0
trip151685020_07:45:00,busStop_-2074_0_1351,27903.0,33.0,27933.0,33.0,0,2,0,-2074_0,56.8,0
trip151685020_07:45:00,busStop_-1489_0_12,29029.0,1108.0,29059.0,1108.0,2,1,0,-1489_0,129.51,0
trip151685020_07:45:00,busStop_gneE48_0_1555,29080.0,1104.0,29110.0,1104.0,3,1,1,gneE48_0,127.51,0
trip151685020_07:45:00,busStop_-1510_0_1579,29137.0,1146.0,29167.0,1146.0,3,0,0,-1510_0,127.38,0
trip151685020_07:45:00,busStop_-1524_0_1354,29470.0,1437.0,29500.0,1437.0,3,1,0,-1524_0,127.73,0
trip151685020_07:45:00,busStop_-17163_0_26,31497.0,3064.0,31527.0,3064.0,4,0,0,-17163_0,70.18,0
trip151685020_07:45:00,busStop_-16616_0_27,31543.0,3092.0,31573.0,3092.0,4,0,0,-16616_0,77.18,0
trip151685020_07:45:00,busStop_-16625_0_28,31590.0,3120.0,31620.0,3120.0,4,4,0,-16625_0,91.92,0
trip151686020_07:20:00,busStop_-2074_0_1351,26401.0,31.0,26431.0,31.0,0,0,0,-2074_0,56.8,0
trip151686020_07:20:00,busStop_-1489_0_12,27542.0,1121.0,27572.0,1121.0,0,0,0,-1489_0,129.51,0
trip151686020_07:20:00,busStop_gneE48_0_1555,27594.0,1118.0,27624.0,1118.0,0,0,0,gneE48_0,127.53,0
trip151686020_07:20:00,busStop_-1510_0_1579,27709.0,1218.0,27739.0,1218.0,0,0,0,-1510_0,127.38,0
trip151686020_07:20:00,busStop_-1524_0_1354,28133.0,1600.0,28163.0,1600.0,0,1,0,-1524_0,127.74,0
trip151686020_07:20:00,busStop_-17159_0_24,29823.0,2975.0,29853.0,2975.0,1,1,0,-17159_0,64.05,0
trip151686020_07:20:00,busStop_-17162_0_25,31556.0,4686.0,31586.0,4686.0,2,4,0,-17162_0,16.3,0
trip151687020_06:55:00,busStop_-2074_0_1351,24901.0,31.0,24931.0,31.0,0,0,0,-2074_0,45.8,0
trip151687020_06:55:00,busStop_-1489_0_12,26014.0,1093.0,26044.0,1093.0,0,2,0,-1489_0,129.52,0
trip151687020_06:55:00,busStop_gneE48_0_1555,26064.0,1088.0,26094.0,1088.0,2,1,0,gneE48_0,127.53,0
trip151687020_06:55:00,busStop_-1510_0_1579,26133.0,1142.0,26163.0,1142.0,3,2,1,-1510_0,127.37,0
trip151687020_06:55:00,busStop_-1524_0_1354,26559.0,1526.0,26589.0,1526.0,4,2,1,-1524_0,127.75,0
trip151687020_06:55:00,busStop_-17163_0_26,28542.0,3109.0,28572.0,3109.0,5,1,0,-17163_0,70.19,0
trip151687020_06:55:00,busStop_-16616_0_27,28588.0,3137.0,28618.0,3137.0,6,0,0,-16616_0,77.15,0
trip151687020_06:55:00,busStop_-16625_0_28,28637.0,3167.0,28667.0,3167.0,6,3,0,-16625_0,91.9,0
trip151687020_06:55:00,busStop_gneE4_0_44,29531.0,3761.0,29561.0,3761.0,9,0,4,gneE4_0,53.1,0
trip151687020_06:55:00,busStop_-29660_0_95,29946.0,3276.0,29976.0,3276.0,5,0,1,-29660_0,94.02,0
trip151688020_06:30:00,busStop_-2074_0_1351,23401.0,31.0,23431.0,31.0,0,0,0,-2074_0,56.8,0
trip151688020_06:30:00,busStop_-1489_0_12,23545.0,124.0,23575.0,124.0,0,0,0,-1489_0,129.51,0
trip151688020_06:30:00,busStop_gneE48_0_1555,23598.0,122.0,23628.0,122.0,0,0,0,gneE48_0,127.48,0
trip151688020_06:30:00,busStop_-1510_0_1579,23661.0,170.0,23691.0,170.0,0,0,0,-1510_0,127.38,0
trip151688020_06:30:00,busStop_-1524_0_1354,23718.0,185.0,23748.0,185.0,0,0,0,-1524_0,127.75,0
trip151688020_06:30:00,busStop_-17309_0_18,24345.0,712.0,24375.0,712.0,0,2,0,-17309_0,72.92,0
trip151688020_06:30:00,busStop_-17301_0_1357,25471.0,1720.0,25501.0,1720.0,2,1,0,-17301_0,108.28,0
trip151688020_06:30:00,busStop_-16532_1_21,25516.0,1750.0,25546.0,1750.0,3,6,0,-16532_1,47.69,0
trip151688020_06:30:00,busStop_-17163_0_26,27349.0,3416.0,27379.0,3416.0,9,0,0,-17163_0,70.19,0
trip151688020_06:30:00,busStop_-16616_0_27,27397.0,3446.0,27427.0,3446.0,9,1,0,-16616_0,77.18,0
trip151688020_06:30:00,busStop_-16625_0_28,27445.0,3475.0,27475.0,3475.0,10,3,0,-16625_0,91.92,0
trip151688020_06:30:00,busStop_gneE4_0_44,28628.0,4358.0,28658.0,4358.0,13,0,12,gneE4_0,53.09,0
trip151688020_06:30:00,busStop_-29660_0_95,29101.0,3931.0,29131.0,3931.0,1,0,0,-29660_0,94.01,0
trip151714020_08:40:00,busStop_-29660_0_95,31201.0,31.0,31231.0,31.0,0,0,0,-29660_0,94.02,0
trip151714020_08:40:00,busStop_-31047_0_1891,31254.0,46.0,31284.0,46.0,0,0,0,-31047_0,78.46,0
trip151714020_08:40:00,busStop_29683_0_1915,31315.0,88.0,31345.0,88.0,0,0,0,29683_0,308.02,0
trip151714020_08:40:00,busStop_29683_0_72,31346.0,108.0,31376.0,108.0,0,0,0,29683_0,308.03,0
trip151714020_08:40:00,busStop_29683_0_1892,31377.0,127.0,31407.0,127.0,0,0,0,29683_0,308.03,0
trip151714020_08:40:00,busStop_-29571_0_161,31423.0,160.0,31453.0,160.0,0,0,0,-29571_0,79.83,0
trip151714020_08:40:00,busStop_-29618_0_74,31480.0,196.0,31510.0,196.0,0,0,0,-29618_0,263.24,0
trip151714020_08:40:00,busStop_-29618_0_75,31511.0,214.0,31541.0,214.0,0,0,0,-29618_0,263.27,0
trip151714020_08:40:00,busStop_29641_0_158,31579.0,252.0,31609.0,252.0,0,0,0,29641_0,155.75,0
trip151714020_08:40:00,busStop_29581_0_157,31624.0,274.0,31654.0,274.0,0,0,0,29581_0,62.09,0
trip151714020_08:40:00,busStop_29622_0_155,31727.0,298.0,31757.0,298.0,0,0,0,29622_0,84.87,0
trip151714020_08:40:00,busStop_29604_0_146,31789.0,347.0,31819.0,347.0,0,0,0,29604_0,206.38,0
trip151714020_08:40:00,busStop_29604_0_81,31820.0,368.0,31850.0,368.0,0,0,0,29604_0,206.39,0
trip151714020_08:40:00,busStop_29604_0_90,31851.0,381.0,31881.0,381.0,0,0,0,29604_0,206.39,0
trip151714020_08:40:00,busStop_29508_0_1486,31901.0,415.0,31931.0,415.0,0,0,0,29508_0,90.76,0
trip151714020_08:40:00,busStop_29500_0_1899,31951.0,459.0,31981.0,459.0,0,0,0,29500_0,99.23,0
trip151714020_08:40:00,busStop_29478_0_148,31998.0,488.0,32028.0,488.0,0,0,0,29478_0,72.46,0
trip151714020_08:40:00,busStop_29466_0_1731,32049.0,530.0,32079.0,530.0,0,0,0,29466_0,77.87,0
trip151714020_08:40:00,busStop_29443_0_1797,32096.0,558.0,32126.0,558.0,0,0,0,29443_0,81.19,0
trip151714020_08:40:00,busStop_31730_0_150,32150.0,576.0,32180.0,576.0,0,0,0,31730_0,122.41,0
trip151714020_08:40:00,busStop_31186_0_151,32220.0,600.0,32250.0,600.0,0,0,0,31186_0,548.38,0
trip151714020_08:40:00,busStop_29290_0_152,32269.0,638.0,32299.0,638.0,0,0,0,29290_0,93.24,0
trip151714020_08:40:00,busStop_-29302_0_100,32331.0,674.0,32361.0,674.0,0,2,0,-29302_0,134.68,0
trip151715020_08:15:00,busStop_-29660_0_95,29701.0,31.0,29731.0,31.0,0,0,0,-29660_0,94.02,0
trip151715020_08:15:00,busStop_-31047_0_1891,29754.0,46.0,29784.0,46.0,0,0,0,-31047_0,78.46,0
trip151715020_08:15:00,busStop_29683_0_1915,29816.0,89.0,29846.0,89.0,0,0,0,29683_0,308.03,0
trip151715020_08:15:00,busStop_29683_0_72,29847.0,109.0,29877.0,109.0,0,0,0,29683_0,308.03,0
trip151715020_08:15:00,busStop_29683_0_1892,29878.0,128.0,29908.0,128.0,0,0,0,29683_0,308.03,0
trip151715020_08:15:00,busStop_-29571_0_161,29926.0,163.0,29956.0,163.0,0,0,0,-29571_0,79.81,0
trip151715020_08:15:00,busStop_-29618_0_74,29985.0,201.0,30015.0,201.0,0,0,0,-29618_0,263.25,0
trip151715020_08:15:00,busStop_-29618_0_75,30016.0,219.0,30046.0,219.0,0,0,0,-29618_0,263.27,0
trip151715020_08:15:00,busStop_29641_0_158,30086.0,259.0,30116.0,259.0,0,0,0,29641_0,155.76,0
trip151715020_08:15:00,busStop_29581_0_157,30133.0,283.0,30163.0,283.0,0,0,0,29581_0,62.1,0
trip151715020_08:15:00,busStop_29622_0_155,30243.0,314.0,30273.0,314.0,0,0,0,29622_0,84.85,0
trip151715020_08:15:00,busStop_29604_0_146,30308.0,366.0,30338.0,366.0,0,0,0,29604_0,206.39,0
trip151715020_08:15:00,busStop_29604_0_81,30339.0,387.0,30369.0,387.0,0,0,0,29604_0,206.39,0
trip151715020_08:15:00,busStop_29604_0_90,30370.0,400.0,30400.0,400.0,0,0,0,29604_0,206.39,0
trip151715020_08:15:00,busStop_29508_0_1486,30421.0,435.0,30451.0,435.0,0,0,0,29508_0,90.74,0
trip151715020_08:15:00,busStop_29500_0_1899,30473.0,481.0,30503.0,481.0,0,0,0,29500_0,99.23,0
trip151715020_08:15:00,busStop_29478_0_148,30520.0,510.0,30550.0,510.0,0,0,0,29478_0,72.46,0
trip151715020_08:15:00,busStop_29466_0_1731,30568.0,549.0,30598.0,549.0,0,0,0,29466_0,77.86,0
trip151715020_08:15:00,busStop_29443_0_1797,30617.0,579.0,30647.0,579.0,0,0,0,29443_0,81.19,0
trip151715020_08:15:00,busStop_31730_0_150,30673.0,599.0,30703.0,599.0,0,0,0,31730_0,122.4,0
trip151715020_08:15:00,busStop_31186_0_151,30748.0,628.0,30778.0,628.0,0,0,0,31186_0,548.4,0
trip151715020_08:15:00,busStop_29290_0_152,30797.0,666.0,30827.0,666.0,0,0,0,29290_0,93.23,0
trip151715020_08:15:00,busStop_-29302_0_100,30862.0,705.0,30892.0,705.0,0,2,0,-29302_0,134.68,0
trip151715020_08:15:00,busStop_29031_0_103,31680.0,1466.0,31710.0,1466.0,2,0,0,29031_0,23.75,0
trip151716020_07:50:00,busStop_-29660_0_95,28201.0,31.0,28231.0,31.0,0,0,0,-29660_0,94.02,0
trip151716020_07:50:00,busStop_-31047_0_1891,28253.0,45.0,28283.0,45.0,0,0,0,-31047_0,78.47,0
trip151716020_07:50:00,busStop_29683_0_1915,28315.0,88.0,28345.0,88.0,0,0,0,29683_0,308.0,0
trip151716020_07:50:00,busStop_29683_0_72,28346.0,108.0,28376.0,108.0,0,0,0,29683_0,308.03,0
trip151716020_07:50:00,busStop_29683_0_1892,28377.0,127.0,28407.0,127.0,0,0,0,29683_0,308.03,0
trip151716020_07:50:00,busStop_-29571_0_161,28423.0,160.0,28453.0,160.0,0,0,0,-29571_0,79.82,0
trip151716020_07:50:00,busStop_-29618_0_74,28480.0,196.0,28510.0,196.0,0,0,0,-29618_0,263.27,0
trip151716020_07:50:00,busStop_-29618_0_75,28511.0,214.0,28541.0,214.0,0,0,0,-29618_0,263.27,0
trip151716020_07:50:00,busStop_29641_0_158,28580.0,253.0,28610.0,253.0,0,0,0,29641_0,155.77,0
trip151716020_07:50:00,busStop_29581_0_157,28626.0,276.0,28656.0,276.0,0,0,0,29581_0,62.09,0
trip151716020_07:50:00,busStop_29622_0_155,28732.0,303.0,28762.0,303.0,0,0,0,29622_0,84.87,0
trip151716020_07:50:00,busStop_29604_0_146,28795.0,353.0,28825.0,353.0,0,0,0,29604_0,206.39,0
trip151716020_07:50:00,busStop_29604_0_81,28826.0,374.0,28856.0,374.0,0,0,0,29604_0,206.39,0
trip151716020_07:50:00,busStop_29604_0_90,28857.0,387.0,28887.0,387.0,0,0,0,29604_0,206.39,0
trip151716020_07:50:00,busStop_29508_0_1486,28907.0,421.0,28937.0,421.0,0,0,0,29508_0,90.76,0
trip151716020_07:50:00,busStop_29500_0_1899,28957.0,465.0,28987.0,465.0,0,0,0,29500_0,99.21,0
trip151716020_07:50:00,busStop_29478_0_148,29005.0,495.0,29035.0,495.0,0,0,0,29478_0,72.46,0
trip151716020_07:50:00,busStop_29466_0_1731,29052.0,533.0,29082.0,533.0,0,0,0,29466_0,77.86,0
trip151716020_07:50:00,busStop_29443_0_1797,29100.0,562.0,29130.0,562.0,0,0,0,29443_0,81.19,0
trip151716020_07:50:00,busStop_31730_0_150,29155.0,581.0,29185.0,581.0,0,0,0,31730_0,122.39,0
trip151716020_07:50:00,busStop_31186_0_151,29229.0,609.0,29259.0,609.0,0,0,0,31186_0,548.39,0
trip151716020_07:50:00,busStop_29290_0_152,29277.0,646.0,29307.0,646.0,0,0,0,29290_0,93.22,0
trip151716020_07:50:00,busStop_-29302_0_100,29342.0,685.0,29372.0,685.0,0,2,0,-29302_0,134.66,0
trip151716020_07:50:00,busStop_29031_0_103,29436.0,722.0,29466.0,722.0,2,0,0,29031_0,23.72,0
trip151716020_07:50:00,busStop_27643_0_104,29490.0,759.0,29520.0,759.0,2,0,0,27643_0,170.38,0
trip151716020_07:50:00,busStop_16997_0_105,29784.0,1042.0,29814.0,1042.0,2,0,0,16997_0,85.28,0
trip151716020_07:50:00,busStop_17250_0_107,32337.0,3567.0,32367.0,3567.0,2,0,0,17250_0,48.83,0
trip151717020_07:25:00,busStop_-29660_0_95,26701.0,31.0,26731.0,31.0,0,0,0,-29660_0,94.02,0
trip151717020_07:25:00,busStop_-31047_0_1891,26753.0,45.0,26783.0,45.0,0,2,0,-31047_0,78.47,0
trip151717020_07:25:00,busStop_29683_0_1915,26815.0,88.0,26845.0,88.0,2,0,0,29683_0,308.01,0
trip151717020_07:25:00,busStop_29683_0_72,26846.0,108.0,26876.0,108.0,2,0,0,29683_0,308.03,0
trip151717020_07:25:00,busStop_29683_0_1892,26877.0,127.0,26907.0,127.0,2,0,0,29683_0,308.03,0
trip151717020_07:25:00,busStop_-29571_0_161,26924.0,161.0,26954.0,161.0,2,0,0,-29571_0,79.82,0
trip151717020_07:25:00,busStop_-29618_0_74,26982.0,198.0,27012.0,198.0,2,0,0,-29618_0,263.27,0
trip151717020_07:25:00,busStop_-29618_0_75,27013.0,216.0,27043.0,216.0,2,0,0,-29618_0,263.27,0
trip151717020_07:25:00,busStop_29641_0_158,27080.0,253.0,27110.0,253.0,2,0,0,29641_0,155.76,0
trip151717020_07:25:00,busStop_29581_0_157,27127.0,277.0,27157.0,277.0,2,0,0,29581_0,62.1,0
trip151717020_07:25:00,busStop_29622_0_155,27230.0,301.0,27260.0,301.0,2,0,0,29622_0,84.86,0
trip151717020_07:25:00,busStop_29604_0_146,27293.0,351.0,27323.0,351.0,2,2,2,29604_0,206.36,0
trip151717020_07:25:00,busStop_29604_0_81,27324.0,372.0,27354.0,372.0,2,0,0,29604_0,206.39,0
trip151717020_07:25:00,busStop_29604_0_90,27355.0,385.0,27385.0,385.0,2,0,0,29604_0,206.39,0
trip151717020_07:25:00,busStop_29508_0_1486,27404.0,418.0,27434.0,418.0,2,0,0,29508_0,90.76,0
trip151717020_07:25:00,busStop_29500_0_1899,27455.0,463.0,27485.0,463.0,2,0,0,29500_0,99.21,0
trip151717020_07:25:00,busStop_29478_0_148,27504.0,494.0,27534.0,494.0,2,0,0,29478_0,72.44,0
trip151717020_07:25:00,busStop_29466_0_1731,27551.0,532.0,27581.0,532.0,2,0,0,29466_0,77.87,0
trip151717020_07:25:00,busStop_29443_0_1797,27598.0,560.0,27628.0,560.0,2,0,0,29443_0,81.2,0
trip151717020_07:25:00,busStop_31730_0_150,27653.0,579.0,27683.0,579.0,2,0,0,31730_0,122.4,0
trip151717020_07:25:00,busStop_31186_0_151,27726.0,606.0,27756.0,606.0,2,0,0,31186_0,548.36,0
trip151717020_07:25:00,busStop_29290_0_152,27776.0,645.0,27806.0,645.0,2,0,0,29290_0,93.24,0
trip151717020_07:25:00,busStop_-29302_0_100,27838.0,681.0,27868.0,681.0,2,3,0,-29302_0,134.67,0
trip151717020_07:25:00,busStop_29031_0_103,27933.0,719.0,27963.0,719.0,5,1,0,29031_0,23.73,0
trip151717020_07:25:00,busStop_27643_0_104,27986.0,755.0,28016.0,755.0,6,0,2,27643_0,170.34,0
trip151717020_07:25:00,busStop_16997_0_105,28033.0,791.0,28063.0,791.0,4,0,0,16997_0,85.29,0
trip151717020_07:25:00,busStop_17250_0_107,28091.0,821.0,28121.0,821.0,4,0,0,17250_0,48.83,0
trip151717020_07:25:00,busStop_16794_0_108,28136.0,858.0,28166.0,858.0,4,0,0,16794_0,61.51,0
trip151717020_07:25:00,busStop_29924_0_112,30386.0,3045.0,30416.0,3045.0,4,0,0,29924_0,138.82,0
trip151717020_07:25:00,busStop_27303_0_113,30429.0,3075.0,30459.0,3075.0,4,0,0,27303_0,31.68,0
trip151717020_07:25:00,busStop_-27439_0_115,30500.0,3117.0,30530.0,3117.0,4,0,0,-27439_0,117.24,0
trip151717020_07:25:00,busStop_-30953_0_116,30789.0,3394.0,30819.0,3394.0,4,1,0,-30953_0,496.76,0
trip151717020_07:25:00,busStop_-30953_0_1912,30820.0,3410.0,30850.0,3410.0,5,0,0,-30953_0,496.77,0
trip151717020_07:25:00,busStop_-30953_0_118,30851.0,3431.0,30881.0,3431.0,5,0,0,-30953_0,496.77,0
trip151717020_07:25:00,busStop_-30953_0_1913,30882.0,3438.0,30912.0,3438.0,5,0,0,-30953_0,496.77,0
trip151718020_07:00:00,busStop_-29660_0_95,25201.0,31.0,25231.0,31.0,0,0,0,-29660_0,94.02,0
trip151718020_07:00:00,busStop_-31047_0_1891,25253.0,45.0,25283.0,45.0,0,0,0,-31047_0,78.45,0
trip151718020_07:00:00,busStop_29683_0_1915,25314.0,87.0,25344.0,87.0,0,0,0,29683_0,308.03,0
trip151718020_07:00:00,busStop_29683_0_72,25345.0,107.0,25375.0,107.0,0,0,0,29683_0,308.03,0
trip151718020_07:00:00,busStop_29683_0_1892,25376.0,126.0,25406.0,126.0,0,0,0,29683_0,308.03,0
trip151718020_07:00:00,busStop_-29571_0_161,25423.0,160.0,25453.0,160.0,0,0,0,-29571_0,79.81,0
trip151718020_07:00:00,busStop_-29618_0_74,25483.0,199.0,25513.0,199.0,0,0,0,-29618_0,263.24,0
trip151718020_07:00:00,busStop_-29618_0_75,25514.0,217.0,25544.0,217.0,0,0,0,-29618_0,263.27,0
trip151718020_07:00:00,busStop_29641_0_158,25583.0,256.0,25613.0,256.0,0,0,0,29641_0,155.76,0
trip151718020_07:00:00,busStop_29581_0_157,25630.0,280.0,25660.0,280.0,0,0,0,29581_0,62.1,0
trip151718020_07:00:00,busStop_29622_0_155,25739.0,310.0,25769.0,310.0,0,0,0,29622_0,84.86,0
trip151718020_07:00:00,busStop_29604_0_146,25803.0,361.0,25833.0,361.0,0,0,0,29604_0,206.38,0
trip151718020_07:00:00,busStop_29604_0_81,25834.0,382.0,25864.0,382.0,0,0,0,29604_0,206.39,0
trip151718020_07:00:00,busStop_29604_0_90,25865.0,395.0,25895.0,395.0,0,0,0,29604_0,206.39,0
trip151718020_07:00:00,busStop_29508_0_1486,25915.0,429.0,25945.0,429.0,0,0,0,29508_0,90.75,0
trip151718020_07:00:00,busStop_29500_0_1899,25966.0,474.0,25996.0,474.0,0,0,0,29500_0,99.23,0
trip151718020_07:00:00,busStop_29478_0_148,26013.0,503.0,26043.0,503.0,0,0,0,29478_0,72.46,0
trip151718020_07:00:00,busStop_29466_0_1731,26060.0,541.0,26090.0,541.0,0,0,0,29466_0,77.86,0
trip151718020_07:00:00,busStop_29443_0_1797,26107.0,569.0,26137.0,569.0,0,0,0,29443_0,81.19,0
trip151718020_07:00:00,busStop_31730_0_150,26161.0,587.0,26191.0,587.0,0,2,0,31730_0,122.42,0
trip151718020_07:00:00,busStop_31186_0_151,26235.0,615.0,26265.0,615.0,2,0,0,31186_0,548.4,0
trip151718020_07:00:00,busStop_29290_0_152,26282.0,651.0,26312.0,651.0,2,0,0,29290_0,93.22,0
trip151718020_07:00:00,busStop_-29302_0_100,26347.0,690.0,26377.0,690.0,2,2,1,-29302_0,134.67,0
trip151718020_07:00:00,busStop_29031_0_103,26450.0,736.0,26480.0,736.0,3,1,0,29031_0,23.74,0
trip151718020_07:00:00,busStop_27643_0_104,26503.0,772.0,26533.0,772.0,4,0,0,27643_0,170.37,0
trip151718020_07:00:00,busStop_16997_0_105,26552.0,810.0,26582.0,810.0,4,1,0,16997_0,85.27,0
trip151718020_07:00:00,busStop_17250_0_107,26609.0,839.0,26639.0,839.0,5,0,0,17250_0,48.82,0
trip151718020_07:00:00,busStop_16794_0_108,26654.0,876.0,26684.0,876.0,5,1,0,16794_0,61.51,0
trip151718020_07:00:00,busStop_16789_0_110,26715.0,904.0,26745.0,904.0,6,0,1,16789_0,151.07,0
trip151718020_07:00:00,busStop_17114_0_111,26766.0,941.0,26796.0,941.0,5,2,4,17114_0,117.06,0
trip151718020_07:00:00,busStop_29924_0_112,26823.0,982.0,26853.0,982.0,3,0,0,29924_0,138.83,0
trip151718020_07:00:00,busStop_27303_0_113,26866.0,1012.0,26896.0,1012.0,3,0,0,27303_0,31.68,0
trip151718020_07:00:00,busStop_-27439_0_115,26940.0,1057.0,26970.0,1057.0,3,1,0,-27439_0,117.26,0
trip151718020_07:00:00,busStop_-30953_0_116,27692.0,1797.0,27722.0,1797.0,4,4,4,-30953_0,496.76,0
trip151718020_07:00:00,busStop_-30953_0_1912,27723.0,1813.0,27753.0,1813.0,4,0,0,-30953_0,496.77,0
trip151718020_07:00:00,busStop_-30953_0_118,27754.0,1834.0,27784.0,1834.0,4,0,0,-30953_0,496.77,0
trip151718020_07:00:00,busStop_-30953_0_1913,27785.0,1841.0,27815.0,1841.0,4,0,0,-30953_0,496.77,0
trip151718020_07:00:00,busStop_gneE4_0_44,28354.0,2284.0,28384.0,2284.0,4,0,0,gneE4_0,53.09,0
trip151718020_07:00:00,busStop_16751_0_1358,29367.0,3080.0,29397.0,3080.0,4,2,2,16751_0,69.01,0
trip151718020_07:00:00,busStop_16747_0_1582,29416.0,3108.0,29446.0,3108.0,4,2,0,16747_0,110.9,0
trip151718020_07:00:00,busStop_16735_0_124,29759.0,3423.0,29789.0,3423.0,6,0,1,16735_0,62.61,0
trip151718020_07:00:00,busStop_-26890_0_125,29888.0,3537.0,29918.0,3537.0,5,2,0,-26890_0,183.47,0
trip151718020_07:00:00,busStop_-26942_0_127,29945.0,3554.0,29975.0,3554.0,7,1,0,-26942_0,218.41,0
trip151718020_07:00:00,busStop_-26942_0_128,29976.0,3567.0,30006.0,3567.0,8,0,0,-26942_0,218.43,0
trip151718020_07:00:00,busStop_-26959_0_129,30023.0,3595.0,30053.0,3595.0,8,3,0,-26959_0,84.44,0
trip151718020_07:00:00,busStop_-27020_0_130,30300.0,3839.0,30330.0,3839.0,11,5,0,-27020_0,235.79,0
trip151719020_06:30:00,busStop_-29660_0_95,23401.0,31.0,23431.0,31.0,0,2,0,-29660_0,94.02,0
trip151719020_06:30:00,busStop_-31047_0_1891,23452.0,44.0,23482.0,44.0,2,0,0,-31047_0,78.46,0
trip151719020_06:30:00,busStop_29683_0_1915,23514.0,87.0,23544.0,87.0,2,0,0,29683_0,308.03,0
trip151719020_06:30:00,busStop_29683_0_72,23545.0,107.0,23575.0,107.0,2,0,0,29683_0,308.03,0
trip151719020_06:30:00,busStop_29683_0_1892,23576.0,126.0,23606.0,126.0,2,0,0,29683_0,308.03,0
trip151719020_06:30:00,busStop_-29571_0_161,23623.0,160.0,23653.0,160.0,2,0,0,-29571_0,79.83,0
trip151719020_06:30:00,busStop_-29618_0_74,23681.0,197.0,23711.0,197.0,2,0,0,-29618_0,263.26,0
trip151719020_06:30:00,busStop_-29618_0_75,23712.0,215.0,23742.0,215.0,2,0,0,-29618_0,263.27,0
trip151719020_06:30:00,busStop_29641_0_158,23782.0,255.0,23812.0,255.0,2,0,0,29641_0,155.76,0
trip151719020_06:30:00,busStop_29581_0_157,23828.0,278.0,23858.0,278.0,2,0,0,29581_0,62.09,0
trip151719020_06:30:00,busStop_29622_0_155,23928.0,299.0,23958.0,299.0,2,0,1,29622_0,84.87,0
trip151719020_06:30:00,busStop_29604_0_146,23989.0,347.0,24019.0,347.0,1,1,1,29604_0,206.38,0
trip151719020_06:30:00,busStop_29604_0_81,24020.0,368.0,24050.0,368.0,1,0,0,29604_0,206.39,0
trip151719020_06:30:00,busStop_29604_0_90,24051.0,381.0,24081.0,381.0,1,0,0,29604_0,206.39,0
trip151719020_06:30:00,busStop_29508_0_1486,24101.0,415.0,24131.0,415.0,1,0,0,29508_0,90.73,0
trip151719020_06:30:00,busStop_29500_0_1899,24151.0,459.0,24181.0,459.0,1,0,0,29500_0,99.2,0
trip151719020_06:30:00,busStop_29478_0_148,24197.0,487.0,24227.0,487.0,1,0,0,29478_0,72.46,0
trip151719020_06:30:00,busStop_29466_0_1731,24243.0,524.0,24273.0,524.0,1,0,0,29466_0,77.86,0
trip151719020_06:30:00,busStop_29443_0_1797,24289.0,551.0,24319.0,551.0,1,0,0,29443_0,81.19,0
trip151719020_06:30:00,busStop_31730_0_150,24344.0,570.0,24374.0,570.0,1,0,0,31730_0,122.42,0
trip151719020_06:30:00,busStop_31186_0_151,24416.0,596.0,24446.0,596.0,1,0,0,31186_0,548.38,0
trip151719020_06:30:00,busStop_29290_0_152,24465.0,634.0,24495.0,634.0,1,0,0,29290_0,93.24,0
trip151719020_06:30:00,busStop_-29302_0_100,24528.0,671.0,24558.0,671.0,1,0,0,-29302_0,134.64,0
trip151719020_06:30:00,busStop_29031_0_103,24629.0,715.0,24659.0,715.0,1,1,0,29031_0,23.75,0
trip151719020_06:30:00,busStop_27643_0_104,24683.0,752.0,24713.0,752.0,2,0,0,27643_0,170.38,0
trip151719020_06:30:00,busStop_16997_0_105,24731.0,789.0,24761.0,789.0,2,1,0,16997_0,85.3,0
trip151719020_06:30:00,busStop_17250_0_107,24787.0,817.0,24817.0,817.0,3,0,0,17250_0,48.81,0
trip151719020_06:30:00,busStop_16794_0_108,24831.0,853.0,24861.0,853.0,3,1,0,16794_0,61.48,0
trip151719020_06:30:00,busStop_16789_0_110,24892.0,881.0,24922.0,881.0,4,1,0,16789_0,151.06,0
trip151719020_06:30:00,busStop_17114_0_111,24943.0,918.0,24973.0,918.0,5,1,4,17114_0,117.06,0
trip151719020_06:30:00,busStop_29924_0_112,24998.0,957.0,25028.0,957.0,2,0,0,29924_0,138.82,0
trip151719020_06:30:00,busStop_27303_0_113,25041.0,987.0,25071.0,987.0,2,0,0,27303_0,31.69,0
trip151719020_06:30:00,busStop_-27439_0_115,25110.0,1027.0,25140.0,1027.0,2,3,0,-27439_0,117.26,0
trip151719020_06:30:00,busStop_-30953_0_116,25195.0,1100.0,25225.0,1100.0,5,5,5,-30953_0,496.76,0
trip151719020_06:30:00,busStop_-30953_0_1912,25226.0,1116.0,25256.0,1116.0,5,0,0,-30953_0,496.77,0
trip151719020_06:30:00,busStop_-30953_0_118,25257.0,1137.0,25287.0,1137.0,5,0,0,-30953_0,496.77,0
trip151719020_06:30:00,busStop_-30953_0_1913,25288.0,1144.0,25318.0,1144.0,5,0,0,-30953_0,496.77,0
trip151719020_06:30:00,busStop_gneE4_0_44,29019.0,4749.0,29049.0,4749.0,5,12,0,gneE4_0,53.08,0
trip151719020_06:30:00,busStop_16751_0_1358,29509.0,5022.0,29539.0,5022.0,17,1,3,16751_0,68.99,0
trip151719020_06:30:00,busStop_16747_0_1582,29914.0,5406.0,29944.0,5406.0,15,0,2,16747_0,110.9,0
trip151719020_06:30:00,busStop_16735_0_124,30110.0,5574.0,30140.0,5574.0,13,2,3,16735_0,62.6,0
trip151719020_06:30:00,busStop_-26890_0_125,30197.0,5646.0,30227.0,5646.0,12,1,1,-26890_0,183.46,0
trip151719020_06:30:00,busStop_-26942_0_127,30254.0,5663.0,30284.0,5663.0,12,4,1,-26942_0,218.42,0
trip151719020_06:30:00,busStop_-26942_0_128,30285.0,5676.0,30315.0,5676.0,15,0,0,-26942_0,218.43,0
trip151719020_06:30:00,busStop_-26959_0_129,30333.0,5705.0,30363.0,5705.0,15,2,0,-26959_0,84.41,0
trip151719020_06:30:00,busStop_-27020_0_130,30662.0,6001.0,30692.0,6001.0,17,8,0,-27020_0,235.83,0
trip151720020_06:10:00,busStop_-29660_0_95,22201.0,31.0,22231.0,31.0,0,0,0,-29660_0,94.02,0
trip151720020_06:10:00,busStop_-31047_0_1891,22252.0,44.0,22282.0,44.0,0,1,0,-31047_0,78.47,0
trip151720020_06:10:00,busStop_29683_0_1915,22312.0,85.0,22342.0,85.0,1,0,0,29683_0,308.03,0
trip151720020_06:10:00,busStop_29683_0_72,22343.0,105.0,22373.0,105.0,1,0,0,29683_0,308.03,0
trip151720020_06:10:00,busStop_29683_0_1892,22374.0,124.0,22404.0,124.0,1,0,0,29683_0,308.03,0
trip151720020_06:10:00,busStop_-29571_0_161,22421.0,158.0,22451.0,158.0,1,0,0,-29571_0,79.82,0
trip151720020_06:10:00,busStop_-29618_0_74,22479.0,195.0,22509.0,195.0,1,0,0,-29618_0,263.26,0
trip151720020_06:10:00,busStop_-29618_0_75,22510.0,213.0,22540.0,213.0,1,0,0,-29618_0,263.27,0
trip151720020_06:10:00,busStop_29641_0_158,22577.0,250.0,22607.0,250.0,1,0,0,29641_0,155.74,0
trip151720020_06:10:00,busStop_29581_0_157,22622.0,272.0,22652.0,272.0,1,0,0,29581_0,62.11,0
trip151720020_06:10:00,busStop_29622_0_155,22737.0,308.0,22767.0,308.0,1,0,0,29622_0,84.87,0
trip151720020_06:10:00,busStop_29604_0_146,22799.0,357.0,22829.0,357.0,1,1,1,29604_0,206.39,0
trip151720020_06:10:00,busStop_29604_0_81,22830.0,378.0,22860.0,378.0,1,0,0,29604_0,206.39,0
trip151720020_06:10:00,busStop_29604_0_90,22861.0,391.0,22891.0,391.0,1,0,0,29604_0,206.39,0
trip151720020_06:10:00,busStop_29508_0_1486,22910.0,424.0,22940.0,424.0,1,0,0,29508_0,90.76,0
trip151720020_06:10:00,busStop_29500_0_1899,22961.0,469.0,22991.0,469.0,1,0,0,29500_0,99.23,0
trip151720020_06:10:00,busStop_29478_0_148,23007.0,497.0,23037.0,497.0,1,0,0,29478_0,72.46,0
trip151720020_06:10:00,busStop_29466_0_1731,23052.0,533.0,23082.0,533.0,1,0,0,29466_0,77.86,0
trip151720020_06:10:00,busStop_29443_0_1797,23100.0,562.0,23130.0,562.0,1,0,0,29443_0,81.19,0
trip151720020_06:10:00,busStop_31730_0_150,23154.0,580.0,23184.0,580.0,1,0,0,31730_0,122.43,0
trip151720020_06:10:00,busStop_31186_0_151,23227.0,607.0,23257.0,607.0,1,0,0,31186_0,548.38,0
trip151720020_06:10:00,busStop_29290_0_152,23275.0,644.0,23305.0,644.0,1,0,0,29290_0,93.25,0
trip151720020_06:10:00,busStop_-29302_0_100,23340.0,683.0,23370.0,683.0,1,0,0,-29302_0,134.68,0
trip151720020_06:10:00,busStop_29031_0_103,23434.0,720.0,23464.0,720.0,1,0,0,29031_0,23.74,0
trip151720020_06:10:00,busStop_27643_0_104,23488.0,757.0,23518.0,757.0,1,0,0,27643_0,170.36,0
trip151720020_06:10:00,busStop_16997_0_105,23543.0,801.0,23573.0,801.0,1,1,0,16997_0,85.29,0
trip151720020_06:10:00,busStop_17250_0_107,23598.0,828.0,23628.0,828.0,2,0,0,17250_0,48.84,0
trip151720020_06:10:00,busStop_16794_0_108,23643.0,865.0,23673.0,865.0,2,0,0,16794_0,61.5,0
trip151720020_06:10:00,busStop_16789_0_110,23705.0,894.0,23735.0,894.0,2,0,0,16789_0,151.03,0
trip151720020_06:10:00,busStop_17114_0_111,23756.0,931.0,23786.0,931.0,2,0,2,17114_0,117.05,0
trip151720020_06:10:00,busStop_29924_0_112,23813.0,972.0,23843.0,972.0,0,0,0,29924_0,138.82,0
trip151720020_06:10:00,busStop_27303_0_113,23857.0,1003.0,23887.0,1003.0,0,0,0,27303_0,31.69,0
trip151720020_06:10:00,busStop_-27439_0_115,23928.0,1045.0,23958.0,1045.0,0,1,0,-27439_0,117.26,0
trip151720020_06:10:00,busStop_-30953_0_116,24277.0,1382.0,24307.0,1382.0,1,1,1,-30953_0,496.76,0
trip151720020_06:10:00,busStop_-30953_0_1912,24308.0,1398.0,24338.0,1398.0,1,0,0,-30953_0,496.77,0
trip151720020_06:10:00,busStop_-30953_0_118,24339.0,1419.0,24369.0,1419.0,1,0,0,-30953_0,496.77,0
trip151720020_06:10:00,busStop_-30953_0_1913,24370.0,1426.0,24400.0,1426.0,1,0,0,-30953_0,496.77,0
trip151720020_06:10:00,busStop_gneE4_0_44,24974.0,1904.0,25004.0,1904.0,1,0,0,gneE4_0,53.07,0
trip151720020_06:10:00,busStop_30948_0_1914,25212.0,2109.0,25242.0,2109.0,1,3,0,30948_0,99.05,0
trip151720020_06:10:00,busStop_16751_0_1358,25340.0,2053.0,25370.0,2053.0,4,2,0,16751_0,69.0,0
trip151720020_06:10:00,busStop_16747_0_1582,25403.0,2095.0,25433.0,2095.0,6,1,0,16747_0,110.9,0
trip151720020_06:10:00,busStop_16735_0_124,25477.0,2141.0,25507.0,2141.0,7,2,2,16735_0,62.61,0
trip151720020_06:10:00,busStop_-26890_0_125,25530.0,2179.0,25560.0,2179.0,7,1,0,-26890_0,183.48,0
trip151720020_06:10:00,busStop_-26942_0_127,25586.0,2195.0,25616.0,2195.0,8,0,0,-26942_0,218.42,0
trip151720020_06:10:00,busStop_-26942_0_128,25617.0,2208.0,25647.0,2208.0,8,0,0,-26942_0,218.43,0
trip151720020_06:10:00,busStop_-26959_0_129,25665.0,2237.0,25695.0,2237.0,8,0,0,-26959_0,84.44,0
trip151720020_06:10:00,busStop_-27020_0_130,26064.0,2603.0,26094.0,2603.0,8,9,0,-27020_0,235.8,0
trip151720020_06:10:00,busStop_17296_0_132,30312.0,6796.0,30342.0,6796.0,17,3,0,17296_0,83.55,0
trip151727020_06:26:00,busStop_-9282_0_354,23207.0,77.0,23237.0,77.0,0,1,0,-9282_0,247.16,0
trip151727020_06:26:00,busStop_-2074_0_1351,28879.0,5209.0,28909.0,5209.0,1,1,1,-2074_0,56.8,0
trip151731020_07:20:00,busStop_-2074_0_1351,26402.0,32.0,26432.0,32.0,0,3,0,-2074_0,45.8,0
trip151732020_06:05:00,busStop_-2074_0_1351,21901.0,31.0,21931.0,31.0,0,0,0,-2074_0,56.8,0
trip151737020_07:55:00,busStop_9282_0_690,28801.0,-2669.0,31500.0,0.0,0,0,0,9282_0,247.16,0
trip151738020_07:10:00,busStop_9282_0_690,25801.0,-2969.0,28800.0,0.0,0,0,0,9282_0,247.16,0
trip151739020_06:40:00,busStop_-2074_0_1351,24001.0,-2369.0,26400.0,0.0,0,0,0,-2074_0,56.8,0
trip151755020_07:21:00,busStop_-9282_0_354,26465.0,35.0,26495.0,35.0,0,3,0,-9282_0,247.16,0
trip151770020_08:00:00,busStop_-2074_0_1351,28801.0,31.0,28831.0,31.0,0,4,0,-2074_0,56.8,0
trip151770020_08:00:00,busStop_gneE48_0_1555,30466.0,1613.0,30496.0,1613.0,4,3,0,gneE48_0,127.53,0
trip151770020_08:00:00,busStop_-1510_0_1579,30576.0,1711.0,30606.0,1711.0,7,1,0,-1510_0,127.38,0
trip151770020_08:00:00,busStop_-1524_0_1354,30911.0,2013.0,30941.0,2013.0,8,0,2,-1524_0,127.75,0
trip151771020_08:30:00,busStop_-2074_0_1351,30601.0,31.0,30631.0,31.0,0,3,0,-2074_0,56.8,0
trip151772020_06:51:00,busStop_-9282_0_354,24840.0,210.0,24870.0,210.0,0,2,0,-9282_0,247.16,0
trip151780020_06:21:00,busStop_-9282_0_354,22875.0,45.0,22905.0,45.0,0,4,0,-9282_0,247.16,0
trip151780020_06:21:00,busStop_2007_0_505,23158.0,109.0,23188.0,109.0,4,2,0,2007_0,310.46,0
trip151822020_07:00:00,busStop_30289_0_1883,25201.0,31.0,25231.0,31.0,0,2,0,30289_0,322.62,0
trip151892020_08:20:00,busStop_-30487_0_1551,31888.0,1918.0,31918.0,1918.0,0,3,0,-30487_0,49.51,0
trip151893020_07:31:00,busStop_-9282_0_354,27184.0,154.0,27214.0,154.0,0,3,0,-9282_0,247.16,0
trip151893020_07:31:00,busStop_-9275_0_1047,28012.0,590.0,28042.0,590.0,3,0,0,-9275_0,323.26,0
trip151893020_07:31:00,busStop_-9310_0_1048,28073.0,643.0,28103.0,643.0,3,0,0,-9310_0,213.65,0
trip151893020_07:31:00,busStop_9309_0_1049,28116.0,680.0,28146.0,680.0,3,3,0,9309_0,9.22,0
trip151893020_07:31:00,busStop_9117_0_1492,28216.0,730.0,28246.0,730.0,6,0,1,9117_0,513.7,0
trip151893020_07:31:00,busStop_8859_0_1052,28290.0,784.0,28320.0,784.0,5,0,1,8859_0,204.74,0
trip151893020_07:31:00,busStop_1310_0_297,30756.0,3238.0,30786.0,3238.0,4,1,2,1310_0,123.47,0
trip151893020_07:31:00,busStop_1310_0_298,30787.0,3262.0,30817.0,3262.0,3,0,0,1310_0,123.47,0
trip151914020_08:21:00,busStop_-9282_0_354,30061.0,31.0,30091.0,31.0,0,2,0,-9282_0,247.16,0
trip151914020_08:21:00,busStop_-9275_0_1047,31059.0,453.0,31089.0,453.0,2,0,0,-9275_0,323.25,0
trip151914020_08:21:00,busStop_-9310_0_1048,31121.0,504.0,31151.0,504.0,2,0,0,-9310_0,213.66,0
trip151914020_08:21:00,busStop_9309_0_1049,31160.0,533.0,31190.0,533.0,2,1,0,9309_0,9.2,0
trip151914020_08:21:00,busStop_9117_0_1492,31264.0,564.0,31294.0,564.0,3,1,0,9117_0,513.7,0
trip151914020_08:21:00,busStop_8859_0_1052,31707.0,978.0,31737.0,978.0,4,0,1,8859_0,204.77,0
trip151915020_07:51:00,busStop_-9282_0_354,28264.0,34.0,28294.0,34.0,0,2,0,-9282_0,247.16,0
trip151915020_07:51:00,busStop_-9275_0_1047,29040.0,234.0,29070.0,234.0,2,0,0,-9275_0,323.27,0
trip151915020_07:51:00,busStop_-9310_0_1048,29102.0,285.0,29132.0,285.0,2,0,0,-9310_0,213.68,0
trip151915020_07:51:00,busStop_9309_0_1049,29142.0,315.0,29172.0,315.0,2,2,0,9309_0,9.22,0
trip151915020_07:51:00,busStop_9117_0_1492,29250.0,350.0,29280.0,350.0,4,0,1,9117_0,513.72,0
trip151915020_07:51:00,busStop_8859_0_1052,29321.0,392.0,29351.0,392.0,3,1,0,8859_0,204.78,0
trip151932020_08:40:00,busStop_gneE48_0_1555,31201.0,31.0,31231.0,31.0,0,0,0,gneE48_0,127.53,0
trip151932020_08:40:00,busStop_-1510_0_1579,31278.0,94.0,31308.0,94.0,0,0,0,-1510_0,127.37,0
trip151932020_08:40:00,busStop_-1524_0_1354,31614.0,391.0,31644.0,391.0,0,0,0,-1524_0,127.72,0
trip151933020_08:00:00,busStop_gneE48_0_1555,28801.0,31.0,28831.0,31.0,0,2,0,gneE48_0,127.53,0
trip151933020_08:00:00,busStop_-1510_0_1579,28857.0,73.0,28887.0,73.0,2,0,0,-1510_0,127.35,0
trip151933020_08:00:00,busStop_-1524_0_1354,29473.0,650.0,29503.0,650.0,2,0,1,-1524_0,117.65,0
trip151933020_08:00:00,busStop_-30978_1_1499,31045.0,2022.0,31075.0,2022.0,1,2,0,-30978_1,96.06,0
trip151933020_08:00:00,busStop_-25433_0_1084,31092.0,2047.0,31122.0,2047.0,3,2,0,-25433_0,41.65,0
trip151933020_08:00:00,busStop_-25460_0_1085,31146.0,2078.0,31176.0,2078.0,5,2,1,-25460_0,43.27,0
trip151933020_08:00:00,busStop_-25495_0_1086,31196.0,2106.0,31226.0,2106.0,6,1,0,-25495_0,109.44,0
trip151933020_08:00:00,busStop_-25525_0_1087,31247.0,2137.0,31277.0,2137.0,7,0,0,-25525_0,99.68,0
trip151933020_08:00:00,busStop_-25572_1_1088,31297.0,2167.0,31327.0,2167.0,7,0,0,-25572_1,14.08,0
trip151933020_08:00:00,busStop_-25608_1_1089,31348.0,2196.0,31378.0,2196.0,7,0,0,-25608_1,82.57,0
trip151933020_08:00:00,busStop_-25667_0_1090,31405.0,2222.0,31435.0,2222.0,7,2,1,-25667_0,61.06,0
trip151933020_08:00:00,busStop_-25702_1_1091,31470.0,2262.0,31500.0,2262.0,8,2,0,-25702_1,125.01,0
trip151933020_08:00:00,busStop_-25756_1_1092,31522.0,2288.0,31552.0,2288.0,10,1,0,-25756_1,105.19,0
trip151933020_08:00:00,busStop_-25852_1_1093,31862.0,2583.0,31892.0,2583.0,11,1,0,-25852_1,142.41,0
trip151934020_07:11:00,busStop_-9282_0_354,25861.0,31.0,25891.0,31.0,0,4,0,-9282_0,247.16,0
trip151935020_06:31:00,busStop_-9282_0_354,23461.0,31.0,23491.0,31.0,0,1,0,-9282_0,247.16,0
trip151935020_06:31:00,busStop_2007_0_505,24882.0,1257.0,24912.0,1257.0,1,1,0,2007_0,310.46,0
trip151954020_08:30:00,busStop_-22994_0_1710,30601.0,31.0,30631.0,31.0,0,0,0,-22994_0,64.09,0
trip151954020_08:30:00,busStop_16988_0_1142,31874.0,1228.0,31904.0,1228.0,0,0,0,16988_0,122.6,0
trip151954020_08:30:00,busStop_16914_0_1143,31922.0,1267.0,31952.0,1267.0,0,0,0,16914_0,87.6,0
trip151954020_08:30:00,busStop_16912_0_1144,31970.0,1308.0,32000.0,1308.0,0,0,0,16912_0,93.55,0
trip151954020_08:30:00,busStop_16910_0_1145,32017.0,1347.0,32047.0,1347.0,0,0,0,16910_0,79.94,0
trip151954020_08:30:00,busStop_16907_0_1146,32070.0,1389.0,32100.0,1389.0,0,0,0,16907_0,152.28,0
trip151954020_08:30:00,busStop_16903_0_1147,32122.0,1431.0,32152.0,1431.0,0,1,0,16903_0,145.97,0
trip151955020_07:45:00,busStop_-22994_0_1710,27901.0,31.0,27931.0,31.0,0,0,0,-22994_0,64.09,0
trip151955020_07:45:00,busStop_16988_0_1142,28652.0,706.0,28682.0,706.0,0,0,0,16988_0,122.58,0
trip151955020_07:45:00,busStop_16914_0_1143,28699.0,744.0,28729.0,744.0,0,0,0,16914_0,87.6,0
trip151955020_07:45:00,busStop_16912_0_1144,28748.0,786.0,28778.0,786.0,0,0,0,16912_0,93.56,0
trip151955020_07:45:00,busStop_16910_0_1145,28794.0,824.0,28824.0,824.0,0,1,0,16910_0,79.93,0
trip151955020_07:45:00,busStop_16907_0_1146,28854.0,873.0,28884.0,873.0,1,0,0,16907_0,152.3,0
trip151955020_07:45:00,busStop_16903_0_1147,28904.0,913.0,28934.0,913.0,1,0,0,16903_0,145.99,0
trip151955020_07:45:00,busStop_16897_0_1501,28954.0,953.0,28984.0,953.0,1,0,0,16897_0,17.71,0
trip151955020_07:45:00,busStop_16894_0_1148,29010.0,994.0,29040.0,994.0,1,1,0,16894_0,78.22,0
trip151955020_07:45:00,busStop_16893_0_1149,29057.0,1033.0,29087.0,1033.0,2,0,0,16893_0,82.09,0
trip151955020_07:45:00,busStop_16890_0_1150,29104.0,1074.0,29134.0,1074.0,2,0,0,16890_0,77.97,0
trip151955020_07:45:00,busStop_17168_1_1151,29191.0,1150.0,29221.0,1150.0,2,0,0,17168_1,50.06,0
trip151955020_07:45:00,busStop_17172_1_1152,29247.0,1188.0,29277.0,1188.0,2,0,0,17172_1,54.58,0
trip151955020_07:45:00,busStop_17170_0_1153,29295.0,1226.0,29325.0,1226.0,2,3,0,17170_0,65.8,0
trip151955020_07:45:00,busStop_16813_0_1154,29344.0,1265.0,29374.0,1265.0,5,0,0,16813_0,123.05,0
trip151955020_07:45:00,busStop_16805_0_1155,29393.0,1304.0,29423.0,1304.0,5,1,0,16805_0,122.94,0
trip151955020_07:45:00,busStop_16796_1_1156,29442.0,1343.0,29472.0,1343.0,6,0,0,16796_1,123.01,0
trip151955020_07:45:00,busStop_16791_0_1157,29492.0,1384.0,29522.0,1384.0,6,0,0,16791_0,125.27,0
trip151955020_07:45:00,busStop_27352_0_1502,29559.0,1440.0,29589.0,1440.0,6,0,0,27352_0,185.98,0
trip151956020_07:05:00,busStop_-22994_0_1710,25501.0,31.0,25531.0,31.0,0,0,0,-22994_0,64.09,0
trip151956020_07:05:00,busStop_16988_0_1142,27717.0,2171.0,27747.0,2171.0,0,0,0,16988_0,122.59,0
trip151956020_07:05:00,busStop_16914_0_1143,27766.0,2211.0,27796.0,2211.0,0,0,0,16914_0,87.58,0
trip151956020_07:05:00,busStop_16912_0_1144,27817.0,2255.0,27847.0,2255.0,0,1,0,16912_0,93.56,0
trip151956020_07:05:00,busStop_16910_0_1145,27865.0,2295.0,27895.0,2295.0,1,0,0,16910_0,79.93,0
trip151956020_07:05:00,busStop_16907_0_1146,27918.0,2337.0,27948.0,2337.0,1,0,0,16907_0,152.31,0
trip151956020_07:05:00,busStop_16903_0_1147,27972.0,2381.0,28002.0,2381.0,1,1,0,16903_0,146.01,0
trip151956020_07:05:00,busStop_16897_0_1501,28024.0,2423.0,28054.0,2423.0,2,0,0,16897_0,17.72,0
trip151956020_07:05:00,busStop_16894_0_1148,28082.0,2466.0,28112.0,2466.0,2,0,0,16894_0,78.18,0
trip151956020_07:05:00,busStop_16893_0_1149,28247.0,2623.0,28277.0,2623.0,2,0,0,16893_0,82.08,0
trip151956020_07:05:00,busStop_16890_0_1150,28294.0,2664.0,28324.0,2664.0,2,2,0,16890_0,77.97,0
trip151956020_07:05:00,busStop_17168_1_1151,28366.0,2725.0,28396.0,2725.0,4,2,0,17168_1,50.04,0
trip151956020_07:05:00,busStop_17172_1_1152,28423.0,2764.0,28453.0,2764.0,6,0,0,17172_1,54.58,0
trip151956020_07:05:00,busStop_17170_0_1153,28473.0,2804.0,28503.0,2804.0,6,0,0,17170_0,65.77,0
trip151956020_07:05:00,busStop_16813_0_1154,28523.0,2844.0,28553.0,2844.0,6,2,0,16813_0,123.06,0
trip151956020_07:05:00,busStop_16805_0_1155,28575.0,2886.0,28605.0,2886.0,8,3,0,16805_0,122.94,0
trip151956020_07:05:00,busStop_16796_1_1156,28626.0,2927.0,28656.0,2927.0,11,1,0,16796_1,123.03,0
trip151956020_07:05:00,busStop_16791_0_1157,28676.0,2968.0,28706.0,2968.0,12,0,0,16791_0,125.28,0
trip151956020_07:05:00,busStop_27352_0_1502,28744.0,3025.0,28774.0,3025.0,12,2,0,27352_0,185.98,0
trip151957020_06:25:00,busStop_-22994_0_1710,23101.0,31.0,23131.0,31.0,0,0,0,-22994_0,64.09,0
trip151957020_06:25:00,busStop_16971_0_1706,23167.0,62.0,23197.0,62.0,0,0,0,16971_0,56.15,0
trip151957020_06:25:00,busStop_16988_0_1142,23260.0,114.0,23290.0,114.0,0,0,0,16988_0,122.59,0
trip151957020_06:25:00,busStop_16914_0_1143,23309.0,154.0,23339.0,154.0,0,0,0,16914_0,87.6,0
trip151957020_06:25:00,busStop_16912_0_1144,23357.0,195.0,23387.0,195.0,0,0,0,16912_0,93.55,0
trip151957020_06:25:00,busStop_16910_0_1145,23404.0,234.0,23434.0,234.0,0,0,0,16910_0,79.91,0
trip151957020_06:25:00,busStop_16907_0_1146,23455.0,274.0,23485.0,274.0,0,0,0,16907_0,152.31,0
trip151957020_06:25:00,busStop_16903_0_1147,23507.0,316.0,23537.0,316.0,0,0,0,16903_0,146.0,0
trip151957020_06:25:00,busStop_16897_0_1501,23559.0,358.0,23589.0,358.0,0,0,0,16897_0,17.7,0
trip151957020_06:25:00,busStop_16894_0_1148,23616.0,400.0,23646.0,400.0,0,0,0,16894_0,78.21,0
trip151957020_06:25:00,busStop_16893_0_1149,23664.0,440.0,23694.0,440.0,0,0,0,16893_0,82.09,0
trip151957020_06:25:00,busStop_16890_0_1150,23710.0,480.0,23740.0,480.0,0,1,0,16890_0,77.94,0
trip151957020_06:25:00,busStop_17168_1_1151,23819.0,578.0,23849.0,578.0,1,1,0,17168_1,50.05,0
trip151957020_06:25:00,busStop_17172_1_1152,23876.0,617.0,23906.0,617.0,2,1,0,17172_1,54.58,0
trip151957020_06:25:00,busStop_17170_0_1153,23926.0,657.0,23956.0,657.0,3,0,0,17170_0,65.78,0
trip151957020_06:25:00,busStop_16813_0_1154,23977.0,698.0,24007.0,698.0,3,1,0,16813_0,123.08,0
trip151957020_06:25:00,busStop_16805_0_1155,24028.0,739.0,24058.0,739.0,4,1,0,16805_0,122.95,0
trip151957020_06:25:00,busStop_16796_1_1156,24079.0,780.0,24109.0,780.0,5,0,0,16796_1,123.01,0
trip151957020_06:25:00,busStop_16791_0_1157,24130.0,822.0,24160.0,822.0,5,3,0,16791_0,125.25,0
trip151957020_06:25:00,busStop_27352_0_1502,24197.0,878.0,24227.0,878.0,8,0,0,27352_0,185.95,0
trip151957020_06:25:00,busStop_27248_0_1159,24265.0,908.0,24295.0,908.0,8,4,0,27248_0,75.93,0
trip151957020_06:25:00,busStop_33115_0_1162,24703.0,1319.0,24733.0,1319.0,12,1,0,33115_0,56.03,0
trip151957020_06:25:00,busStop_29904_0_1163,24750.0,1355.0,24780.0,1355.0,13,3,0,29904_0,74.73,0
trip151957020_06:25:00,busStop_26996_0_1164,24798.0,1386.0,24828.0,1386.0,16,7,1,26996_0,61.61,0
trip151957020_06:25:00,busStop_-16732_0_1548,25162.0,1685.0,25192.0,1685.0,22,0,0,-16732_0,84.35,0
trip151957020_06:25:00,busStop_16739_0_1503,25285.0,1761.0,25315.0,1761.0,22,4,0,16739_0,119.01,0
trip151957020_06:25:00,busStop_16709_1_1168,25344.0,1780.0,25374.0,1780.0,26,0,1,16709_1,128.05,0
trip151957020_06:25:00,busStop_16682_1_1169,25397.0,1805.0,25427.0,1805.0,25,1,1,16682_1,97.76,0
trip151957020_06:25:00,busStop_26466_0_1171,25475.0,1843.0,25505.0,1843.0,25,2,9,26466_0,157.29,0
trip151957020_06:25:00,busStop_26364_0_1172,25528.0,1875.0,25558.0,1875.0,18,0,0,26364_0,28.59,0
trip151957020_06:25:00,busStop_26330_0_1173,25579.0,1909.0,25609.0,1909.0,18,0,0,26330_0,33.52,0
trip151957020_06:25:00,busStop_30893_0_1174,25629.0,1929.0,25659.0,1929.0,18,0,0,30893_0,54.08,0
trip151957020_06:25:00,busStop_30891_0_1175,25680.0,1949.0,25710.0,1949.0,18,0,0,30891_0,29.65,0
trip151957020_06:25:00,busStop_26185_0_1504,25901.0,2131.0,25931.0,2131.0,18,0,2,26185_0,52.85,0
trip151957020_06:25:00,busStop_26152_0_1177,25949.0,2153.0,25979.0,2153.0,16,0,0,26152_0,57.81,0
trip151957020_06:25:00,busStop_26101_0_1178,26036.0,2209.0,26066.0,2209.0,16,2,1,26101_0,33.91,0
trip151957020_06:25:00,busStop_26029_1_1180,26094.0,2209.0,26124.0,2209.0,17,1,0,26029_1,49.36,0
trip151957020_06:25:00,busStop_25982_1_1181,26146.0,2230.0,26176.0,2230.0,18,1,1,25982_1,41.14,0
trip151957020_06:25:00,busStop_25924_0_1505,26206.0,2248.0,26236.0,2248.0,18,5,1,25924_0,87.25,0
trip151957020_06:25:00,busStop_31774_0_1183,26443.0,2439.0,26473.0,2439.0,22,0,0,31774_0,143.87,0
trip151957020_06:25:00,busStop_25852_0_1184,26495.0,2456.0,26525.0,2456.0,22,0,0,25852_0,142.42,0
trip151957020_06:25:00,busStop_25818_1_1185,26543.0,2477.0,26573.0,2477.0,22,1,0,25818_1,103.79,0
trip151957020_06:25:00,busStop_25756_1_1186,26595.0,2495.0,26625.0,2495.0,23,1,0,25756_1,105.2,0
trip151957020_06:25:00,busStop_25702_0_1187,26648.0,2509.0,26678.0,2509.0,24,0,4,25702_0,125.02,0
trip151957020_06:25:00,busStop_25667_0_1188,26695.0,2533.0,26725.0,2533.0,20,3,0,25667_0,61.03,0
trip151957020_06:25:00,busStop_25608_0_1189,26753.0,2560.0,26783.0,2560.0,23,2,0,25608_0,82.58,0
trip151957020_06:25:00,busStop_25572_0_1190,26797.0,2574.0,26827.0,2574.0,25,3,1,25572_0,14.06,0
trip151957020_06:25:00,busStop_25495_1_1192,26866.0,2573.0,26896.0,2573.0,27,0,0,25495_1,109.47,0
trip151957020_06:25:00,busStop_gneE34_0_164,29711.0,5065.0,29741.0,5065.0,27,2,2,gneE34_0,85.6,0
trip151957020_06:25:00,busStop_1510_0_1361,30182.0,5487.0,30212.0,5487.0,27,1,1,1510_0,127.38,0
trip151957020_06:25:00,busStop_1489_0_166,30243.0,5482.0,30273.0,5482.0,27,2,0,1489_0,129.51,0
trip151957020_06:25:00,busStop_1480_0_167,30357.0,5575.0,30387.0,5575.0,29,2,9,1480_0,125.13,0
trip151957020_06:25:00,busStop_-600_0_169,30465.0,5646.0,30495.0,5646.0,22,2,1,-600_0,81.64,0
trip151957020_06:25:00,busStop_327_0_170,30512.0,5672.0,30542.0,5672.0,23,1,0,327_0,27.26,0
trip151957020_06:25:00,busStop_2483_1_172,31729.0,6747.0,31759.0,6747.0,24,4,6,2483_1,125.37,0
trip151970020_06:06:00,busStop_-9282_0_354,21961.0,31.0,21991.0,31.0,0,0,0,-9282_0,247.16,0
trip151970020_06:06:00,busStop_2007_0_505,22185.0,102.0,22215.0,102.0,0,0,0,2007_0,310.46,0
trip151970020_06:06:00,busStop_-24963_0_1713,30459.0,7989.0,30489.0,7989.0,0,1,0,-24963_0,24.18,0
trip151977020_08:55:00,busStop_11176_0_288,32101.0,31.0,32131.0,31.0,0,0,0,11176_0,122.78,0
trip151977020_08:55:00,busStop_-7049_0_233,32151.0,52.0,32181.0,52.0,0,0,0,-7049_0,119.96,0
trip151977020_08:55:00,busStop_-7099_0_234,32201.0,73.0,32231.0,73.0,0,0,0,-7099_0,122.45,0
trip151977020_08:55:00,busStop_-7255_0_236,32268.0,76.0,32298.0,76.0,0,0,0,-7255_0,107.27,0
trip151977020_08:55:00,busStop_-8835_0_237,32320.0,96.0,32350.0,96.0,0,0,0,-8835_0,113.98,0
trip151986020_08:05:00,busStop_11176_0_288,29101.0,31.0,29131.0,31.0,0,0,0,11176_0,122.78,0
trip151986020_08:05:00,busStop_-7049_0_233,29154.0,55.0,29184.0,55.0,0,0,0,-7049_0,120.0,0
trip151986020_08:05:00,busStop_-7099_0_234,29206.0,78.0,29236.0,78.0,0,2,0,-7099_0,122.44,0
trip151986020_08:05:00,busStop_-7255_0_236,29278.0,86.0,29308.0,86.0,2,0,0,-7255_0,107.27,0
trip151986020_08:05:00,busStop_-8835_0_237,29330.0,106.0,29360.0,106.0,2,1,0,-8835_0,113.99,0
trip151986020_08:05:00,busStop_-8962_0_238,29396.0,129.0,29426.0,129.0,3,5,0,-8962_0,220.38,0
trip151986020_08:05:00,busStop_-9425_0_257,31759.0,2126.0,31789.0,2126.0,8,0,0,-9425_0,184.31,0
trip151986020_08:05:00,busStop_-9465_0_258,31807.0,2153.0,31837.0,2153.0,8,0,0,-9465_0,84.55,0
trip151986020_08:05:00,busStop_-9486_0_259,31854.0,2178.0,31884.0,2178.0,8,0,0,-9486_0,84.38,0
trip151986020_08:05:00,busStop_-9528_0_260,31902.0,2202.0,31932.0,2202.0,8,2,0,-9528_0,84.7,0
trip151986020_08:05:00,busStop_-9589_0_262,31958.0,2194.0,31988.0,2194.0,10,1,0,-9589_0,223.98,0
trip151986020_08:05:00,busStop_-9666_0_263,32009.0,2208.0,32039.0,2208.0,11,0,0,-9666_0,46.75,0
trip151986020_08:05:00,busStop_-9748_0_264,32061.0,2228.0,32091.0,2228.0,11,0,0,-9748_0,59.38,0
trip151986020_08:05:00,busStop_-24816_0_266,32361.0,2458.0,32391.0,2458.0,11,0,0,-24816_0,51.89,0
trip151987020_07:15:00,busStop_11176_0_288,26101.0,31.0,26131.0,31.0,0,0,0,11176_0,122.78,0
trip151987020_07:15:00,busStop_-7049_0_233,26154.0,55.0,26184.0,55.0,0,1,0,-7049_0,120.0,0
trip151987020_07:15:00,busStop_-7099_0_234,26208.0,80.0,26238.0,80.0,1,0,0,-7099_0,122.44,0
trip151987020_07:15:00,busStop_-7255_0_236,26277.0,85.0,26307.0,85.0,1,0,0,-7255_0,107.27,0
trip151987020_07:15:00,busStop_-8835_0_237,26329.0,105.0,26359.0,105.0,1,1,0,-8835_0,113.96,0
trip151987020_07:15:00,busStop_-8962_0_238,26397.0,130.0,26427.0,130.0,2,8,0,-8962_0,220.36,0
trip151987020_07:15:00,busStop_-9425_0_257,29682.0,3049.0,29712.0,3049.0,10,2,0,-9425_0,184.3,0
trip151987020_07:15:00,busStop_-9465_0_258,29802.0,3148.0,29832.0,3148.0,12,1,0,-9465_0,84.56,0
trip151987020_07:15:00,busStop_-9486_0_259,29850.0,3174.0,29880.0,3174.0,13,0,0,-9486_0,84.37,0
trip151987020_07:15:00,busStop_-9528_0_260,29899.0,3199.0,29929.0,3199.0,13,0,0,-9528_0,84.69,0
trip151987020_07:15:00,busStop_-9589_0_262,29957.0,3193.0,29987.0,3193.0,13,0,0,-9589_0,223.99,0
trip151987020_07:15:00,busStop_-9666_0_263,30180.0,3379.0,30210.0,3379.0,13,0,0,-9666_0,46.78,0
trip151987020_07:15:00,busStop_-9748_0_264,30231.0,3398.0,30261.0,3398.0,13,1,0,-9748_0,59.36,0
trip151987020_07:15:00,busStop_-24816_0_266,30294.0,3391.0,30324.0,3391.0,14,0,0,-24816_0,51.91,0
trip151987020_07:15:00,busStop_-31688_0_1584,30340.0,3416.0,30370.0,3416.0,14,0,0,-31688_0,32.16,0
trip151987020_07:15:00,busStop_-25008_0_1583,30394.0,3424.0,30424.0,3424.0,14,2,4,-25008_0,84.07,0
trip151987020_07:15:00,busStop_17076_1_269,30444.0,3427.0,30474.0,3427.0,12,6,1,17076_1,51.04,0
trip151987020_07:15:00,busStop_16492_0_270,30506.0,3414.0,30536.0,3414.0,17,0,0,16492_0,152.76,0
trip151987020_07:15:00,busStop_17077_0_271,30564.0,3424.0,30594.0,3424.0,17,0,0,17077_0,105.36,0
trip151987020_07:15:00,busStop_17078_1_272,31403.0,4232.0,31433.0,4232.0,17,10,1,17078_1,70.91,0
trip151987020_07:15:00,busStop_2220_0_274,31481.0,4218.0,31511.0,4218.0,26,2,0,2220_0,192.41,0
trip151987020_07:15:00,busStop_1519_0_275,31530.0,4243.0,31560.0,4243.0,28,2,0,1519_0,108.0,0
trip151987020_07:15:00,busStop_1514_0_276,31683.0,4362.0,31713.0,4362.0,30,4,0,1514_0,111.11,0
trip151994020_06:16:00,busStop_9217_0_1870,22561.0,31.0,22591.0,31.0,0,0,0,9217_0,91.95,0
trip151994020_06:16:00,busStop_8988_0_211,22761.0,-104.0,22895.0,0.0,0,0,0,8988_0,56.22,0
trip151994020_06:16:00,busStop_8962_0_212,22930.0,20.0,22960.0,20.0,0,0,0,8962_0,220.38,0
trip151994020_06:16:00,busStop_7174_0_215,23019.0,19.0,23049.0,19.0,0,0,0,7174_0,115.18,0
trip151994020_06:16:00,busStop_7099_0_216,23074.0,41.0,23104.0,41.0,0,0,0,7099_0,122.44,0
trip151994020_06:16:00,busStop_-11176_0_217,23143.0,73.0,23173.0,73.0,0,0,0,-11176_0,122.76,0
trip151994020_06:16:00,busStop_-7049_0_233,23211.0,85.0,23241.0,85.0,0,0,0,-7049_0,119.96,0
trip151994020_06:16:00,busStop_-7099_0_234,23264.0,109.0,23294.0,109.0,0,1,0,-7099_0,122.45,0
trip151994020_06:16:00,busStop_-7255_0_236,23332.0,113.0,23362.0,113.0,1,1,0,-7255_0,107.27,0
trip151994020_06:16:00,busStop_-8835_0_237,23387.0,136.0,23417.0,136.0,2,0,0,-8835_0,113.98,0
trip151994020_06:16:00,busStop_-8962_0_238,23463.0,169.0,23493.0,169.0,2,1,0,-8962_0,220.37,0
trip151994020_06:16:00,busStop_-9211_0_253,23569.0,70.0,23599.0,70.0,3,1,1,-9211_0,96.48,0
trip151994020_06:16:00,busStop_-14311_0_254,23620.0,88.0,23650.0,88.0,3,0,0,-14311_0,76.68,0
trip151994020_06:16:00,busStop_-9285_0_255,23671.0,110.0,23701.0,110.0,3,0,0,-9285_0,130.3,0
trip151994020_06:16:00,busStop_-14183_0_256,23726.0,112.0,23756.0,112.0,3,0,0,-14183_0,91.67,0
trip151994020_06:16:00,busStop_-9425_0_257,23781.0,121.0,23811.0,121.0,3,0,1,-9425_0,184.3,0
trip151994020_06:16:00,busStop_-9465_0_258,23829.0,148.0,23859.0,148.0,2,0,0,-9465_0,84.54,0
trip151994020_06:16:00,busStop_-9486_0_259,23876.0,174.0,23906.0,174.0,2,1,0,-9486_0,84.35,0
trip151994020_06:16:00,busStop_-9528_0_260,23923.0,197.0,23953.0,197.0,3,2,0,-9528_0,84.69,0
trip151994020_06:16:00,busStop_-9589_0_261,23982.0,237.0,24012.0,237.0,5,1,0,-9589_0,224.0,0
trip151994020_06:16:00,busStop_-9589_0_262,24013.0,249.0,24043.0,249.0,6,0,0,-9589_0,224.01,0
trip151994020_06:16:00,busStop_-9666_0_263,24065.0,264.0,24095.0,264.0,6,0,0,-9666_0,46.75,0
trip151994020_06:16:00,busStop_-9748_0_264,24118.0,285.0,24148.0,285.0,6,0,0,-9748_0,59.37,0
trip151994020_06:16:00,busStop_-24816_0_266,24180.0,277.0,24210.0,277.0,6,0,0,-24816_0,51.9,0
trip151994020_06:16:00,busStop_-31688_0_1584,24227.0,303.0,24257.0,303.0,6,0,0,-31688_0,32.17,0
trip151994020_06:16:00,busStop_-25008_0_1583,24282.0,312.0,24312.0,312.0,6,0,1,-25008_0,84.06,0
trip151994020_06:16:00,busStop_17076_1_269,24333.0,320.0,24363.0,320.0,5,3,0,17076_1,51.06,0
trip151994020_06:16:00,busStop_16492_0_270,24394.0,312.0,24424.0,312.0,8,0,0,16492_0,152.77,0
trip151994020_06:16:00,busStop_17077_0_271,24452.0,326.0,24482.0,326.0,8,0,0,17077_0,105.36,0
trip151994020_06:16:00,busStop_17078_1_272,24498.0,343.0,24528.0,343.0,8,0,2,17078_1,70.92,0
trip151994020_06:16:00,busStop_1979_0_273,24557.0,381.0,24587.0,381.0,6,1,0,1979_0,91.03,0
trip151994020_06:16:00,busStop_2220_0_274,24626.0,374.0,24656.0,374.0,7,1,0,2220_0,192.39,0
trip151994020_06:16:00,busStop_1519_0_275,24675.0,401.0,24705.0,401.0,8,0,0,1519_0,108.0,0
trip151994020_06:16:00,busStop_1514_0_276,24725.0,420.0,24755.0,420.0,8,3,0,1514_0,111.1,0
trip151994020_06:16:00,busStop_1507_0_277,24809.0,466.0,24839.0,466.0,11,1,0,1507_0,213.44,0
trip151994020_06:16:00,busStop_1502_0_278,24871.0,503.0,24901.0,503.0,12,1,0,1502_0,121.34,0
trip151994020_06:16:00,busStop_1496_1_279,24952.0,559.0,24982.0,559.0,13,2,1,1496_1,110.7,0
trip151994020_06:16:00,busStop_2004_0_280,25004.0,567.0,25034.0,567.0,14,1,0,2004_0,52.15,0
trip151994020_06:16:00,busStop_1488_0_281,25058.0,593.0,25088.0,593.0,15,2,1,1488_0,153.48,0
trip151994020_06:16:00,busStop_-2074_0_1351,29658.0,4788.0,29688.0,4788.0,16,0,6,-2074_0,56.79,0
trip152012020_06:45:00,busStop_16503_0_145,26626.0,2356.0,26656.0,2356.0,0,3,0,16503_0,111.73,0
trip152012020_06:45:00,busStop_gneE34_0_164,27290.0,2952.0,27320.0,2952.0,3,2,0,gneE34_0,85.61,0
trip152012020_06:45:00,busStop_1510_0_1361,28555.0,4173.0,28585.0,4173.0,5,9,0,1510_0,127.38,0
trip152012020_06:45:00,busStop_1489_0_166,28628.0,4187.0,28658.0,4187.0,14,6,0,1489_0,129.52,0
trip152012020_06:45:00,busStop_1480_0_167,28760.0,4300.0,28790.0,4300.0,20,2,12,1480_0,125.12,0
trip152012020_06:45:00,busStop_-600_0_169,28848.0,4355.0,28878.0,4355.0,10,1,1,-600_0,81.65,0
trip152012020_06:45:00,busStop_327_0_170,28896.0,4384.0,28926.0,4384.0,10,2,1,327_0,27.26,0
trip152012020_06:45:00,busStop_-2716_0_171,30289.0,5752.0,30319.0,5752.0,11,1,1,-2716_0,53.43,0
trip152012020_06:45:00,busStop_2483_1_172,31217.0,6578.0,31247.0,6578.0,11,5,0,2483_1,125.38,0
trip152012020_06:45:00,busStop_-1481_0_173,31339.0,6681.0,31369.0,6681.0,16,9,0,-1481_0,173.19,0
trip152012020_06:45:00,busStop_-1488_0_1360,31446.0,6740.0,31476.0,6740.0,25,4,2,-1488_0,153.51,0
trip152012020_06:45:00,busStop_-1488_0_175,31477.0,6761.0,31507.0,6761.0,27,0,0,-1488_0,153.51,0
trip152027020_08:30:00,busStop_-11176_0_217,30601.0,31.0,30631.0,31.0,0,4,0,-11176_0,122.77,0
trip152027020_08:30:00,busStop_-7275_0_294,30742.0,76.0,30772.0,76.0,4,2,0,-7275_0,118.72,0
trip152027020_08:30:00,busStop_-8893_0_360,30807.0,121.0,30837.0,121.0,6,1,0,-8893_0,41.81,0
trip152027020_08:30:00,busStop_-1426_0_361,30879.0,170.0,30909.0,170.0,7,0,0,-1426_0,17.12,0
trip152027020_08:30:00,busStop_-1614_0_362,30929.0,206.0,30959.0,206.0,7,4,0,-1614_0,117.49,0
trip152027020_08:30:00,busStop_-2294_0_363,30986.0,235.0,31016.0,235.0,11,1,0,-2294_0,146.93,0
trip152027020_08:30:00,busStop_-1436_0_364,31040.0,260.0,31070.0,260.0,12,0,0,-1436_0,178.42,0
trip152027020_08:30:00,busStop_-1438_0_365,32040.0,1237.0,32070.0,1237.0,12,0,0,-1438_0,162.47,0
trip152028020_07:35:00,busStop_-11176_0_217,27301.0,31.0,27331.0,31.0,0,10,0,-11176_0,122.77,0
trip152028020_07:35:00,busStop_-7275_0_294,27433.0,67.0,27463.0,67.0,10,1,0,-7275_0,118.71,0
trip152028020_07:35:00,busStop_-8893_0_360,27497.0,111.0,27527.0,111.0,11,0,0,-8893_0,41.79,0
trip152028020_07:35:00,busStop_-1426_0_361,27551.0,142.0,27581.0,142.0,11,0,0,-1426_0,17.12,0
trip152028020_07:35:00,busStop_-1614_0_362,27600.0,177.0,27630.0,177.0,11,3,0,-1614_0,117.49,0
trip152028020_07:35:00,busStop_-2294_0_363,27656.0,205.0,27686.0,205.0,14,0,0,-2294_0,146.91,0
trip152028020_07:35:00,busStop_-1436_0_364,27710.0,230.0,27740.0,230.0,14,0,0,-1436_0,178.43,0
trip152028020_07:35:00,busStop_-1438_0_365,27762.0,259.0,27792.0,259.0,14,3,0,-1438_0,162.47,0
trip152028020_07:35:00,busStop_-1450_0_367,29090.0,1539.0,29120.0,1539.0,17,0,0,-1450_0,92.59,0
trip152028020_07:35:00,busStop_-1457_0_368,31936.0,4367.0,31966.0,4367.0,17,1,0,-1457_0,124.68,0
trip152029020_06:45:00,busStop_-11176_0_217,24301.0,31.0,24331.0,31.0,0,3,0,-11176_0,122.77,0
trip152029020_06:45:00,busStop_-11176_0_289,24332.0,51.0,24362.0,51.0,3,0,0,-11176_0,122.77,0
trip152029020_06:45:00,busStop_-7042_0_290,24384.0,88.0,24414.0,88.0,3,2,0,-7042_0,121.41,0
trip152029020_06:45:00,busStop_-14249_0_291,24440.0,131.0,24470.0,131.0,5,1,0,-14249_0,59.74,0
trip152029020_06:45:00,busStop_-7275_0_294,24522.0,158.0,24552.0,158.0,6,0,0,-7275_0,118.72,0
trip152029020_06:45:00,busStop_-8893_0_360,24582.0,193.0,24612.0,193.0,6,0,0,-8893_0,41.8,0
trip152029020_06:45:00,busStop_-1426_0_361,24675.0,258.0,24705.0,258.0,6,0,0,-1426_0,17.1,0
trip152029020_06:45:00,busStop_-1614_0_362,24726.0,292.0,24756.0,292.0,6,2,0,-1614_0,117.48,0
trip152029020_06:45:00,busStop_-2294_0_363,24782.0,314.0,24812.0,314.0,8,0,0,-2294_0,146.93,0
trip152029020_06:45:00,busStop_-1436_0_364,24835.0,331.0,24865.0,331.0,8,1,0,-1436_0,178.43,0
trip152029020_06:45:00,busStop_-1438_0_365,24890.0,357.0,24920.0,357.0,9,0,0,-1438_0,162.46,0
trip152029020_06:45:00,busStop_-1450_0_367,24949.0,373.0,24979.0,373.0,9,0,0,-1450_0,92.56,0
trip152029020_06:45:00,busStop_-1457_0_368,25000.0,401.0,25030.0,401.0,9,0,0,-1457_0,124.68,0
trip152029020_06:45:00,busStop_-1464_0_369,25051.0,431.0,25081.0,431.0,9,0,0,-1464_0,118.67,0
trip152029020_06:45:00,busStop_-1470_0_370,25352.0,709.0,25382.0,709.0,9,1,0,-1470_0,63.54,0
trip152029020_06:45:00,busStop_-1485_0_1395,25410.0,716.0,25440.0,716.0,10,8,1,-1485_0,126.54,0
trip152029020_06:45:00,busStop_-1538_0_374,25495.0,744.0,25525.0,744.0,17,1,0,-1538_0,182.79,0
trip152029020_06:45:00,busStop_-17067_0_375,25542.0,776.0,25572.0,776.0,18,3,0,-17067_0,44.77,0
trip152029020_06:45:00,busStop_-16507_0_1396,25608.0,817.0,25638.0,817.0,21,2,0,-16507_0,276.14,0
trip152029020_06:45:00,busStop_-16507_0_376,25639.0,790.0,25669.0,790.0,23,0,0,-16507_0,276.15,0
trip152029020_06:45:00,busStop_-17070_0_377,26675.0,1805.0,26705.0,1805.0,23,0,0,-17070_0,205.82,0
trip152029020_06:45:00,busStop_-17069_0_378,26720.0,1833.0,26750.0,1833.0,23,0,0,-17069_0,61.94,0
trip152029020_06:45:00,busStop_-16530_0_379,28457.0,3558.0,28487.0,3558.0,23,1,0,-16530_0,85.59,0
trip152029020_06:45:00,busStop_-16536_0_380,30363.0,5451.0,30393.0,5451.0,24,1,0,-16536_0,84.42,0
trip152029020_06:45:00,busStop_-16539_0_381,30466.0,5541.0,30496.0,5541.0,25,1,0,-16539_0,85.62,0
trip152029020_06:45:00,busStop_25844_0_386,32232.0,7193.0,32262.0,7193.0,26,1,1,25844_0,108.48,0
trip152029020_06:45:00,busStop_25808_0_387,32286.0,7223.0,32316.0,7223.0,26,1,0,25808_0,103.7,0
trip152029020_06:45:00,busStop_25758_0_388,32340.0,7254.0,32370.0,7254.0,27,1,1,25758_0,122.85,0
trip152040020_06:41:00,busStop_-9282_0_354,24203.0,173.0,24233.0,173.0,0,2,0,-9282_0,247.16,0
trip152062020_08:10:00,busStop_14569_0_509,29401.0,31.0,29431.0,31.0,0,0,0,14569_0,16.52,0
trip152062020_08:10:00,busStop_-14500_0_564,31655.0,2207.0,31685.0,2207.0,0,0,0,-14500_0,60.75,0
trip152063020_07:25:00,busStop_14569_0_509,26701.0,31.0,26731.0,31.0,0,0,0,14569_0,16.52,0
trip152063020_07:25:00,busStop_-14500_0_564,26860.0,34.0,26890.0,34.0,0,0,0,-14500_0,60.75,0
trip152083020_08:20:00,busStop_1489_0_166,30001.0,31.0,30031.0,31.0,0,0,0,1489_0,129.52,0
trip152083020_08:20:00,busStop_gneE48_0_1555,30472.0,445.0,30502.0,445.0,0,1,0,gneE48_0,116.52,0
trip152083020_08:20:00,busStop_-1510_0_1579,30914.0,869.0,30944.0,869.0,1,3,0,-1510_0,127.34,0
trip152083020_08:20:00,busStop_-1524_0_1354,31249.0,1153.0,31279.0,1153.0,4,5,0,-1524_0,127.75,0
trip152092020_08:55:00,busStop_1489_0_166,32101.0,31.0,32131.0,31.0,0,0,0,1489_0,129.52,0
trip152097020_07:36:00,busStop_-9282_0_354,27435.0,105.0,27465.0,105.0,0,2,0,-9282_0,247.16,0
trip152097020_07:36:00,busStop_2007_0_505,30585.0,3060.0,30615.0,3060.0,2,2,0,2007_0,310.44,0
trip152103020_08:35:00,busStop_-9821_0_756,30901.0,31.0,30931.0,31.0,0,0,0,-9821_0,330.43,0
trip152103020_08:35:00,busStop_-9923_0_757,30972.0,62.0,31002.0,62.0,0,0,0,-9923_0,309.91,0
trip152103020_08:35:00,busStop_-9923_0_758,31003.0,60.0,31033.0,60.0,0,0,0,-9923_0,309.91,0
trip152103020_08:35:00,busStop_30079_0_759,31051.0,88.0,31081.0,88.0,0,0,0,30079_0,74.12,0
trip152103020_08:35:00,busStop_-11394_0_760,31117.0,124.0,31147.0,124.0,0,0,0,-11394_0,91.67,0
trip152103020_08:35:00,busStop_-24851_0_761,31921.0,891.0,31951.0,891.0,0,0,0,-24851_0,99.76,0
trip152117020_08:00:00,busStop_-9821_0_756,28801.0,31.0,28831.0,31.0,0,0,0,-9821_0,330.43,0
trip152117020_08:00:00,busStop_-9923_0_757,28876.0,66.0,28906.0,66.0,0,0,0,-9923_0,309.91,0
trip152117020_08:00:00,busStop_-9923_0_758,28907.0,64.0,28937.0,64.0,0,0,0,-9923_0,309.91,0
trip152117020_08:00:00,busStop_30079_0_759,28954.0,91.0,28984.0,91.0,0,0,0,30079_0,74.12,0
trip152117020_08:00:00,busStop_-11394_0_760,29021.0,128.0,29051.0,128.0,0,0,0,-11394_0,91.66,0
trip152117020_08:00:00,busStop_-24851_0_761,30942.0,2012.0,30972.0,2012.0,0,0,0,-24851_0,99.73,0
trip152248020_08:15:00,busStop_9390_0_1566,30727.0,1057.0,30757.0,1057.0,0,1,0,9390_0,60.04,0
trip152248020_08:15:00,busStop_-38635_0_793,31288.0,1575.0,31318.0,1575.0,1,0,0,-38635_0,57.24,0
trip152248020_08:15:00,busStop_-958_0_1537,31982.0,2201.0,32012.0,2201.0,1,0,1,-958_0,126.01,0
trip152248020_08:15:00,busStop_-959_0_794,32035.0,2191.0,32065.0,2191.0,0,0,0,-959_0,129.73,0
trip152249020_08:25:00,busStop_9390_0_1566,30767.0,497.0,30797.0,497.0,0,1,0,9390_0,60.03,0
trip152249020_08:25:00,busStop_-38635_0_793,31290.0,977.0,31320.0,977.0,1,0,0,-38635_0,45.19,0
trip152249020_08:25:00,busStop_-958_0_1537,31984.0,1603.0,32014.0,1603.0,1,2,1,-958_0,113.99,0
trip152249020_08:25:00,busStop_-959_0_794,32036.0,1592.0,32066.0,1592.0,2,1,0,-959_0,117.71,0
trip152250020_08:35:00,busStop_9390_0_1566,31516.0,646.0,31546.0,646.0,0,2,0,9390_0,60.04,0
trip152251020_08:45:00,busStop_9390_0_1566,31556.0,86.0,31586.0,86.0,0,0,0,9390_0,60.04,0
trip152322020_06:00:00,busStop_16503_0_145,21601.0,31.0,21631.0,31.0,0,0,0,16503_0,111.73,0
trip152322020_06:00:00,busStop_17310_0_1560,21666.0,78.0,21696.0,78.0,0,0,0,17310_0,125.39,0
trip152322020_06:00:00,busStop_17310_0_163,21697.0,92.0,21727.0,92.0,0,0,0,17310_0,125.39,0
trip152322020_06:00:00,busStop_gneE34_0_164,21760.0,122.0,21790.0,122.0,0,0,0,gneE34_0,85.59,0
trip152322020_06:00:00,busStop_1524_0_165,21821.0,164.0,21851.0,164.0,0,0,0,1524_0,127.75,0
trip152322020_06:00:00,busStop_1510_0_1361,21894.0,212.0,21924.0,212.0,0,2,0,1510_0,127.37,0
trip152322020_06:00:00,busStop_1489_0_166,21979.0,238.0,22009.0,238.0,2,1,1,1489_0,129.5,0
trip152322020_06:00:00,busStop_1480_0_167,22030.0,270.0,22060.0,270.0,2,0,0,1480_0,125.11,0
trip152322020_06:00:00,busStop_-600_0_169,22117.0,324.0,22147.0,324.0,2,0,0,-600_0,81.64,0
trip152322020_06:00:00,busStop_327_0_170,22170.0,358.0,22200.0,358.0,2,2,0,327_0,27.26,0
trip152322020_06:00:00,busStop_-2716_0_171,23037.0,1200.0,23067.0,1200.0,4,0,0,-2716_0,53.42,0
trip152322020_06:00:00,busStop_2483_1_172,23130.0,1191.0,23160.0,1191.0,4,1,0,2483_1,125.38,0
trip152322020_06:00:00,busStop_-1481_0_173,23193.0,1235.0,23223.0,1235.0,5,1,0,-1481_0,173.2,0
trip152322020_06:00:00,busStop_-1488_0_1360,23272.0,1266.0,23302.0,1266.0,6,0,0,-1488_0,153.51,0
trip152322020_06:00:00,busStop_-1488_0_175,23303.0,1287.0,23333.0,1287.0,6,0,0,-1488_0,153.51,0
trip152322020_06:00:00,busStop_-1496_0_176,23365.0,1301.0,23395.0,1301.0,6,0,2,-1496_0,110.73,0
trip152322020_06:00:00,busStop_-1502_0_177,23434.0,1342.0,23464.0,1342.0,4,0,1,-1502_0,121.34,0
trip152322020_06:00:00,busStop_-1507_0_178,23547.0,1418.0,23577.0,1418.0,3,0,0,-1507_0,213.44,0
trip152322020_06:00:00,busStop_-1514_0_179,23663.0,1507.0,23693.0,1507.0,3,4,0,-1514_0,111.1,0
trip152322020_06:00:00,busStop_-1979_0_181,23743.0,1495.0,23773.0,1495.0,7,0,0,-1979_0,91.03,0
trip152322020_06:00:00,busStop_-16488_0_183,23803.0,1496.0,23833.0,1496.0,7,0,0,-16488_0,123.76,0
trip152322020_06:00:00,busStop_-16498_0_184,23862.0,1514.0,23892.0,1514.0,7,1,0,-16498_0,63.25,0
trip152322020_06:00:00,busStop_-17075_0_312,23913.0,1540.0,23943.0,1540.0,8,1,0,-17075_0,77.74,0
trip152322020_06:00:00,busStop_-17073_1_313,23977.0,1576.0,24007.0,1576.0,9,0,0,-17073_1,19.5,0
trip152322020_06:00:00,busStop_-25211_0_315,24029.0,1605.0,24059.0,1605.0,9,1,0,-25211_0,85.25,0
trip152322020_06:00:00,busStop_-25278_0_316,24075.0,1639.0,24105.0,1639.0,10,0,0,-25278_0,84.51,0
trip152322020_06:00:00,busStop_25376_0_318,24141.0,1680.0,24171.0,1680.0,10,0,1,25376_0,84.19,0
trip152322020_06:00:00,busStop_-31666_1_349,24193.0,1723.0,24223.0,1723.0,9,0,1,-31666_1,33.6,0
trip152322020_06:00:00,busStop_-25483_1_319,24261.0,1773.0,24291.0,1773.0,8,0,0,-25483_1,82.12,0
trip152322020_06:00:00,busStop_-31558_1_320,24309.0,1806.0,24339.0,1806.0,8,0,0,-31558_1,43.75,0
trip152322020_06:00:00,busStop_-16974_1_829,24380.0,1856.0,24410.0,1856.0,8,0,1,-16974_1,81.69,0
trip152322020_06:00:00,busStop_-16561_0_321,24431.0,1886.0,24461.0,1886.0,7,0,0,-16561_0,134.33,0
trip152322020_06:00:00,busStop_-16565_0_322,24480.0,1911.0,24510.0,1911.0,7,2,0,-16565_0,137.8,0
trip152322020_06:00:00,busStop_16579_0_323,25778.0,3121.0,25808.0,3121.0,9,0,5,16579_0,96.08,0
trip152322020_06:00:00,busStop_16947_0_324,26040.0,3359.0,26070.0,3359.0,4,0,1,16947_0,84.76,0
trip152322020_06:00:00,busStop_16545_0_325,26092.0,3390.0,26122.0,3390.0,3,2,0,16545_0,85.43,0
trip152322020_06:00:00,busStop_16539_0_326,26140.0,3417.0,26170.0,3417.0,5,0,0,16539_0,85.61,0
trip152322020_06:00:00,busStop_16536_1_327,26281.0,3543.0,26311.0,3543.0,5,0,0,16536_1,84.41,0
trip152322020_06:00:00,busStop_17070_0_329,26403.0,3623.0,26433.0,3623.0,5,0,0,17070_0,202.2,0
trip152322020_06:00:00,busStop_16510_0_330,26451.0,3645.0,26481.0,3645.0,5,0,0,16510_0,102.84,0
trip152322020_06:00:00,busStop_16507_0_1593,26509.0,3666.0,26539.0,3666.0,5,1,0,16507_0,275.66,0
trip152322020_06:00:00,busStop_1538_0_333,26574.0,3671.0,26604.0,3671.0,6,0,0,1538_0,183.58,0
trip152322020_06:00:00,busStop_2001_0_334,26623.0,3702.0,26653.0,3702.0,6,0,0,2001_0,112.03,0
trip152322020_06:00:00,busStop_1999_0_335,26680.0,3730.0,26710.0,3730.0,6,0,0,1999_0,96.78,0
trip152322020_06:00:00,busStop_2000_0_336,26727.0,3757.0,26757.0,3757.0,6,0,0,2000_0,109.28,0
trip152322020_06:00:00,busStop_1485_0_337,27848.0,4859.0,27878.0,4859.0,6,0,0,1485_0,126.54,0
trip152322020_06:00:00,busStop_1445_0_340,28796.0,5716.0,28826.0,5716.0,6,0,0,1445_0,11.08,0
trip152322020_06:00:00,busStop_1441_0_342,28849.0,5746.0,28879.0,5746.0,6,0,0,1441_0,72.99,0
trip152322020_06:00:00,busStop_1436_0_344,28912.0,5764.0,28942.0,5764.0,6,1,0,1436_0,178.41,0
trip152322020_06:00:00,busStop_1426_0_346,28975.0,5775.0,29005.0,5775.0,7,0,0,1426_0,17.08,0
trip152322020_06:00:00,busStop_1425_0_347,29026.0,5805.0,29056.0,5805.0,7,0,2,1425_0,143.01,0
trip152322020_06:00:00,busStop_-7190_0_351,29113.0,5837.0,29143.0,5837.0,5,0,0,-7190_0,29.07,0
trip152322020_06:00:00,busStop_-7173_0_352,29175.0,5884.0,29205.0,5884.0,5,0,0,-7173_0,77.12,0
trip152322020_06:00:00,busStop_-7123_0_353,29251.0,5941.0,29281.0,5941.0,5,0,2,-7123_0,118.36,0
trip152322020_06:00:00,busStop_7042_0_232,29332.0,5983.0,29362.0,5983.0,3,0,0,7042_0,121.43,0
trip152322020_06:00:00,busStop_11176_0_288,29385.0,6015.0,29415.0,6015.0,3,0,2,11176_0,122.78,0
