trip_id,vid,vehicle_type,vehicle_actual_name,fuel_type,gtfs_trip_id,gtfs_time_start,gtfs_time_end
204959,112,Gillig_103,Gillig HF 35' 2002,diesel,204959,23:55:00,24:40:00
206345,152,Gillig_101,Gillig LF 35' 2014,diesel,206345,23:30:00,24:40:00
205087,150,Gillig_101,Gillig LF 35' 2014,diesel,205087,23:55:00,24:40:00
206311,504,Gillig_105,Gillig 35' Hybrids 2014,hybrid,206311,04:21:00,05:30:00
206129,113,Gillig_103,Gillig HF 35' 2002,diesel,206129,04:41:00,05:25:00
205253,150,Gillig_101,Gillig LF 35' 2014,diesel,205253,04:51:00,05:30:00
204922,123,Gillig_103,Gillig HF 35' 2002,diesel,204922,04:51:00,05:30:00
206312,501,Gillig_106,Gillig 37' Hybrids 2009,hybrid,206312,04:51:00,06:00:00
205145,134,Gillig_103,Gillig HF 35' 2002,diesel,205145,04:46:00,05:40:00
205192,147,Gillig_101,Gillig LF 35' 2014,diesel,205192,05:05:00,05:40:00
204920,147,Gillig_101,Gillig LF 35' 2014,diesel,204920,05:40:00,05:55:00
205146,134,Gillig_103,Gillig HF 35' 2002,diesel,205146,05:40:00,06:30:00
206130,113,Gillig_103,Gillig HF 35' 2002,diesel,206130,05:25:00,06:05:00
205193,124,Gillig_103,Gillig HF 35' 2002,diesel,205193,05:55:00,06:30:00
205144,136,Gillig_102,Gillig HF 2006,diesel,205144,05:36:00,06:30:00
205084,129,Gillig_103,Gillig HF 35' 2002,diesel,205084,05:51:00,06:30:00
206779,111,Gillig_103,Gillig HF 35' 2002,diesel,206779,05:51:00,06:25:00
206310,120,Gillig_103,Gillig HF 35' 2002,diesel,206310,05:51:00,07:00:00
205752,140,Gillig_102,Gillig HF 2006,diesel,205752,05:46:00,06:30:00
206020,126,Gillig_103,Gillig HF 35' 2002,diesel,206020,05:56:00,06:20:00
206355,504,Gillig_105,Gillig 35' Hybrids 2014,hybrid,206355,05:30:00,06:30:00
205062,506,Gillig_105,Gillig 35' Hybrids 2014,hybrid,205062,06:01:00,06:45:00
206128,113,Gillig_103,Gillig HF 35' 2002,diesel,206128,06:05:00,06:40:00
204951,147,Gillig_101,Gillig LF 35' 2014,diesel,204951,06:10:00,06:45:00
205143,154,Gillig_101,Gillig LF 35' 2014,diesel,205143,06:21:00,07:15:00
205085,146,Gillig_107,Gillig LF 37' 2009,diesel,205085,06:16:00,06:55:00
205252,150,Gillig_101,Gillig LF 35' 2014,diesel,205252,06:10:00,06:40:00
204919,123,Gillig_103,Gillig HF 35' 2002,diesel,204919,06:04:23,06:09:23
206356,501,Gillig_106,Gillig 37' Hybrids 2009,hybrid,206356,06:00:00,07:00:00
206778,138,Gillig_102,Gillig HF 2006,diesel,206778,06:31:00,07:05:00
204918,129,Gillig_103,Gillig HF 35' 2002,diesel,204918,06:30:00,06:39:41
206309,504,Gillig_105,Gillig 35' Hybrids 2014,hybrid,206309,06:30:00,07:30:00
204950,123,Gillig_103,Gillig HF 35' 2002,diesel,204950,06:30:00,07:05:00
206127,124,Gillig_103,Gillig HF 35' 2002,diesel,206127,06:35:00,07:10:00
205927,134,Gillig_103,Gillig HF 35' 2002,diesel,205927,06:30:00,06:45:00
205778,140,Gillig_102,Gillig HF 2006,diesel,205778,06:30:00,07:20:00
206131,113,Gillig_103,Gillig HF 35' 2002,diesel,206131,06:40:00,07:20:00
205265,150,Gillig_101,Gillig LF 35' 2014,diesel,205265,06:40:00,07:10:00
205172,147,Gillig_101,Gillig LF 35' 2014,diesel,205172,06:45:00,07:15:00
205949,134,Gillig_103,Gillig HF 35' 2002,diesel,205949,06:45:00,07:03:00
206862,703,Gillig_108,BYD_BEV,electric,206862,06:45:00,07:00:00
204917,146,Gillig_107,Gillig LF 37' 2009,diesel,204917,06:55:00,07:00:03
205147,136,Gillig_102,Gillig HF 2006,diesel,205147,06:30:00,07:20:00
206063,727,Gillig_108,BYD_BEV,electric,206063,06:50:00,07:15:00
205190,506,Gillig_105,Gillig 35' Hybrids 2014,hybrid,205190,06:45:00,07:20:00
204949,129,Gillig_103,Gillig HF 35' 2002,diesel,204949,07:00:00,07:35:00
206354,120,Gillig_103,Gillig HF 35' 2002,diesel,206354,07:00:00,08:00:00
206037,126,Gillig_103,Gillig HF 35' 2002,diesel,206037,06:20:00,06:40:00
205738,111,Gillig_103,Gillig HF 35' 2002,diesel,205738,06:55:00,07:25:00
206036,126,Gillig_103,Gillig HF 35' 2002,diesel,206036,07:00:00,07:20:00
206301,501,Gillig_106,Gillig 37' Hybrids 2009,hybrid,206301,07:00:00,08:00:00
206939,703,Gillig_108,BYD_BEV,electric,206939,07:00:00,07:15:00
205928,134,Gillig_103,Gillig HF 35' 2002,diesel,205928,07:05:00,07:20:00
205061,123,Gillig_103,Gillig HF 35' 2002,diesel,205061,07:05:00,07:35:00
205148,154,Gillig_101,Gillig LF 35' 2014,diesel,205148,07:15:00,08:25:00
205251,150,Gillig_101,Gillig LF 35' 2014,diesel,205251,07:10:00,07:40:00
206132,124,Gillig_103,Gillig HF 35' 2002,diesel,206132,07:10:00,07:50:00
206864,703,Gillig_108,BYD_BEV,electric,206864,07:15:00,07:30:00
204916,506,Gillig_105,Gillig 35' Hybrids 2014,hybrid,204916,07:20:00,07:35:00
206799,138,Gillig_102,Gillig HF 2006,diesel,206799,07:05:00,07:40:00
205078,147,Gillig_101,Gillig LF 35' 2014,diesel,205078,07:15:00,07:45:00
205397,144,Gillig_102,Gillig HF 2006,diesel,205397,07:21:00,07:40:00
206018,126,Gillig_103,Gillig HF 35' 2002,diesel,206018,07:20:00,07:40:00
206085,727,Gillig_108,BYD_BEV,electric,206085,07:15:00,07:30:00
206777,135,Gillig_102,Gillig HF 2006,diesel,206777,07:21:00,08:00:00
204948,146,Gillig_107,Gillig LF 37' 2009,diesel,204948,07:25:00,08:00:00
206126,113,Gillig_103,Gillig HF 35' 2002,diesel,206126,07:20:00,07:55:00
205950,134,Gillig_103,Gillig HF 35' 2002,diesel,205950,07:20:00,07:38:00
205396,143,Gillig_102,Gillig HF 2006,diesel,205396,07:28:00,07:47:00
206353,504,Gillig_105,Gillig 35' Hybrids 2014,hybrid,206353,07:30:00,08:30:00
205140,136,Gillig_102,Gillig HF 2006,diesel,205140,07:30:00,08:10:00
205762,111,Gillig_103,Gillig HF 35' 2002,diesel,205762,07:25:00,08:00:00
205395,140,Gillig_102,Gillig HF 2006,diesel,205395,07:35:00,07:54:00
205189,123,Gillig_103,Gillig HF 35' 2002,diesel,205189,07:35:00,08:30:00
206941,703,Gillig_108,BYD_BEV,electric,206941,07:30:00,07:45:00
205171,129,Gillig_103,Gillig HF 35' 2002,diesel,205171,07:35:00,08:05:00
206064,727,Gillig_108,BYD_BEV,electric,206064,07:30:00,07:45:00
205526,144,Gillig_102,Gillig HF 2006,diesel,205526,07:40:00,07:51:00
205264,150,Gillig_101,Gillig LF 35' 2014,diesel,205264,07:40:00,08:10:00
206035,126,Gillig_103,Gillig HF 35' 2002,diesel,206035,07:40:00,08:00:00
205737,138,Gillig_102,Gillig HF 2006,diesel,205737,07:40:00,08:10:00
206866,703,Gillig_108,BYD_BEV,electric,206866,07:45:00,08:00:00
205925,134,Gillig_103,Gillig HF 35' 2002,diesel,205925,07:45:00,08:00:00
204915,147,Gillig_101,Gillig LF 35' 2014,diesel,204915,07:45:00,07:53:20
204947,506,Gillig_105,Gillig 35' Hybrids 2014,hybrid,204947,07:50:00,08:25:00
206086,727,Gillig_108,BYD_BEV,electric,206086,07:45:00,08:00:00
205394,144,Gillig_102,Gillig HF 2006,diesel,205394,07:51:00,08:01:00
205511,143,Gillig_102,Gillig HF 2006,diesel,205511,07:47:00,07:58:00
206344,501,Gillig_106,Gillig 37' Hybrids 2009,hybrid,206344,08:00:00,09:00:00
205496,140,Gillig_102,Gillig HF 2006,diesel,205496,07:54:00,08:05:00
206133,113,Gillig_103,Gillig HF 35' 2002,diesel,206133,07:55:00,08:55:00
205141,124,Gillig_103,Gillig HF 35' 2002,diesel,205141,08:00:00,08:40:00
205380,143,Gillig_102,Gillig HF 2006,diesel,205380,07:58:00,08:08:00
206017,126,Gillig_103,Gillig HF 35' 2002,diesel,206017,08:00:00,08:20:00
204914,145,Gillig_107,Gillig LF 37' 2009,diesel,204914,08:04:38,08:25:00
206943,703,Gillig_108,BYD_BEV,electric,206943,08:00:00,08:15:00
206065,727,Gillig_108,BYD_BEV,electric,206065,08:00:00,08:15:00
205947,134,Gillig_103,Gillig HF 35' 2002,diesel,205947,08:00:00,08:18:00
206299,120,Gillig_103,Gillig HF 35' 2002,diesel,206299,08:00:00,09:00:00
205525,144,Gillig_102,Gillig HF 2006,diesel,205525,08:01:00,08:12:00
205653,728,Gillig_108,BYD_BEV,electric,205653,08:00:00,08:25:00
205366,140,Gillig_102,Gillig HF 2006,diesel,205366,08:05:00,08:15:00
206776,111,Gillig_103,Gillig HF 35' 2002,diesel,206776,08:00:00,08:30:00
205077,129,Gillig_103,Gillig HF 35' 2002,diesel,205077,08:05:00,08:35:00
205149,136,Gillig_102,Gillig HF 2006,diesel,205149,08:10:00,09:20:00
205060,146,Gillig_107,Gillig LF 37' 2009,diesel,205060,08:00:00,08:30:00
204946,147,Gillig_101,Gillig LF 35' 2014,diesel,204946,08:15:00,08:50:00
205250,150,Gillig_101,Gillig LF 35' 2014,diesel,205250,08:10:00,08:40:00
206868,703,Gillig_108,BYD_BEV,electric,206868,08:15:00,08:30:00
205498,143,Gillig_102,Gillig HF 2006,diesel,205498,08:08:00,08:19:00
206087,727,Gillig_108,BYD_BEV,electric,206087,08:15:00,08:30:00
205393,144,Gillig_102,Gillig HF 2006,diesel,205393,08:12:00,08:22:00
205761,138,Gillig_102,Gillig HF 2006,diesel,205761,08:10:00,08:40:00
205495,140,Gillig_102,Gillig HF 2006,diesel,205495,08:15:00,08:26:00
206034,126,Gillig_103,Gillig HF 35' 2002,diesel,206034,08:20:00,08:45:00
205911,134,Gillig_103,Gillig HF 35' 2002,diesel,205911,08:20:00,08:35:00
205379,143,Gillig_102,Gillig HF 2006,diesel,205379,08:19:00,08:29:00
205668,728,Gillig_108,BYD_BEV,electric,205668,08:25:00,08:50:00
205524,144,Gillig_102,Gillig HF 2006,diesel,205524,08:22:00,08:33:00
205188,146,Gillig_107,Gillig LF 37' 2009,diesel,205188,08:30:00,09:20:00
205365,140,Gillig_102,Gillig HF 2006,diesel,205365,08:26:00,08:36:00
206300,504,Gillig_105,Gillig 35' Hybrids 2014,hybrid,206300,08:30:00,09:30:00
205170,506,Gillig_105,Gillig 35' Hybrids 2014,hybrid,205170,08:25:00,08:55:00
205392,144,Gillig_102,Gillig HF 2006,diesel,205392,08:33:00,08:43:00
206066,727,Gillig_108,BYD_BEV,electric,206066,08:30:00,08:45:00
206945,703,Gillig_108,BYD_BEV,electric,206945,08:30:00,08:45:00
205510,143,Gillig_102,Gillig HF 2006,diesel,205510,08:29:00,08:40:00
206797,111,Gillig_103,Gillig HF 35' 2002,diesel,206797,08:30:00,09:00:00
204913,129,Gillig_103,Gillig HF 35' 2002,diesel,204913,08:40:54,08:50:00
205150,124,Gillig_103,Gillig HF 35' 2002,diesel,205150,08:40:00,09:29:00
205494,140,Gillig_102,Gillig HF 2006,diesel,205494,08:36:00,08:47:00
205933,134,Gillig_103,Gillig HF 35' 2002,diesel,205933,08:35:00,08:53:00
205263,150,Gillig_101,Gillig LF 35' 2014,diesel,205263,08:40:00,09:10:00
205378,143,Gillig_102,Gillig HF 2006,diesel,205378,08:40:00,08:50:00
206016,126,Gillig_103,Gillig HF 35' 2002,diesel,206016,08:45:00,09:05:00
206870,703,Gillig_108,BYD_BEV,electric,206870,08:45:00,09:00:00
206775,138,Gillig_102,Gillig HF 2006,diesel,206775,08:40:00,09:10:00
205523,144,Gillig_102,Gillig HF 2006,diesel,205523,08:43:00,08:54:00
206088,727,Gillig_108,BYD_BEV,electric,206088,08:45:00,09:00:00
204888,119,Gillig_103,Gillig HF 35' 2002,diesel,204888,09:04:23,09:30:00
205364,140,Gillig_102,Gillig HF 2006,diesel,205364,08:47:00,08:57:00
205059,147,Gillig_101,Gillig LF 35' 2014,diesel,205059,08:50:00,09:20:00
205509,143,Gillig_102,Gillig HF 2006,diesel,205509,08:50:00,09:01:00
205736,135,Gillig_102,Gillig HF 2006,diesel,205736,08:30:00,09:00:00
205391,144,Gillig_102,Gillig HF 2006,diesel,205391,08:54:00,09:04:00
206342,120,Gillig_103,Gillig HF 35' 2002,diesel,206342,09:00:00,10:00:00
206067,727,Gillig_108,BYD_BEV,electric,206067,09:00:00,09:15:00
205920,134,Gillig_103,Gillig HF 35' 2002,diesel,205920,08:55:00,09:10:00
205735,111,Gillig_103,Gillig HF 35' 2002,diesel,205735,09:00:00,09:30:00
205068,506,Gillig_105,Gillig 35' Hybrids 2014,hybrid,205068,08:55:00,09:25:00
206947,703,Gillig_108,BYD_BEV,electric,206947,09:00:00,09:15:00
206298,501,Gillig_106,Gillig 37' Hybrids 2009,hybrid,206298,09:00:00,10:00:00
205493,140,Gillig_102,Gillig HF 2006,diesel,205493,08:57:00,09:08:00
205760,135,Gillig_102,Gillig HF 2006,diesel,205760,09:00:00,09:50:00
204944,129,Gillig_103,Gillig HF 35' 2002,diesel,204944,09:05:00,09:40:00
205522,144,Gillig_102,Gillig HF 2006,diesel,205522,09:04:00,09:15:00
206033,126,Gillig_103,Gillig HF 35' 2002,diesel,206033,09:05:00,09:30:00
205652,728,Gillig_108,BYD_BEV,electric,205652,08:50:00,09:15:00
205377,143,Gillig_102,Gillig HF 2006,diesel,205377,09:01:00,09:11:00
205363,140,Gillig_102,Gillig HF 2006,diesel,205363,09:08:00,09:18:00
206872,703,Gillig_108,BYD_BEV,electric,206872,09:15:00,09:30:00
205942,134,Gillig_103,Gillig HF 35' 2002,diesel,205942,09:10:00,09:40:00
205249,150,Gillig_101,Gillig LF 35' 2014,diesel,205249,09:10:00,09:40:00
205390,144,Gillig_102,Gillig HF 2006,diesel,205390,09:15:00,09:25:00
206089,727,Gillig_108,BYD_BEV,electric,206089,09:15:00,09:30:00
205187,147,Gillig_101,Gillig LF 35' 2014,diesel,205187,09:20:00,09:50:00
205508,143,Gillig_102,Gillig HF 2006,diesel,205508,09:11:00,09:22:00
205169,145,Gillig_107,Gillig LF 37' 2009,diesel,205169,09:15:00,09:45:00
206792,138,Gillig_102,Gillig HF 2006,diesel,206792,09:10:00,09:40:00
205667,728,Gillig_108,BYD_BEV,electric,205667,09:15:00,09:40:00
204912,506,Gillig_105,Gillig 35' Hybrids 2014,hybrid,204912,09:27:43,09:40:00
205492,140,Gillig_102,Gillig HF 2006,diesel,205492,09:18:00,09:29:00
206774,136,Gillig_102,Gillig HF 2006,diesel,206774,09:11:00,09:50:00
205376,143,Gillig_102,Gillig HF 2006,diesel,205376,09:22:00,09:32:00
206343,504,Gillig_105,Gillig 35' Hybrids 2014,hybrid,206343,09:30:00,10:45:00
206015,126,Gillig_103,Gillig HF 35' 2002,diesel,206015,09:30:00,09:55:00
205521,144,Gillig_102,Gillig HF 2006,diesel,205521,09:25:00,09:36:00
206949,703,Gillig_108,BYD_BEV,electric,206949,09:30:00,09:45:00
205759,111,Gillig_103,Gillig HF 35' 2002,diesel,205759,09:30:00,10:05:00
206068,727,Gillig_108,BYD_BEV,electric,206068,09:30:00,09:45:00
205924,124,Gillig_103,Gillig HF 35' 2002,diesel,205924,09:30:00,09:45:00
205362,140,Gillig_102,Gillig HF 2006,diesel,205362,09:29:00,09:39:00
205507,143,Gillig_102,Gillig HF 2006,diesel,205507,09:32:00,09:43:00
205389,144,Gillig_102,Gillig HF 2006,diesel,205389,09:36:00,09:46:00
206874,703,Gillig_108,BYD_BEV,electric,206874,09:45:00,10:00:00
205262,150,Gillig_101,Gillig LF 35' 2014,diesel,205262,09:40:00,10:20:00
205375,143,Gillig_102,Gillig HF 2006,diesel,205375,09:43:00,09:53:00
205058,129,Gillig_103,Gillig HF 35' 2002,diesel,205058,09:40:00,10:10:00
205491,140,Gillig_102,Gillig HF 2006,diesel,205491,09:39:00,09:50:00
205734,138,Gillig_102,Gillig HF 2006,diesel,205734,09:40:00,10:10:00
205076,145,Gillig_107,Gillig LF 37' 2009,diesel,205076,09:45:00,10:15:00
206090,727,Gillig_108,BYD_BEV,electric,206090,09:45:00,10:00:00
205520,144,Gillig_102,Gillig HF 2006,diesel,205520,09:46:00,09:57:00
204911,147,Gillig_101,Gillig LF 35' 2014,diesel,204911,09:50:00,09:58:20
206032,126,Gillig_103,Gillig HF 35' 2002,diesel,206032,09:55:00,10:20:00
206796,136,Gillig_102,Gillig HF 2006,diesel,206796,09:50:00,10:20:00
205946,124,Gillig_103,Gillig HF 35' 2002,diesel,205946,09:45:00,10:03:00
205651,728,Gillig_108,BYD_BEV,electric,205651,09:40:00,10:05:00
205361,140,Gillig_102,Gillig HF 2006,diesel,205361,09:50:00,10:00:00
205388,144,Gillig_102,Gillig HF 2006,diesel,205388,09:57:00,10:07:00
205506,143,Gillig_102,Gillig HF 2006,diesel,205506,09:53:00,10:04:00
204942,506,Gillig_105,Gillig 35' Hybrids 2014,hybrid,204942,09:55:00,10:30:00
206341,501,Gillig_106,Gillig 37' Hybrids 2009,hybrid,206341,10:00:00,11:00:00
206062,727,Gillig_108,BYD_BEV,electric,206062,10:00:00,10:15:00
206951,703,Gillig_108,BYD_BEV,electric,206951,10:00:00,10:15:00
206297,120,Gillig_103,Gillig HF 35' 2002,diesel,206297,10:00:00,11:00:00
205490,140,Gillig_102,Gillig HF 2006,diesel,205490,10:00:00,10:11:00
205374,143,Gillig_102,Gillig HF 2006,diesel,205374,10:04:00,10:14:00
205248,135,Gillig_102,Gillig HF 2006,diesel,205248,10:06:00,10:45:00
205907,124,Gillig_103,Gillig HF 35' 2002,diesel,205907,10:05:00,10:20:00
205519,144,Gillig_102,Gillig HF 2006,diesel,205519,10:07:00,10:18:00
205666,728,Gillig_108,BYD_BEV,electric,205666,10:05:00,10:30:00
205360,140,Gillig_102,Gillig HF 2006,diesel,205360,10:11:00,10:21:00
204910,145,Gillig_107,Gillig LF 37' 2009,diesel,204910,10:17:01,10:30:00
205758,138,Gillig_102,Gillig HF 2006,diesel,205758,10:10:00,10:40:00
206773,111,Gillig_103,Gillig HF 35' 2002,diesel,206773,10:05:00,10:35:00
205186,129,Gillig_103,Gillig HF 35' 2002,diesel,205186,10:10:00,10:45:00
206877,703,Gillig_108,BYD_BEV,electric,206877,10:20:00,10:35:00
206282,752,Gillig_108,BYD_BEV,electric,206282,10:21:00,11:30:00
204957,147,Gillig_101,Gillig LF 35' 2014,diesel,204957,10:20:00,10:55:00
206084,727,Gillig_108,BYD_BEV,electric,206084,10:15:00,10:30:00
205497,143,Gillig_102,Gillig HF 2006,diesel,205497,10:14:00,10:25:00
206021,126,Gillig_103,Gillig HF 35' 2002,diesel,206021,10:20:00,10:45:00
205168,119,Gillig_103,Gillig HF 35' 2002,diesel,205168,10:05:00,10:35:00
205929,124,Gillig_103,Gillig HF 35' 2002,diesel,205929,10:20:00,10:38:00
205489,140,Gillig_102,Gillig HF 2006,diesel,205489,10:21:00,10:32:00
205387,144,Gillig_102,Gillig HF 2006,diesel,205387,10:18:00,10:28:00
205733,136,Gillig_102,Gillig HF 2006,diesel,205733,10:20:00,10:50:00
205367,143,Gillig_102,Gillig HF 2006,diesel,205367,10:25:00,10:35:00
206061,727,Gillig_108,BYD_BEV,electric,206061,10:30:00,10:45:00
205057,506,Gillig_105,Gillig 35' Hybrids 2014,hybrid,205057,10:30:00,11:00:00
205075,119,Gillig_103,Gillig HF 35' 2002,diesel,205075,10:35:00,11:05:00
206954,703,Gillig_108,BYD_BEV,electric,206954,10:35:00,10:50:00
205359,140,Gillig_102,Gillig HF 2006,diesel,205359,10:32:00,10:42:00
205518,144,Gillig_102,Gillig HF 2006,diesel,205518,10:28:00,10:39:00
206791,111,Gillig_103,Gillig HF 35' 2002,diesel,206791,10:35:00,11:05:00
205926,124,Gillig_103,Gillig HF 35' 2002,diesel,205926,10:40:00,10:55:00
205505,143,Gillig_102,Gillig HF 2006,diesel,205505,10:35:00,10:46:00
206038,126,Gillig_103,Gillig HF 35' 2002,diesel,206038,10:45:00,11:30:00
205386,144,Gillig_102,Gillig HF 2006,diesel,205386,10:39:00,10:49:00
204956,145,Gillig_107,Gillig LF 37' 2009,diesel,204956,10:45:00,11:20:00
204909,129,Gillig_103,Gillig HF 35' 2002,diesel,204909,10:45:51,11:15:00
206083,727,Gillig_108,BYD_BEV,electric,206083,10:45:00,11:00:00
206880,703,Gillig_108,BYD_BEV,electric,206880,10:50:00,11:05:00
205261,135,Gillig_102,Gillig HF 2006,diesel,205261,10:45:00,11:15:00
205373,143,Gillig_102,Gillig HF 2006,diesel,205373,10:46:00,10:56:00
205650,728,Gillig_108,BYD_BEV,electric,205650,10:30:00,10:55:00
205488,140,Gillig_102,Gillig HF 2006,diesel,205488,10:42:00,10:53:00
205923,112,Gillig_103,Gillig HF 35' 2002,diesel,205923,10:56:00,11:20:00
206772,138,Gillig_102,Gillig HF 2006,diesel,206772,10:45:00,11:15:00
205517,144,Gillig_102,Gillig HF 2006,diesel,205517,10:49:00,11:00:00
206340,120,Gillig_103,Gillig HF 35' 2002,diesel,206340,11:00:00,12:00:00
205167,147,Gillig_101,Gillig LF 35' 2014,diesel,205167,10:55:00,11:25:00
205358,140,Gillig_102,Gillig HF 2006,diesel,205358,10:53:00,11:03:00
205757,136,Gillig_102,Gillig HF 2006,diesel,205757,10:50:00,11:25:00
206022,134,Gillig_103,Gillig HF 35' 2002,diesel,206022,11:01:00,11:35:00
205504,143,Gillig_102,Gillig HF 2006,diesel,205504,10:56:00,11:07:00
205185,506,Gillig_105,Gillig 35' Hybrids 2014,hybrid,205185,11:00:00,11:55:00
204921,119,Gillig_103,Gillig HF 35' 2002,diesel,204921,11:07:01,11:20:00
205385,144,Gillig_102,Gillig HF 2006,diesel,205385,11:00:00,11:10:00
205948,124,Gillig_103,Gillig HF 35' 2002,diesel,205948,10:55:00,11:20:00
206296,501,Gillig_106,Gillig 37' Hybrids 2009,hybrid,206296,11:00:00,12:00:00
205665,728,Gillig_108,BYD_BEV,electric,205665,10:55:00,11:20:00
206060,727,Gillig_108,BYD_BEV,electric,206060,11:00:00,11:15:00
205732,111,Gillig_103,Gillig HF 35' 2002,diesel,205732,11:05:00,11:40:00
206957,703,Gillig_108,BYD_BEV,electric,206957,11:05:00,11:20:00
205372,143,Gillig_102,Gillig HF 2006,diesel,205372,11:07:00,11:17:00
205487,140,Gillig_102,Gillig HF 2006,diesel,205487,11:03:00,11:14:00
205516,144,Gillig_102,Gillig HF 2006,diesel,205516,11:10:00,11:21:00
204955,129,Gillig_103,Gillig HF 35' 2002,diesel,204955,11:15:00,12:00:00
205357,140,Gillig_102,Gillig HF 2006,diesel,205357,11:14:00,11:24:00
206082,727,Gillig_108,BYD_BEV,electric,206082,11:15:00,11:30:00
206883,703,Gillig_108,BYD_BEV,electric,206883,11:20:00,11:35:00
205247,135,Gillig_102,Gillig HF 2006,diesel,205247,11:15:00,11:45:00
205384,144,Gillig_102,Gillig HF 2006,diesel,205384,11:21:00,11:31:00
205503,143,Gillig_102,Gillig HF 2006,diesel,205503,11:17:00,11:28:00
204908,123,Gillig_103,Gillig HF 35' 2002,diesel,204908,11:26:00,11:50:00
205056,145,Gillig_107,Gillig LF 37' 2009,diesel,205056,11:20:00,11:50:00
205074,147,Gillig_101,Gillig LF 35' 2014,diesel,205074,11:25:00,11:55:00
205486,140,Gillig_102,Gillig HF 2006,diesel,205486,11:24:00,11:35:00
206771,136,Gillig_102,Gillig HF 2006,diesel,206771,11:25:00,11:55:00
205371,143,Gillig_102,Gillig HF 2006,diesel,205371,11:28:00,11:38:00
207272,146,Gillig_107,Gillig LF 37' 2009,diesel,207272,11:31:00,11:55:00
206790,138,Gillig_102,Gillig HF 2006,diesel,206790,11:15:00,11:45:00
206324,752,Gillig_108,BYD_BEV,electric,206324,11:30:00,12:30:00
205649,728,Gillig_108,BYD_BEV,electric,205649,11:20:00,11:45:00
206059,727,Gillig_108,BYD_BEV,electric,206059,11:30:00,11:45:00
204954,119,Gillig_103,Gillig HF 35' 2002,diesel,204954,11:35:00,12:25:00
205515,144,Gillig_102,Gillig HF 2006,diesel,205515,11:31:00,11:42:00
205356,140,Gillig_102,Gillig HF 2006,diesel,205356,11:35:00,11:45:00
206960,703,Gillig_108,BYD_BEV,electric,206960,11:35:00,11:50:00
205756,111,Gillig_103,Gillig HF 35' 2002,diesel,205756,11:40:00,12:15:00
205166,504,Gillig_105,Gillig 35' Hybrids 2014,hybrid,205166,11:36:00,12:20:00
205502,143,Gillig_102,Gillig HF 2006,diesel,205502,11:38:00,11:49:00
205383,144,Gillig_102,Gillig HF 2006,diesel,205383,11:42:00,11:52:00
205184,145,Gillig_107,Gillig LF 37' 2009,diesel,205184,11:50:00,12:45:00
206886,703,Gillig_108,BYD_BEV,electric,206886,11:50:00,12:05:00
205370,143,Gillig_102,Gillig HF 2006,diesel,205370,11:49:00,11:59:00
205664,728,Gillig_108,BYD_BEV,electric,205664,11:45:00,12:10:00
206081,727,Gillig_108,BYD_BEV,electric,206081,11:45:00,12:00:00
205260,135,Gillig_102,Gillig HF 2006,diesel,205260,11:45:00,12:15:00
205485,140,Gillig_102,Gillig HF 2006,diesel,205485,11:45:00,11:56:00
205514,144,Gillig_102,Gillig HF 2006,diesel,205514,11:52:00,12:03:00
205731,138,Gillig_102,Gillig HF 2006,diesel,205731,11:45:00,12:20:00
204907,147,Gillig_101,Gillig LF 35' 2014,diesel,204907,11:55:51,11:58:44
206339,501,Gillig_106,Gillig 37' Hybrids 2009,hybrid,206339,12:00:00,13:20:00
206795,136,Gillig_102,Gillig HF 2006,diesel,206795,11:55:00,12:25:00
205355,140,Gillig_102,Gillig HF 2006,diesel,205355,11:56:00,12:06:00
207273,146,Gillig_107,Gillig LF 37' 2009,diesel,207273,11:55:00,12:20:00
205922,154,Gillig_101,Gillig LF 35' 2014,diesel,205922,11:56:00,12:20:00
206058,727,Gillig_108,BYD_BEV,electric,206058,12:00:00,12:15:00
205501,143,Gillig_102,Gillig HF 2006,diesel,205501,11:59:00,12:10:00
206963,703,Gillig_108,BYD_BEV,electric,206963,12:05:00,12:20:00
206285,120,Gillig_103,Gillig HF 35' 2002,diesel,206285,12:00:00,13:00:00
205382,144,Gillig_102,Gillig HF 2006,diesel,205382,12:03:00,12:13:00
206023,134,Gillig_103,Gillig HF 35' 2002,diesel,206023,12:00:00,12:25:00
204953,123,Gillig_103,Gillig HF 35' 2002,diesel,204953,12:05:00,12:40:00
205369,143,Gillig_102,Gillig HF 2006,diesel,205369,12:10:00,12:20:00
205484,140,Gillig_102,Gillig HF 2006,diesel,205484,12:06:00,12:17:00
206770,111,Gillig_103,Gillig HF 35' 2002,diesel,206770,12:15:00,12:45:00
205513,144,Gillig_102,Gillig HF 2006,diesel,205513,12:13:00,12:24:00
206080,727,Gillig_108,BYD_BEV,electric,206080,12:15:00,12:30:00
205918,506,Gillig_105,Gillig 35' Hybrids 2014,hybrid,205918,12:26:00,12:50:00
204906,146,Gillig_107,Gillig LF 37' 2009,diesel,204906,12:25:00,12:45:00
204952,147,Gillig_101,Gillig LF 35' 2014,diesel,204952,12:25:00,12:55:00
205354,140,Gillig_102,Gillig HF 2006,diesel,205354,12:17:00,12:27:00
206889,703,Gillig_108,BYD_BEV,electric,206889,12:20:00,12:35:00
205073,504,Gillig_105,Gillig 35' Hybrids 2014,hybrid,205073,12:20:00,12:50:00
205246,135,Gillig_102,Gillig HF 2006,diesel,205246,12:15:00,12:45:00
205381,144,Gillig_102,Gillig HF 2006,diesel,205381,12:24:00,12:34:00
206040,134,Gillig_103,Gillig HF 35' 2002,diesel,206040,12:25:00,12:50:00
205500,143,Gillig_102,Gillig HF 2006,diesel,205500,12:20:00,12:31:00
205755,138,Gillig_102,Gillig HF 2006,diesel,205755,12:20:00,12:55:00
206294,112,Gillig_103,Gillig HF 35' 2002,diesel,206294,11:45:00,12:45:00
205483,140,Gillig_102,Gillig HF 2006,diesel,205483,12:27:00,12:37:00
206057,727,Gillig_108,BYD_BEV,electric,206057,12:30:00,12:45:00
206293,752,Gillig_108,BYD_BEV,electric,206293,12:30:00,13:30:00
205750,136,Gillig_102,Gillig HF 2006,diesel,205750,12:25:00,13:00:00
205368,143,Gillig_102,Gillig HF 2006,diesel,205368,12:31:00,12:41:00
206966,703,Gillig_108,BYD_BEV,electric,206966,12:35:00,12:50:00
205512,144,Gillig_102,Gillig HF 2006,diesel,205512,12:34:00,12:44:00
205053,124,Gillig_103,Gillig HF 35' 2002,diesel,205053,12:41:00,13:25:00
205328,140,Gillig_102,Gillig HF 2006,diesel,205328,12:37:00,12:47:00
205353,144,Gillig_102,Gillig HF 2006,diesel,205353,12:44:00,12:54:00
205499,143,Gillig_102,Gillig HF 2006,diesel,205499,12:41:00,12:51:00
205165,123,Gillig_103,Gillig HF 35' 2002,diesel,205165,12:40:00,13:10:00
206079,727,Gillig_108,BYD_BEV,electric,206079,12:45:00,13:00:00
204905,504,Gillig_105,Gillig 35' Hybrids 2014,hybrid,204905,12:55:03,12:57:40
206292,129,Gillig_103,Gillig HF 35' 2002,diesel,206292,12:51:00,14:00:00
206337,112,Gillig_103,Gillig HF 35' 2002,diesel,206337,12:45:00,13:45:00
206789,111,Gillig_103,Gillig HF 35' 2002,diesel,206789,12:45:00,13:15:00
205259,135,Gillig_102,Gillig HF 2006,diesel,205259,12:45:00,13:15:00
205458,140,Gillig_102,Gillig HF 2006,diesel,205458,12:47:00,12:57:00
205331,143,Gillig_102,Gillig HF 2006,diesel,205331,12:51:00,13:01:00
206892,703,Gillig_108,BYD_BEV,electric,206892,12:50:00,13:05:00
206024,134,Gillig_103,Gillig HF 35' 2002,diesel,206024,12:50:00,13:15:00
205482,144,Gillig_102,Gillig HF 2006,diesel,205482,12:54:00,13:04:00
207274,147,Gillig_101,Gillig LF 35' 2014,diesel,207274,13:00:00,13:15:00
205327,140,Gillig_102,Gillig HF 2006,diesel,205327,12:57:00,13:07:00
204941,146,Gillig_107,Gillig LF 37' 2009,diesel,204941,13:00:00,13:35:00
205460,143,Gillig_102,Gillig HF 2006,diesel,205460,13:01:00,13:11:00
205352,144,Gillig_102,Gillig HF 2006,diesel,205352,13:04:00,13:14:00
205765,136,Gillig_102,Gillig HF 2006,diesel,205765,13:00:00,13:35:00
206056,727,Gillig_108,BYD_BEV,electric,206056,13:00:00,13:15:00
206327,120,Gillig_103,Gillig HF 35' 2002,diesel,206327,13:00:00,14:20:00
206969,703,Gillig_108,BYD_BEV,electric,206969,13:05:00,13:20:00
206769,138,Gillig_102,Gillig HF 2006,diesel,206769,12:55:00,13:25:00
205433,140,Gillig_102,Gillig HF 2006,diesel,205433,13:07:00,13:17:00
205330,143,Gillig_102,Gillig HF 2006,diesel,205330,13:11:00,13:21:00
206270,506,Gillig_105,Gillig 35' Hybrids 2014,hybrid,206270,13:15:00,14:15:00
205749,111,Gillig_103,Gillig HF 35' 2002,diesel,205749,13:15:00,13:50:00
205326,140,Gillig_102,Gillig HF 2006,diesel,205326,13:17:00,13:27:00
205481,144,Gillig_102,Gillig HF 2006,diesel,205481,13:14:00,13:24:00
206895,703,Gillig_108,BYD_BEV,electric,206895,13:20:00,13:35:00
205142,150,Gillig_101,Gillig LF 35' 2014,diesel,205142,13:16:00,14:10:00
206041,134,Gillig_103,Gillig HF 35' 2002,diesel,206041,13:15:00,13:40:00
205241,135,Gillig_102,Gillig HF 2006,diesel,205241,13:15:00,13:45:00
207275,147,Gillig_101,Gillig LF 35' 2014,diesel,207275,13:15:00,13:45:00
206078,727,Gillig_108,BYD_BEV,electric,206078,13:15:00,13:30:00
205069,123,Gillig_103,Gillig HF 35' 2002,diesel,205069,13:10:00,13:30:00
205459,143,Gillig_102,Gillig HF 2006,diesel,205459,13:21:00,13:31:00
205921,113,Gillig_103,Gillig HF 35' 2002,diesel,205921,13:21:00,13:45:00
204940,504,Gillig_105,Gillig 35' Hybrids 2014,hybrid,204940,13:25:00,14:00:00
206336,752,Gillig_108,BYD_BEV,electric,206336,13:30:00,14:30:00
205182,124,Gillig_103,Gillig HF 35' 2002,diesel,205182,13:25:00,14:00:00
206283,154,Gillig_101,Gillig LF 35' 2014,diesel,206283,12:45:00,13:45:00
205351,144,Gillig_102,Gillig HF 2006,diesel,205351,13:24:00,13:34:00
205329,143,Gillig_102,Gillig HF 2006,diesel,205329,13:31:00,13:41:00
205432,140,Gillig_102,Gillig HF 2006,diesel,205432,13:27:00,13:37:00
206055,727,Gillig_108,BYD_BEV,electric,206055,13:30:00,13:45:00
205164,146,Gillig_107,Gillig LF 37' 2009,diesel,205164,13:35:00,14:05:00
206972,703,Gillig_108,BYD_BEV,electric,206972,13:35:00,13:50:00
206768,136,Gillig_102,Gillig HF 2006,diesel,206768,13:35:00,14:05:00
205325,140,Gillig_102,Gillig HF 2006,diesel,205325,13:37:00,13:47:00
205480,144,Gillig_102,Gillig HF 2006,diesel,205480,13:34:00,13:44:00
204904,123,Gillig_103,Gillig HF 35' 2002,diesel,204904,13:40:00,13:49:41
206794,138,Gillig_102,Gillig HF 2006,diesel,206794,13:25:00,13:55:00
206325,154,Gillig_101,Gillig LF 35' 2014,diesel,206325,13:45:00,15:05:00
205191,133,Gillig_103,Gillig HF 35' 2002,diesel,205191,13:50:00,14:25:00
206025,134,Gillig_103,Gillig HF 35' 2002,diesel,206025,13:40:00,14:05:00
205431,143,Gillig_102,Gillig HF 2006,diesel,205431,13:41:00,13:51:00
205350,144,Gillig_102,Gillig HF 2006,diesel,205350,13:44:00,13:54:00
205777,111,Gillig_103,Gillig HF 35' 2002,diesel,205777,13:50:00,14:40:00
206898,703,Gillig_108,BYD_BEV,electric,206898,13:50:00,14:05:00
205412,140,Gillig_102,Gillig HF 2006,diesel,205412,13:47:00,13:57:00
206281,112,Gillig_103,Gillig HF 35' 2002,diesel,206281,13:45:00,14:45:00
205258,135,Gillig_102,Gillig HF 2006,diesel,205258,13:45:00,14:15:00
205324,143,Gillig_102,Gillig HF 2006,diesel,205324,13:51:00,14:01:00
206290,145,Gillig_107,Gillig LF 37' 2009,diesel,206290,13:56:00,15:05:00
206077,727,Gillig_108,BYD_BEV,electric,206077,13:45:00,14:00:00
205943,113,Gillig_103,Gillig HF 35' 2002,diesel,205943,13:45:00,14:03:00
206767,126,Gillig_103,Gillig HF 35' 2002,diesel,206767,13:51:00,14:30:00
205305,140,Gillig_102,Gillig HF 2006,diesel,205305,13:57:00,14:07:00
205479,144,Gillig_102,Gillig HF 2006,diesel,205479,13:54:00,14:04:00
204903,124,Gillig_103,Gillig HF 35' 2002,diesel,204903,14:01:46,14:08:20
206335,129,Gillig_103,Gillig HF 35' 2002,diesel,206335,14:00:00,15:20:00
206042,134,Gillig_103,Gillig HF 35' 2002,diesel,206042,14:05:00,14:30:00
205163,504,Gillig_105,Gillig 35' Hybrids 2014,hybrid,205163,14:00:00,14:30:00
205430,143,Gillig_102,Gillig HF 2006,diesel,205430,14:01:00,14:11:00
206054,727,Gillig_108,BYD_BEV,electric,206054,14:00:00,14:15:00
206975,703,Gillig_108,BYD_BEV,electric,206975,14:05:00,14:20:00
205349,144,Gillig_102,Gillig HF 2006,diesel,205349,14:04:00,14:14:00
205730,138,Gillig_102,Gillig HF 2006,diesel,205730,13:55:00,14:30:00
205052,147,Gillig_101,Gillig LF 35' 2014,diesel,205052,14:11:00,14:55:00
206788,136,Gillig_102,Gillig HF 2006,diesel,206788,14:05:00,14:35:00
205411,140,Gillig_102,Gillig HF 2006,diesel,205411,14:07:00,14:17:00
205072,146,Gillig_107,Gillig LF 37' 2009,diesel,205072,14:05:00,14:35:00
205323,143,Gillig_102,Gillig HF 2006,diesel,205323,14:11:00,14:21:00
205919,113,Gillig_103,Gillig HF 35' 2002,diesel,205919,14:05:00,14:25:00
204939,123,Gillig_103,Gillig HF 35' 2002,diesel,204939,14:15:00,15:00:00
205478,144,Gillig_102,Gillig HF 2006,diesel,205478,14:14:00,14:24:00
206314,506,Gillig_105,Gillig 35' Hybrids 2014,hybrid,206314,14:15:00,15:20:00
205304,140,Gillig_102,Gillig HF 2006,diesel,205304,14:17:00,14:27:00
206076,727,Gillig_108,BYD_BEV,electric,206076,14:15:00,14:45:00
205913,119,Gillig_103,Gillig HF 35' 2002,diesel,205913,14:16:00,14:40:00
205429,143,Gillig_102,Gillig HF 2006,diesel,205429,14:21:00,14:31:00
206279,133,Gillig_103,Gillig HF 35' 2002,diesel,206279,14:25:00,15:25:00
205245,135,Gillig_102,Gillig HF 2006,diesel,205245,14:15:00,14:45:00
205410,140,Gillig_102,Gillig HF 2006,diesel,205410,14:27:00,14:37:00
205348,144,Gillig_102,Gillig HF 2006,diesel,205348,14:24:00,14:34:00
205322,143,Gillig_102,Gillig HF 2006,diesel,205322,14:31:00,14:41:00
205941,113,Gillig_103,Gillig HF 35' 2002,diesel,205941,14:25:00,14:45:00
204902,146,Gillig_107,Gillig LF 37' 2009,diesel,204902,14:35:00,14:55:00
204938,124,Gillig_103,Gillig HF 35' 2002,diesel,204938,14:35:00,15:10:00
206026,134,Gillig_103,Gillig HF 35' 2002,diesel,206026,14:30:00,14:55:00
206053,725,Gillig_108,BYD_BEV,electric,206053,14:15:00,14:45:00
205748,136,Gillig_102,Gillig HF 2006,diesel,205748,14:35:00,15:10:00
205477,144,Gillig_102,Gillig HF 2006,diesel,205477,14:34:00,14:44:00
205303,140,Gillig_102,Gillig HF 2006,diesel,205303,14:37:00,14:47:00
206766,752,Gillig_108,BYD_BEV,electric,206766,14:30:00,15:00:00
205754,138,Gillig_102,Gillig HF 2006,diesel,205754,14:30:00,15:20:00
205747,501,Gillig_106,Gillig 37' Hybrids 2009,hybrid,205747,14:46:00,15:35:00
206323,112,Gillig_103,Gillig HF 35' 2002,diesel,206323,14:45:00,16:05:00
205071,504,Gillig_105,Gillig 35' Hybrids 2014,hybrid,205071,14:30:00,15:00:00
205428,143,Gillig_102,Gillig HF 2006,diesel,205428,14:41:00,14:51:00
205151,150,Gillig_101,Gillig LF 35' 2014,diesel,205151,14:10:00,15:20:00
205347,144,Gillig_102,Gillig HF 2006,diesel,205347,14:44:00,14:54:00
206075,725,Gillig_108,BYD_BEV,electric,206075,14:45:00,15:00:00
205409,140,Gillig_102,Gillig HF 2006,diesel,205409,14:47:00,14:57:00
205912,120,Gillig_103,Gillig HF 35' 2002,diesel,205912,14:51:00,15:15:00
206271,113,Gillig_103,Gillig HF 35' 2002,diesel,206271,14:45:00,15:45:00
205321,143,Gillig_102,Gillig HF 2006,diesel,205321,14:51:00,15:01:00
205257,135,Gillig_102,Gillig HF 2006,diesel,205257,14:45:00,15:15:00
206043,134,Gillig_103,Gillig HF 35' 2002,diesel,206043,14:55:00,15:20:00
205302,140,Gillig_102,Gillig HF 2006,diesel,205302,14:57:00,15:07:00
205476,144,Gillig_102,Gillig HF 2006,diesel,205476,14:54:00,15:04:00
205935,119,Gillig_103,Gillig HF 35' 2002,diesel,205935,14:40:00,15:00:00
204901,504,Gillig_105,Gillig 35' Hybrids 2014,hybrid,204901,15:03:44,15:09:23
206765,152,Gillig_101,Gillig LF 35' 2014,diesel,206765,15:01:00,15:40:00
206333,145,Gillig_107,Gillig LF 37' 2009,diesel,206333,15:05:00,16:05:00
206052,725,Gillig_108,BYD_BEV,electric,206052,15:00:00,15:15:00
205427,143,Gillig_102,Gillig HF 2006,diesel,205427,15:01:00,15:11:00
206786,752,Gillig_108,BYD_BEV,electric,206786,15:00:00,15:30:00
205346,144,Gillig_102,Gillig HF 2006,diesel,205346,15:04:00,15:14:00
205181,147,Gillig_101,Gillig LF 35' 2014,diesel,205181,14:55:00,15:30:00
205408,140,Gillig_102,Gillig HF 2006,diesel,205408,15:07:00,15:17:00
204937,146,Gillig_107,Gillig LF 37' 2009,diesel,204937,15:10:00,15:45:00
206289,119,Gillig_103,Gillig HF 35' 2002,diesel,206289,15:00:00,16:00:00
205776,136,Gillig_102,Gillig HF 2006,diesel,205776,15:10:00,15:45:00
205320,143,Gillig_102,Gillig HF 2006,diesel,205320,15:11:00,15:21:00
205162,124,Gillig_103,Gillig HF 35' 2002,diesel,205162,15:10:00,15:40:00
205475,144,Gillig_102,Gillig HF 2006,diesel,205475,15:14:00,15:24:00
205915,506,Gillig_105,Gillig 35' Hybrids 2014,hybrid,205915,15:20:00,15:40:00
206074,725,Gillig_108,BYD_BEV,electric,206074,15:15:00,15:30:00
206787,126,Gillig_103,Gillig HF 35' 2002,diesel,206787,14:30:00,15:10:00
206321,133,Gillig_103,Gillig HF 35' 2002,diesel,206321,15:25:00,16:45:00
205934,120,Gillig_103,Gillig HF 35' 2002,diesel,205934,15:15:00,15:30:00
205345,144,Gillig_102,Gillig HF 2006,diesel,205345,15:24:00,15:34:00
205426,143,Gillig_102,Gillig HF 2006,diesel,205426,15:21:00,15:31:00
206051,725,Gillig_108,BYD_BEV,electric,206051,15:30:00,15:45:00
205244,135,Gillig_102,Gillig HF 2006,diesel,205244,15:15:00,15:45:00
206287,132,Gillig_103,Gillig HF 35' 2002,diesel,206287,15:36:00,16:45:00
204900,147,Gillig_101,Gillig LF 35' 2014,diesel,204900,15:30:51,15:38:20
205746,120,Gillig_103,Gillig HF 35' 2002,diesel,205746,15:30:00,16:05:00
206027,134,Gillig_103,Gillig HF 35' 2002,diesel,206027,15:20:00,15:45:00
205319,143,Gillig_102,Gillig HF 2006,diesel,205319,15:31:00,15:41:00
205775,501,Gillig_106,Gillig 37' Hybrids 2009,hybrid,205775,15:35:00,16:10:00
204936,504,Gillig_105,Gillig 35' Hybrids 2014,hybrid,204936,15:35:00,16:10:00
206759,752,Gillig_108,BYD_BEV,electric,206759,15:40:00,16:10:00
205474,144,Gillig_102,Gillig HF 2006,diesel,205474,15:34:00,15:44:00
205301,140,Gillig_102,Gillig HF 2006,diesel,205301,15:17:00,15:27:00
205937,506,Gillig_105,Gillig 35' Hybrids 2014,hybrid,205937,15:40:00,15:55:00
205425,143,Gillig_102,Gillig HF 2006,diesel,205425,15:41:00,15:51:00
206793,152,Gillig_101,Gillig LF 35' 2014,diesel,206793,15:40:00,16:10:00
205051,146,Gillig_107,Gillig LF 37' 2009,diesel,205051,15:45:00,16:15:00
205914,137,Gillig_102,Gillig HF 2006,diesel,205914,15:51:00,16:15:00
206332,113,Gillig_103,Gillig HF 35' 2002,diesel,206332,15:45:00,16:45:00
205407,140,Gillig_102,Gillig HF 2006,diesel,205407,15:27:00,15:37:00
205138,130,Gillig_103,Gillig HF 35' 2002,diesel,205138,15:51:00,16:45:00
205344,144,Gillig_102,Gillig HF 2006,diesel,205344,15:44:00,15:54:00
205318,143,Gillig_102,Gillig HF 2006,diesel,205318,15:51:00,16:01:00
205139,136,Gillig_102,Gillig HF 2006,diesel,205139,15:50:00,16:25:00
206073,725,Gillig_108,BYD_BEV,electric,206073,15:45:00,16:00:00
205070,124,Gillig_103,Gillig HF 35' 2002,diesel,205070,15:40:00,16:30:00
205300,140,Gillig_102,Gillig HF 2006,diesel,205300,15:37:00,15:47:00
204899,506,Gillig_105,Gillig 35' Hybrids 2014,hybrid,204899,16:07:58,16:35:00
205473,144,Gillig_102,Gillig HF 2006,diesel,205473,15:54:00,16:04:00
204935,147,Gillig_101,Gillig LF 35' 2014,diesel,204935,16:05:00,16:40:00
205256,135,Gillig_102,Gillig HF 2006,diesel,205256,15:45:00,16:15:00
206050,725,Gillig_108,BYD_BEV,electric,206050,16:00:00,16:15:00
206125,129,Gillig_103,Gillig HF 35' 2002,diesel,206125,16:06:00,17:05:00
205343,144,Gillig_102,Gillig HF 2006,diesel,205343,16:04:00,16:14:00
206044,134,Gillig_103,Gillig HF 35' 2002,diesel,206044,15:45:00,16:10:00
205424,143,Gillig_102,Gillig HF 2006,diesel,205424,16:01:00,16:11:00
204898,154,Gillig_101,Gillig LF 35' 2014,diesel,204898,16:11:00,16:40:00
206764,501,Gillig_106,Gillig 37' Hybrids 2009,hybrid,206764,16:10:00,16:40:00
206308,145,Gillig_107,Gillig LF 37' 2009,diesel,206308,16:05:00,17:05:00
206331,119,Gillig_103,Gillig HF 35' 2002,diesel,206331,16:00:00,17:00:00
205405,140,Gillig_102,Gillig HF 2006,diesel,205405,16:07:00,16:17:00
205180,146,Gillig_107,Gillig LF 37' 2009,diesel,205180,16:15:00,16:50:00
205317,143,Gillig_102,Gillig HF 2006,diesel,205317,16:11:00,16:21:00
205745,152,Gillig_101,Gillig LF 35' 2014,diesel,205745,16:10:00,16:45:00
205774,120,Gillig_103,Gillig HF 35' 2002,diesel,205774,16:05:00,16:40:00
205160,126,Gillig_103,Gillig HF 35' 2002,diesel,205160,16:16:00,17:00:00
206277,111,Gillig_103,Gillig HF 35' 2002,diesel,206277,16:16:00,17:25:00
206780,752,Gillig_108,BYD_BEV,electric,206780,16:10:00,16:40:00
205161,504,Gillig_105,Gillig 35' Hybrids 2014,hybrid,205161,16:10:00,16:40:00
206072,725,Gillig_108,BYD_BEV,electric,206072,16:15:00,16:30:00
205472,144,Gillig_102,Gillig HF 2006,diesel,205472,16:14:00,16:24:00
205298,140,Gillig_102,Gillig HF 2006,diesel,205298,16:17:00,16:27:00
206028,134,Gillig_103,Gillig HF 35' 2002,diesel,206028,16:10:00,16:35:00
205423,143,Gillig_102,Gillig HF 2006,diesel,205423,16:21:00,16:31:00
206049,725,Gillig_108,BYD_BEV,electric,206049,16:30:00,16:45:00
205404,140,Gillig_102,Gillig HF 2006,diesel,205404,16:27:00,16:37:00
205152,136,Gillig_102,Gillig HF 2006,diesel,205152,16:25:00,17:35:00
205243,135,Gillig_102,Gillig HF 2006,diesel,205243,16:15:00,16:45:00
205342,144,Gillig_102,Gillig HF 2006,diesel,205342,16:24:00,16:34:00
205316,143,Gillig_102,Gillig HF 2006,diesel,205316,16:31:00,16:41:00
206124,112,Gillig_103,Gillig HF 35' 2002,diesel,206124,16:41:00,17:40:00
204934,506,Gillig_105,Gillig 35' Hybrids 2014,hybrid,204934,16:35:00,17:10:00
205297,140,Gillig_102,Gillig HF 2006,diesel,205297,16:37:00,16:47:00
206785,501,Gillig_106,Gillig 37' Hybrids 2009,hybrid,206785,16:40:00,17:10:00
205471,144,Gillig_102,Gillig HF 2006,diesel,205471,16:34:00,16:44:00
205153,130,Gillig_103,Gillig HF 35' 2002,diesel,205153,16:45:00,17:55:00
206071,725,Gillig_108,BYD_BEV,electric,206071,16:45:00,17:00:00
205137,123,Gillig_103,Gillig HF 35' 2002,diesel,205137,16:36:00,17:30:00
205729,752,Gillig_108,BYD_BEV,electric,205729,16:40:00,17:15:00
206045,134,Gillig_103,Gillig HF 35' 2002,diesel,206045,16:35:00,17:00:00
205422,143,Gillig_102,Gillig HF 2006,diesel,205422,16:41:00,16:51:00
205067,504,Gillig_105,Gillig 35' Hybrids 2014,hybrid,205067,16:40:00,17:10:00
204897,146,Gillig_107,Gillig LF 37' 2009,diesel,204897,16:56:36,16:59:23
205341,144,Gillig_102,Gillig HF 2006,diesel,205341,16:44:00,16:54:00
206071,727,Gillig_108,BYD_BEV,electric,206071,16:45:00,17:00:00
205054,147,Gillig_101,Gillig LF 35' 2014,diesel,205054,16:40:00,17:10:00
205773,152,Gillig_101,Gillig LF 35' 2014,diesel,205773,16:45:00,17:20:00
205403,140,Gillig_102,Gillig HF 2006,diesel,205403,16:47:00,16:57:00
206763,120,Gillig_103,Gillig HF 35' 2002,diesel,206763,16:40:00,17:10:00
205315,143,Gillig_102,Gillig HF 2006,diesel,205315,16:51:00,17:01:00
205255,135,Gillig_102,Gillig HF 2006,diesel,205255,16:45:00,17:15:00
205470,144,Gillig_102,Gillig HF 2006,diesel,205470,16:54:00,17:04:00
206280,113,Gillig_103,Gillig HF 35' 2002,diesel,206280,16:45:00,17:45:00
205296,140,Gillig_102,Gillig HF 2006,diesel,205296,16:57:00,17:07:00
206352,145,Gillig_107,Gillig LF 37' 2009,diesel,206352,17:05:00,18:05:00
205340,144,Gillig_102,Gillig HF 2006,diesel,205340,17:04:00,17:14:00
205421,143,Gillig_102,Gillig HF 2006,diesel,205421,17:01:00,17:11:00
206048,727,Gillig_108,BYD_BEV,electric,206048,17:00:00,17:15:00
206070,727,Gillig_108,BYD_BEV,electric,206070,17:15:00,17:30:00
206029,134,Gillig_103,Gillig HF 35' 2002,diesel,206029,17:00:00,17:25:00
206278,119,Gillig_103,Gillig HF 35' 2002,diesel,206278,17:00:00,18:00:00
205083,126,Gillig_103,Gillig HF 35' 2002,diesel,205083,17:00:00,17:30:00
205917,137,Gillig_102,Gillig HF 2006,diesel,205917,17:10:00,17:25:00
205179,147,Gillig_101,Gillig LF 35' 2014,diesel,205179,17:10:00,18:05:00
204896,504,Gillig_105,Gillig 35' Hybrids 2014,hybrid,204896,17:13:44,17:45:00
205402,140,Gillig_102,Gillig HF 2006,diesel,205402,17:07:00,17:17:00
205050,506,Gillig_105,Gillig 35' Hybrids 2014,hybrid,205050,17:10:00,17:40:00
205744,501,Gillig_106,Gillig 37' Hybrids 2009,hybrid,205744,17:10:00,17:45:00
205314,143,Gillig_102,Gillig HF 2006,diesel,205314,17:11:00,17:21:00
206784,120,Gillig_103,Gillig HF 35' 2002,diesel,206784,17:10:00,17:40:00
205753,752,Gillig_108,BYD_BEV,electric,205753,17:15:00,18:05:00
205469,144,Gillig_102,Gillig HF 2006,diesel,205469,17:14:00,17:24:00
206319,111,Gillig_103,Gillig HF 35' 2002,diesel,206319,17:25:00,18:30:00
204932,146,Gillig_107,Gillig LF 37' 2009,diesel,204932,17:25:00,18:00:00
205339,144,Gillig_102,Gillig HF 2006,diesel,205339,17:24:00,17:34:00
205420,143,Gillig_102,Gillig HF 2006,diesel,205420,17:21:00,17:31:00
206046,134,Gillig_103,Gillig HF 35' 2002,diesel,206046,17:25:00,17:50:00
206762,152,Gillig_101,Gillig LF 35' 2014,diesel,206762,17:20:00,17:50:00
205939,137,Gillig_102,Gillig HF 2006,diesel,205939,17:25:00,17:55:00
204895,126,Gillig_103,Gillig HF 35' 2002,diesel,204895,17:30:00,18:00:00
206123,127,Gillig_103,Gillig HF 35' 2002,diesel,206123,17:31:00,18:20:00
205313,143,Gillig_102,Gillig HF 2006,diesel,205313,17:31:00,17:41:00
205242,135,Gillig_102,Gillig HF 2006,diesel,205242,17:15:00,17:45:00
205468,144,Gillig_102,Gillig HF 2006,diesel,205468,17:34:00,17:44:00
205178,506,Gillig_105,Gillig 35' Hybrids 2014,hybrid,205178,17:40:00,18:10:00
205159,154,Gillig_101,Gillig LF 35' 2014,diesel,205159,17:30:00,18:00:00
205338,144,Gillig_102,Gillig HF 2006,diesel,205338,17:44:00,17:54:00
204931,504,Gillig_105,Gillig 35' Hybrids 2014,hybrid,204931,17:45:00,18:20:00
205419,143,Gillig_102,Gillig HF 2006,diesel,205419,17:41:00,17:51:00
206135,112,Gillig_103,Gillig HF 35' 2002,diesel,206135,17:40:00,18:20:00
205772,501,Gillig_106,Gillig 37' Hybrids 2009,hybrid,205772,17:45:00,18:20:00
206134,129,Gillig_103,Gillig HF 35' 2002,diesel,206134,17:05:00,18:05:00
206322,113,Gillig_103,Gillig HF 35' 2002,diesel,206322,17:45:00,19:00:00
205312,143,Gillig_102,Gillig HF 2006,diesel,205312,17:51:00,18:01:00
205743,120,Gillig_103,Gillig HF 35' 2002,diesel,205743,17:40:00,18:15:00
205154,123,Gillig_103,Gillig HF 35' 2002,diesel,205154,17:30:00,18:20:00
205254,135,Gillig_102,Gillig HF 2006,diesel,205254,17:45:00,18:25:00
206030,134,Gillig_103,Gillig HF 35' 2002,diesel,206030,17:50:00,18:15:00
205467,144,Gillig_102,Gillig HF 2006,diesel,205467,17:54:00,18:04:00
206320,119,Gillig_103,Gillig HF 35' 2002,diesel,206320,18:00:00,19:00:00
205337,144,Gillig_102,Gillig HF 2006,diesel,205337,18:04:00,18:14:00
205751,146,Gillig_107,Gillig LF 37' 2009,diesel,205751,18:00:00,18:30:00
204930,126,Gillig_103,Gillig HF 35' 2002,diesel,204930,18:00:00,18:30:00
205082,154,Gillig_101,Gillig LF 35' 2014,diesel,205082,18:00:00,18:30:00
205418,143,Gillig_102,Gillig HF 2006,diesel,205418,18:01:00,18:11:00
206783,152,Gillig_101,Gillig LF 35' 2014,diesel,206783,17:50:00,18:30:00
204894,506,Gillig_105,Gillig 35' Hybrids 2014,hybrid,204894,18:10:00,18:19:41
206031,134,Gillig_103,Gillig HF 35' 2002,diesel,206031,18:15:00,18:55:00
205466,144,Gillig_102,Gillig HF 2006,diesel,205466,18:14:00,18:24:00
205311,143,Gillig_102,Gillig HF 2006,diesel,205311,18:11:00,18:21:00
206273,145,Gillig_107,Gillig LF 37' 2009,diesel,206273,18:05:00,19:05:00
206761,501,Gillig_106,Gillig 37' Hybrids 2009,hybrid,206761,18:20:00,18:50:00
205066,504,Gillig_105,Gillig 35' Hybrids 2014,hybrid,205066,18:20:00,18:50:00
205771,120,Gillig_103,Gillig HF 35' 2002,diesel,205771,18:15:00,19:00:00
205417,143,Gillig_102,Gillig HF 2006,diesel,205417,18:21:00,18:31:00
205336,144,Gillig_102,Gillig HF 2006,diesel,205336,18:24:00,18:34:00
205910,112,Gillig_103,Gillig HF 35' 2002,diesel,205910,18:20:00,18:35:00
204893,154,Gillig_101,Gillig LF 35' 2014,diesel,204893,18:34:23,18:50:00
206276,111,Gillig_103,Gillig HF 35' 2002,diesel,206276,18:30:00,19:30:00
205136,123,Gillig_103,Gillig HF 35' 2002,diesel,205136,18:25:00,19:05:00
205770,146,Gillig_107,Gillig LF 37' 2009,diesel,205770,18:30:00,19:00:00
205310,143,Gillig_102,Gillig HF 2006,diesel,205310,18:31:00,18:41:00
205742,152,Gillig_101,Gillig LF 35' 2014,diesel,205742,18:30:00,19:00:00
205465,144,Gillig_102,Gillig HF 2006,diesel,205465,18:34:00,18:44:00
205158,126,Gillig_103,Gillig HF 35' 2002,diesel,205158,18:30:00,19:00:00
204929,506,Gillig_105,Gillig 35' Hybrids 2014,hybrid,204929,18:40:00,19:10:00
205335,144,Gillig_102,Gillig HF 2006,diesel,205335,18:44:00,18:54:00
205416,143,Gillig_102,Gillig HF 2006,diesel,205416,18:41:00,18:51:00
205932,112,Gillig_103,Gillig HF 35' 2002,diesel,205932,18:35:00,19:05:00
205177,504,Gillig_105,Gillig 35' Hybrids 2014,hybrid,205177,18:50:00,19:45:00
205309,143,Gillig_102,Gillig HF 2006,diesel,205309,18:51:00,19:01:00
206782,501,Gillig_106,Gillig 37' Hybrids 2009,hybrid,206782,18:50:00,19:30:00
205464,144,Gillig_102,Gillig HF 2006,diesel,205464,18:54:00,19:04:00
206316,145,Gillig_107,Gillig LF 37' 2009,diesel,206316,19:05:00,20:05:00
206760,146,Gillig_107,Gillig LF 37' 2009,diesel,206760,19:00:00,19:30:00
204928,154,Gillig_101,Gillig LF 35' 2014,diesel,204928,19:00:00,19:24:06
205334,144,Gillig_102,Gillig HF 2006,diesel,205334,19:04:00,19:14:00
205081,126,Gillig_103,Gillig HF 35' 2002,diesel,205081,19:00:00,19:30:00
205415,143,Gillig_102,Gillig HF 2006,diesel,205415,19:01:00,19:11:00
205769,152,Gillig_101,Gillig LF 35' 2014,diesel,205769,19:00:00,19:30:00
205909,127,Gillig_103,Gillig HF 35' 2002,diesel,205909,19:00:00,19:15:00
205155,123,Gillig_103,Gillig HF 35' 2002,diesel,205155,19:05:00,20:15:00
205308,143,Gillig_102,Gillig HF 2006,diesel,205308,19:11:00,19:21:00
205065,506,Gillig_105,Gillig 35' Hybrids 2014,hybrid,205065,19:10:00,19:40:00
205463,144,Gillig_102,Gillig HF 2006,diesel,205463,19:14:00,19:24:00
206305,119,Gillig_103,Gillig HF 35' 2002,diesel,206305,19:00:00,20:00:00
205931,127,Gillig_103,Gillig HF 35' 2002,diesel,205931,19:15:00,19:45:00
205333,144,Gillig_102,Gillig HF 2006,diesel,205333,19:24:00,19:34:00
205414,143,Gillig_102,Gillig HF 2006,diesel,205414,19:21:00,19:31:00
204892,126,Gillig_103,Gillig HF 35' 2002,diesel,204892,19:30:00,19:44:05
206318,111,Gillig_103,Gillig HF 35' 2002,diesel,206318,19:30:00,20:30:00
205157,154,Gillig_101,Gillig LF 35' 2014,diesel,205157,19:30:00,20:00:00
205307,143,Gillig_102,Gillig HF 2006,diesel,205307,19:31:00,19:41:00
206304,152,Gillig_101,Gillig LF 35' 2014,diesel,206304,19:35:00,20:30:00
205741,501,Gillig_106,Gillig 37' Hybrids 2009,hybrid,205741,19:30:00,20:00:00
206781,146,Gillig_107,Gillig LF 37' 2009,diesel,206781,19:30:00,20:10:00
205462,144,Gillig_102,Gillig HF 2006,diesel,205462,19:34:00,19:44:00
205176,506,Gillig_105,Gillig 35' Hybrids 2014,hybrid,205176,19:40:00,20:35:00
205332,144,Gillig_102,Gillig HF 2006,diesel,205332,19:44:00,19:54:00
205413,143,Gillig_102,Gillig HF 2006,diesel,205413,19:41:00,19:51:00
205461,144,Gillig_102,Gillig HF 2006,diesel,205461,19:54:00,20:14:00
206349,119,Gillig_103,Gillig HF 35' 2002,diesel,206349,20:00:00,21:00:00
206272,145,Gillig_107,Gillig LF 37' 2009,diesel,206272,20:05:00,21:05:00
205764,501,Gillig_106,Gillig 37' Hybrids 2009,hybrid,205764,20:00:00,20:25:00
205080,154,Gillig_101,Gillig LF 35' 2014,diesel,205080,20:00:00,20:30:00
204927,126,Gillig_103,Gillig HF 35' 2002,diesel,204927,20:00:00,20:28:31
205306,143,Gillig_102,Gillig HF 2006,diesel,205306,19:51:00,20:01:00
205398,143,Gillig_102,Gillig HF 2006,diesel,205398,20:21:00,20:36:00
204891,154,Gillig_101,Gillig LF 35' 2014,diesel,204891,20:40:45,21:00:00
206275,111,Gillig_103,Gillig HF 35' 2002,diesel,206275,20:30:00,21:30:00
206348,152,Gillig_101,Gillig LF 35' 2014,diesel,206348,20:30:00,21:30:00
205740,501,Gillig_106,Gillig 37' Hybrids 2009,hybrid,205740,20:30:00,21:00:00
205064,126,Gillig_103,Gillig HF 35' 2002,diesel,205064,20:30:00,21:00:00
206303,119,Gillig_103,Gillig HF 35' 2002,diesel,206303,21:00:00,21:55:00
205175,126,Gillig_103,Gillig HF 35' 2002,diesel,205175,21:00:00,21:30:00
204926,154,Gillig_101,Gillig LF 35' 2014,diesel,204926,21:00:00,21:21:50
205767,501,Gillig_106,Gillig 37' Hybrids 2009,hybrid,205767,21:00:00,21:25:00
206315,145,Gillig_107,Gillig LF 37' 2009,diesel,206315,21:05:00,22:20:00
206302,152,Gillig_101,Gillig LF 35' 2014,diesel,206302,21:30:00,22:30:00
206317,111,Gillig_103,Gillig HF 35' 2002,diesel,206317,21:30:00,22:30:00
205739,501,Gillig_106,Gillig 37' Hybrids 2009,hybrid,205739,21:30:00,22:00:00
205156,154,Gillig_101,Gillig LF 35' 2014,diesel,205156,21:30:00,22:00:00
204890,126,Gillig_103,Gillig HF 35' 2002,diesel,204890,21:39:32,22:00:00
206347,119,Gillig_103,Gillig HF 35' 2002,diesel,206347,21:55:00,23:05:00
205766,501,Gillig_106,Gillig 37' Hybrids 2009,hybrid,205766,22:00:00,22:50:00
205079,154,Gillig_101,Gillig LF 35' 2014,diesel,205079,22:00:00,22:30:00
204925,126,Gillig_103,Gillig HF 35' 2002,diesel,204925,22:00:00,22:26:01
206274,111,Gillig_103,Gillig HF 35' 2002,diesel,206274,22:30:00,23:30:00
204889,154,Gillig_101,Gillig LF 35' 2014,diesel,204889,22:37:34,23:00:00
205063,126,Gillig_103,Gillig HF 35' 2002,diesel,205063,22:30:00,23:00:00
206346,152,Gillig_101,Gillig LF 35' 2014,diesel,206346,22:30:00,23:40:00
205174,126,Gillig_103,Gillig HF 35' 2002,diesel,205174,23:00:00,23:30:00
204924,154,Gillig_101,Gillig LF 35' 2014,diesel,204924,23:00:00,23:24:25
206345,111,Gillig_103,Gillig HF 35' 2002,diesel,206345,23:30:00,24:40:00
205173,154,Gillig_101,Gillig LF 35' 2014,diesel,205173,23:30:00,23:55:00
204923,126,Gillig_103,Gillig HF 35' 2002,diesel,204923,23:32:43,23:55:00
204959,126,Gillig_103,Gillig HF 35' 2002,diesel,204959,23:55:00,24:40:00
205087,154,Gillig_101,Gillig LF 35' 2014,diesel,205087,23:55:00,24:40:00
